1.005172439343224,-2.371411437422436,-0.6144149984841266
0.5301504307688278,-2.4631896077605098,0.2186189693409811
0.0706105964983508,-1.0956777249166143,0.5319554494638203
-0.1457469981524833,0.0908147058925821,-0.6562878734392321
0.89853695393821,-0.2419923310304368,1.8754497700196635
-0.2070080945158437,-0.3738202731660884,-0.7623551928107519
-0.5181125484425687,-1.0287868822571733,0.3627000701968967
-0.2263417173085447,0.0663099279595394,-0.2784774088795219
-1.8221207387341036,-0.9316146374245656,0.2490668848112542
-0.7890920644149241,0.2064752077211037,0.4542140403261374
0.4784649125072224,-0.5966097552859514,-0.003422410958149
-0.4595164658924087,-0.7653309623831737,0.1450248966713364
-1.7637579458395076,-0.4323401587934233,-0.7511390025554197
0.8252348452023529,1.605153871787398,-0.3074429918338619
-1.212904235163052,0.7813909639267594,-0.6121124541250679
-0.7019673805736109,-1.154584489787857,-0.049227874882106
-0.4384257269846055,1.8646002986957264,0.910255635641537
0.4640709524363791,-0.060430942318449,0.6333143665671217
-0.5639226993917038,-1.3295077139964857,0.2656662273887552
-0.2829737922140878,0.5852660179868505,-0.3678725898115081
-0.1311006821102342,1.3322916099960205,0.359626037939337
-0.1125386815318893,-1.0458922734740563,-0.6264900589176229
0.4537504424436155,1.3818539754800307,0.5561397187092076
-1.3065285288313082,0.7486262901150648,0.3277512887212914
-1.2065281823897602,-1.4067363309992684,0.4859642956284345
-0.2493598701259786,-1.6107163842095953,-0.4646834596543823
0.6158294388072095,-1.3402671194824385,1.4722447799328484
-2.812486634954727,0.3021812464355621,1.6968414103740803
-0.5824091102351875,0.122449448307173,-0.2688530116339422
0.717525050984723,0.2191887526555273,-2.8366638019749684
0.8732238766157002,-0.0771282112729644,-0.2525447073714681
-1.459113041348907,0.2750191229331222,0.7310787987255972
-0.2558409473115415,-1.2491404239927657,-1.3981204832384206
0.6894081825431849,-0.344832926036522,0.3652209155083111
-0.6873181921666696,0.8124642902456551,2.5000189765936653
-0.5754967026808305,-1.7702194007329333,-0.4690878618008609
-0.1589351315522043,-0.6151001380822982,0.1838047003268557
-0.5045596402231812,0.3101665957617374,-1.460749371076087
-0.3346826299814865,-0.8915769466707574,-1.0121997847648727
-0.3457755117751604,-2.4842412981570474,-0.3315142838720567
1.2891193224694624,0.0237435915890246,0.0435713543295561
-1.370314064454443,-0.5188959744322316,-0.5071765683995035
1.035855971927498,-0.1875444223545122,-2.1050971597139303
0.4804603889961071,-0.1995878105432642,3.004832400698453
1.3492329622090715,0.283827772221681,-0.8364393931916846
0.1889360831355143,-0.2955754765131073,-0.5460385601823055
0.1907117047725269,0.9219734456247892,1.346444797455632
-0.1867429905652914,0.2379974872328504,1.2436544869627923
-1.4363678655049088,-0.2247664027665158,-0.6981337950752495
-0.1429359933391065,0.7533585947431067,0.4539395780293843
0.0524735248637448,-0.4445311818087521,0.1171235445012413
0.9031386138949316,0.2039515629652681,2.6016573787133224
-3.408106516847483,0.1342521091081875,1.7363274285838457
-0.809227770727329,-0.4600345409219167,0.9055965973767208
0.5279822771753337,1.109350257494054,1.5253534554384989
0.8123812365976641,1.1477061252842238,0.7640138279540726
-1.2534096128954386,-0.878061484580918,1.578249670711851
0.9064532636558228,-1.1835572945171928,-0.9880040119730508
-0.8064713906277887,0.8695327430960544,0.1783686365925592
1.6214315023787844,1.814435624492864,0.1842240147084202
0.7045764552518026,-0.5038594226801677,-0.4321706040022486
-0.4596156925418475,0.7073718035433164,-2.0985924709735704
-1.0334661846416098,-2.5307674080545475,0.931850848007299
0.5191252020591748,-0.4405013682261509,0.5698382462591075
-0.7321932258806618,1.2367237776212263,-1.6291489457527653
1.253472783769713,-0.0684265251546733,-0.9524825448208798
-0.2286000355124744,0.8389678558298869,-0.2560788639681282
-0.1733852189830089,0.573593737843617,0.3327658914896881
0.5641369072327933,-0.2547898500640376,-0.7973398353612867
0.3799498459396059,-2.427487895250885,1.5805381480519618
1.4684798958006524,-1.2409921121451708,-0.8818393999627246
2.329335421701352,-0.0835592002185454,2.333980717401336
0.2269390270230133,-2.594631490967971,0.7852633746573946
0.2543849559813349,1.104249520098146,0.8966798856671637
0.7611860650407491,-0.1815508464293973,-1.5131427480519464
0.1025892578888588,1.029290118029039,1.2374491915836308
-0.3399875511838241,0.7896140787367398,-0.0542441544677796
0.2365615017225302,-1.3624652905790915,1.4701816009929338
0.4289923133643273,0.1213702720599788,-1.7714288325955243
0.9944963232184292,0.3445895607434833,0.3217729233600018
1.0243825576749672,0.7696495384441933,-1.1917190486978917
-1.5338763752324809,-0.2333855559198045,-1.783873972757852
-0.1559738394821949,-2.7810500527350364,-2.149229352943101
-0.860233625819753,1.88584845918356,0.9185664224204604
-2.0125166232364418,-1.0103886941304263,0.6848539500449645
1.672306923993178,-0.141144786454813,0.2676695955809118
-0.7772548503989347,0.4112876792332747,1.3422418791082464
0.4290412305697419,1.7083174529638818,-1.542754690799052
0.909680213464345,0.0675157207780294,0.3533690727049903
-0.6702616726362046,0.4227578978838268,1.2654807522344007
-0.2892472481282873,-0.2940944529418892,0.4560750959528108
0.0222155454168424,0.3766979525404432,0.7607062793359898
-1.5074591406573394,1.1152837864145155,2.020388974010387
0.1367937148612399,-0.6728407874031495,0.254443905758889
-0.8580235076297182,1.3097973556126263,-1.0639787312199147
-1.1779950599733393,-0.0258872006799374,0.6780792871573729
-0.5158563083990666,1.6216095920897848,1.2296420662733742
-1.0692672096328382,-1.4097219773842329,-1.3088020961744051
0.6771228944040993,-0.9680595042946236,-0.4156300359987229
0.3506215942679885,1.1796393867796025,-0.3951689184775073
0.4790637825321837,-1.3287204140639937,1.9473247070428967
3.31156683885288,0.1917344885136065,-0.2212234873073399
-0.2441050610150445,-1.4657260827551648,0.0257763473008259
-0.4236646469234679,1.1877319121934546,2.339698022574813
-0.7878586831993599,0.0266515386176928,-1.3168315079936157
-1.0267554252264648,-1.0944074505592198,0.1835637400048765
-0.6198683810669737,-0.0895642649678424,0.1159267159035839
-0.5053461964859689,-0.6531687860603645,-0.3226559760075546
0.7325147917457753,-1.282812996168264,-0.3302289281468404
1.6050353046618802,0.7150376911333122,-0.0369791245914084
-0.4213441159124915,-0.1395663311352822,-0.6279188728924368
-0.7436091861462389,-0.4572777875229314,-0.4133144952386589
-1.2484337572683168,-0.655645316469967,1.1247381927726998
-1.2217129743389938,2.4962011814240204,-0.6255464683301679
0.9892665738430612,-2.20107581115336,1.062889129783464
-0.0409969526181139,-0.3615314207822088,1.8515009820403072
-1.0853953288089402,0.0644357276928405,-0.7739169163826218
-0.3747663957387105,1.7038429580525227,-0.1682628611304609
0.9662182680167968,-0.7893874098979715,2.3322271238814656
-1.8096233492136864,-0.1767717998633466,-0.0802589686492742
0.1561971376174358,0.4191933689690867,-0.6653106866387146
-0.2700468464488661,0.2392172804466145,-0.0874081063327638
0.1329838355121586,0.4411308195003547,-0.5191399074042594
0.0776497676493178,0.2805590439580517,-0.7077019330503784
1.0649372122557166,-0.2895689221634131,1.035190079681093
0.2277064375029256,-0.9460026992983218,-0.0319870772286014
0.0826587990031836,-0.1854446732761254,-1.548012613758432
-0.8661302867171392,-1.487239961573172,-1.2279679414111224
0.7052041088044833,-0.1002017547567927,-1.2266267814222351
1.691790924675431,-0.0944388823918749,0.460797812105427
-0.143130603302621,0.4198280268174753,-0.2457087852806007
-0.2761283192694686,0.0964985268924628,-0.1383495458960663
0.660514812297702,-0.3512421048118636,1.0714995214241667
-0.5878787290414067,0.0113809319245433,0.0130084898688782
0.9727649505585538,0.9533117959383076,-0.1910081795306888
0.8123470265068955,0.336885724777298,-0.6417262726714887
0.7162705277847171,0.7223617706521006,-0.8282194358837609
0.2620857475643851,-0.1390711034624895,-0.979598307223224
0.6310007813758554,-0.7184214981460958,1.08314602166116
-0.8393582893045021,-1.0492078135231149,-0.1761464849727761
0.2372290674930704,0.0340769749968139,-1.2363512288772356
0.459365391950699,0.8593654452394087,-1.369865198783058
0.4507063703702872,-0.03467492982436,-0.0964547830502279
0.5747335899821723,0.3535594330626443,0.4368786417730803
0.7054435745446616,0.5095067376363276,0.3629190637443105
0.2900656258172769,-0.9136633743541562,-0.2275885627166865
-0.1212868638339164,-0.4292319069597054,0.1452506234743268
0.0951007158151554,-0.0752210599164129,0.8379704554824868
-0.297060910099631,1.6498010989901069,0.8441019438054691
0.5679609768905373,0.8875383185486913,-2.1357713638201776
-1.03259450294906,-0.0868750771590917,0.4430734163097922
-0.4327324917362128,-1.4885586486418103,0.7424173687427343
1.1965466995339855,0.2945800561881272,0.5420731126884111
-0.5012685502300296,-1.0394170183176838,0.7104721848254975
2.2054469118862774,-1.2026616569970383,-0.7342394009168324
-0.0596928853684144,-0.8736232985873805,-0.8626180459806384
-0.9830338165111688,1.7930990259997448,-1.3190920007351563
-1.4408631695129608,-1.7392155739746684,0.8561603914243431
0.6183988124508756,0.9395941590771274,0.1555225724221396
1.121662593625238,-1.316631912302862,-1.330957710097891
-1.327258384312442,0.8287135775627872,-0.9077750477313185
-0.5974261435055465,1.7959414880846478,-0.1995986153001505
-0.9329058509649628,0.954023350883333,1.3281721248210232
0.6722653097236578,0.230227879697255,1.5862068571376808
-0.1307916417554587,1.6752247830569316,1.6035602345491242
0.8325923709837272,0.6938098485020655,0.497533262453136
-1.3915006371619645,0.3111311668890328,-0.4503430339818861
-0.2297832991806126,1.5328310637613396,-0.500074882594682
2.412922941782897,-0.3871917260746245,-0.4991790322617745
1.253423987770367,0.7679138727268908,1.3612500121132345
0.3345271095181654,-0.6286521378721435,0.3363882926072929
1.7084999356539194,-0.9436190273242312,-0.6342222078393018
0.2007763761914024,0.5097746159123724,0.446802918888445
-0.6611440669948102,1.0293005777156066,-1.1172870133506456
-0.8777156766866394,0.0038988630945646,0.3699602434088826
0.2054281027634978,-0.9038015680126048,-0.4454861806237017
0.209402149079599,1.0219007812728191,-0.3636208538590683
2.861301419799245,-0.2274484680097725,0.1586482311513917
-0.0180759998601054,0.0056734476516175,0.3259659825513801
-0.2424271715532164,-0.372988777686307,-0.0009995785578884
0.2688281914176206,0.8034772636307985,-0.071516407693021
-0.0107412541727675,-0.1594369622497842,0.4124732939601573
2.266640247807411,0.9783701401822288,-0.9081954715266788
0.2790577777360274,1.4089620280717543,-1.043947644219953
2.870383041674501,0.9323072980704362,1.305080701094139
1.416495089823416,0.0017899998737725,0.3751186982663715
-0.3793638495727434,1.1445481664918284,-0.0398764106425717
-0.3518275321847605,0.4746938568091263,-2.1185306299706075
-0.0039939413540134,-0.6303497483289892,-1.1792559004089138
-0.001213136346281,2.0482649315544808,-0.4859463630381703
-0.4764156227343072,-0.403855188500364,-0.6468970281296342
-0.6201153100650038,0.9365027573740196,-0.053154415820809
0.0417733456610409,-2.103270327502352,0.3439107097611941
-0.9120608312177472,-0.8064407319192965,-0.0989828192528903
0.9993217008671952,0.2215737731146564,0.1911843408720583
0.2936359007922223,-2.2654735560185464,-0.7034245866911178
-0.0842705106648625,0.2893925536962844,0.7565975621285943
-0.7188571495295717,0.4483353800484399,-0.4524165345273838
0.2043226424443637,-0.2321319597447111,0.5477866665925488
-0.935330587478905,-1.7757493632302226,-1.0238025844426415
-0.3871143156719108,-0.0755447723316299,-0.4072355227158188
0.0039497297666864,0.2679501773478677,-1.842632988709848
-0.0516008723672095,-0.904410162677051,-0.6131462763986568
0.7974905956477477,-0.0141921831782179,0.2208808554361068
0.2912456966439981,0.4301035707118131,0.3603016353976021
-0.0950400486170713,-1.1013056913218846,-0.4006738634902405
0.440751506822217,0.7420993736342869,0.1351087000401526
0.3998832225023838,-0.2778940101943568,1.9183784388876637
-2.428369213550272,-1.3780579111832911,0.2159174081274952
-1.1203908741208892,2.98572437626085,0.9390080670191784
0.6687069667936418,-0.3743527861068266,0.5655075934107973
-2.2783774754249224,0.4171169976314296,1.88601705753154
-1.2258797530818497,-0.2158586786216855,-0.8025369852174296
0.8949816427538867,-0.8309988606904812,0.8010524308726277
-0.1727201895067861,0.6342650843285773,-1.478377277298644
1.0756119862019606,-0.7161246263375185,0.4084321467459995
-1.4020935049955654,-0.9247843680455732,-0.1990027693684471
-0.995012454899972,-0.8628428034620951,-0.7968903698705941
0.304044299812222,0.2052589203212353,-0.0160079015578924
-0.1436254488884278,-0.4054178816573013,-2.116225598187342
-0.0503781121455397,-1.1784890830369652,0.2390173797507339
-1.9964478277831317,-0.4651502662812963,-1.5747226573466049
-1.3988738333530495,-1.5937025509692766,-0.3768262866798689
-1.398116628248647,0.1996643901451923,0.865603381241944
1.895738000738892,0.5777159698471768,-0.2035516977499478
-0.4786168759743325,-0.029856166569518,0.6129339487384056
0.0043158725603188,1.6565411745493868,0.5243912604864575
-0.1897139764790264,-0.8339552593411356,0.0985495268404568
-0.6540201941125909,1.8847481650708984,1.1372280061747428
-0.8120825710970293,0.5545547197219884,0.43892161068184
-1.9647199614456647,0.5755364299784513,1.8100275218597368
-0.1574119277725998,0.8700604349712454,0.9873889193666784
1.3601291290790058,1.2953255426929997,0.5726615006966355
1.7674594135612158,-0.5161727671478288,1.6966933583559374
1.2979336758790558,-0.613379914676018,-2.3514934527355567
-0.0540275524229916,-0.6163757369760754,0.7424007013413448
0.2166358589886693,0.4130039960685098,0.7528192289698115
-1.040736617899876,-1.8475865235622075,-0.8877177565608344
0.222855065276264,-1.099505404971373,0.2062016216004661
-0.0308840536664856,-0.7209367094668362,-0.8878759450729268
-0.1533841426239387,1.41679206523194,-0.7923831490290807
0.5021052880675417,0.6144571328733619,-0.6491763928316393
-0.7388351657060812,-1.8067054891295404,0.4754996399345423
0.56314728365636,-1.2626277998490134,-0.4922576584808458
0.684241902382767,-0.0320478183714081,1.5946657914789235
0.9361333446227974,-1.244140865943693,0.1884029847535461
-0.9456329202058208,0.906171465588943,0.3414723456888426
1.6317862470955862,0.8420551273933905,0.7074417484635056
0.6711060792256586,-0.3756205002458977,-0.0943208153807626
-0.4511552663343597,0.7810842781242554,1.878385792146027
-0.2247457671829487,-0.6202308320562526,0.5784055371253309
1.3955137962841884,-0.2709969832056504,-0.0092903317173754
1.095219778864275,-0.3204688505452434,0.1100524327028036
-0.1683821506691171,-1.0289762036053114,-0.2057257019280315
0.6698315037977111,-0.5741283154417198,0.1961777457638937
-0.1256760950736994,-0.5191972068762207,-0.1624426691931465
0.2589775156003152,-2.6152976408175763,0.7225105722940438
-0.1663874540510545,0.7179418157053266,0.7255589847436716
0.4745569260743825,0.2170088314988537,-0.1082409116786174
-0.4295169493130019,-0.5806890131203396,1.3343414602304795
-1.346611567856613,-0.9070871634743908,-0.3727985714218243
0.2150856415497533,-0.3266731913314074,0.8627788375341158
-0.5113031656968999,0.0366534228175642,-2.1930327845788127
-0.1391113776348536,-0.9079816708449228,-0.2633067633615906
-1.0170169074571591,-0.3412085694021974,-0.8179627864351234
-0.9949666116505528,0.9081775880930888,0.0660150531602501
1.0124782184031773,-0.6077804338255094,-0.368617941463378
0.6310620604206789,0.6311447654469748,0.3494080758077035
-0.2847695395506995,1.249910083178846,0.7194604922294593
0.1345411737047575,1.4461936428974718,0.7300511507986811
-1.5999152376832255,0.9240182419524856,1.4452516113124263
0.1418890817262868,0.4541935014139471,0.410367641172161
-0.3094980976390513,-1.2106083026957184,0.1983182388289298
-1.206666215340391,1.079749909073427,0.2086657177701535
0.0810537681900036,0.5733908777591886,-0.7196177597922844
-0.660222013009071,-0.1524339267213616,-1.780140426457382
0.2986708731103299,-0.5599821209165211,-0.5606305168811686
0.7233508755151105,0.0847830379075001,0.6232808066223514
-0.2557036295371943,-0.7011214633285244,1.794404321636392
0.4847496473819518,0.480759900032281,-0.5650132329126133
-0.1356825876952895,-0.0134842133828836,-0.5146250606896323
1.1117689827847088,2.0633666434607374,1.024437688462558
1.5689680475806704,2.0245226625243875,-0.9600268000368978
1.9430439942179607,0.1523447381449607,0.3418707772366228
-1.361339832729897,-0.6121543565349292,1.4039617646490914
-1.6805770112588871,0.4473748230964222,-0.5490245743911359
-1.9268917201297888,-2.028294274382065,-0.4735977414009867
1.1690121066480934,-0.7166336979870026,1.201428811235335
0.4853869812055234,0.7222390188667348,0.112839834800065
-0.1716216639108568,1.09249675584905,0.4206994289009273
-0.0567523170199008,-1.1882478487012142,0.2375301398825279
0.7433924146088338,-0.8353938009577723,-0.0140206665919193
0.7456495285345871,0.558768063460103,0.6616337971616122
-0.4535072997468224,1.0719439144662202,-0.789662392666293
-0.1152528935132715,-2.166852437960023,-0.0331482897407419
0.4475864995936749,-0.5282313743389272,0.0316691752282455
0.1010733742885969,1.0665428987531698,0.1974877857112027
-0.511494308670299,1.2956551863907733,-1.569169962609548
1.553121201827576,1.0684595379684412,0.4031591360167538
1.8500472724614383,1.5077905945814098,-0.9852978678349814
