sigma_11,sigma_12,sigma_22,sigma_13,sigma_23,sigma_33,alpha_11,alpha_12,alpha_22,alpha_13,alpha_23,alpha_33,nu_11,nu_12,nu_22,nu_13,nu_23,nu_33,tau_11,tau_12,tau_22,tau_13,tau_23,tau_33
0.525440631970492,-0.0563507641658556,0.132806815661403,-0.103919710607709,0.0657848873401362,0.745018107536384,0.0981122181311358,0.0957221994918488,0.0935015018971689,0.0444947100293508,0.0442653157565115,0.0332169104119643,0.624373284101147,2.40679759722483,0.438532998128328,1.7926047970933,1.49322738235813,1.67885983129605,0.531001134457669,0.0,0.722472255472909,0.0,0.0,0.208031061232578
0.005018089410545,0.0246545942216688,0.170301516507935,-0.0017546307239394,-0.0172297458889818,0.0171526628078871,0.28370163223001,0.284395435478565,0.285134242515404,0.397918609337693,0.399910757330066,2.22521200880547,1.37843613968509,1.37209457966084,1.364608702219,1.1107421393507,1.10376126511948,0.841789851305953,0.965224906982218,0.0,0.989682153756289,0.0,0.0,0.96556759916085
0.0052053269282975,-5.86944260949808e-59,0.795152407327807,-1.2320687786893202e-61,0.0532240686460762,0.0204022944762454,9.975759837298629e+48,0.608457030197945,0.430642855449908,0.0057508211782203,0.0057505648088932,0.0040664449887216,1.03060163846769,0.588180628762545,0.138865985804548,1.03388095822619,0.587970993532636,1.03024637348744,1.04282075165844,0.0,0.144053837451687,0.0,0.0,1.08077506198068
0.0278769571884269,0.0087412806719718,0.0160674231681882,-0.0048944488345798,-0.0075044002544499,0.0036136487679128,0.500353578696531,0.691189114827689,2.28592136483253,0.693810547672051,2.3862579002057,2.50251249277319,1.44060906265135,1.26549934001768,1.0889679143871,1.14627457160775,0.970347698115619,0.850296791342245,0.878507955352996,0.0,0.904172677598083,0.0,0.0,1.11919215861634
0.0031710076239518,1.29190509584052e-06,3.69882494873297e-06,-0.0078356135525344,-3.57209279895441e-06,0.0223571818845199,17.4082621509736,19.3323078561998,488.132548871548,17.726534301933,20.4156422948415,18.4639506718976,1.093130062896,1.06519462686128,1.02821204588885,1.06940651989541,1.03704741615879,1.03690817329047,1.14948842586798,0.0,0.789020827720684,0.0,0.0,0.994688889688051
0.0658832274274361,0.0222575781460415,0.007988181644076,0.0144467749188639,0.0056964886247727,0.024312197747596,0.562460663460052,0.635460063386755,0.747170353456405,0.79505177401968,1.05585673836993,34.4879290655829,1.59658571323874,1.25814761850831,0.91947583389254,0.940573557454483,0.60199057621256,0.284107437413673,0.815251006028918,0.0,1.01173028186979,0.0,0.0,0.945406916483859
0.0362366417712867,0.0155892307562435,0.0166871644098365,0.02001688461677,0.0450164655748924,0.191120304034482,0.544725212524957,0.41711766808737,0.350835447978304,0.166632072498377,0.161391309052444,0.120685745470734,1.56066881177715,1.1124715095248,0.664009360453676,1.45934165645013,1.01098437080416,1.35756902402065,0.919336613167043,0.0,0.866114947777617,0.0,0.0,0.883879485791359
0.377367243294977,-0.0427050358819429,0.525702737090046,-1.25922335425511e-27,-5.37786336827919e-27,0.0302208003110743,0.0456119873130687,0.0567670598993051,0.0845269473379902,0.0645044186449502,0.119534874303136,25915087285264.6,1.72177093794331,1.45439692568839,1.18319594757496,1.37911947073772,1.10953745528136,1.03060192346798,0.553115862598272,0.0,0.603148805424003,0.0,0.0,0.839403091418251
0.104440928670016,-0.046646015641338,0.0490858874328028,0.0553571119101713,0.0005267486108655,0.0705784980916923,0.299382579432503,0.29730599788129,0.295282318960228,0.320136633926498,0.317605694495213,0.345920482391128,1.57624980264741,1.30459442180581,0.907996747086009,1.65171130380873,1.36874562563662,1.72503365612332,0.902377571083714,0.0,0.999893950474308,0.0,0.0,1.06490285276873
0.16623132277897,0.0572269122129039,0.141373900758482,-0.081962027207872,-0.0350027758237078,0.0504905126230009,0.146447451212304,0.128775249342579,0.116270443140282,0.136496766569233,0.121855285644098,0.128337518881625,1.29943502136878,1.23016943375221,1.1603710764917,1.02292769306572,0.953604013458372,0.746350776751672,0.904221201872534,0.0,0.932992150574362,0.0,0.0,0.771367653310062
2.08405123779749e-05,-5.079319699006109e-11,0.0206746424098302,-1.6970525543187e-11,1.07962527875372e-14,3.52292047069599e-06,1.72434142602843,2.4031220677881,50082.093397796,2.40312053034453,14.1418217294392,1501.54609481569,1.03108160774464,1.03584186879212,1.03060212983959,1.03584163808175,1.03560189912923,1.03060166841886,1.00398751916559,0.0,0.930241232460819,0.0,0.0,0.838884399272258
0.395636319681581,0.0366880871495151,1.04643886890939,0.0489298254647979,-0.113639916232369,0.729294807609948,0.0471819239381821,0.0253024002803288,0.0193356385934517,0.0056366053903062,0.0055395331427921,0.003999979664626,1.00527118047967,1.33811742383734,1.66840306586716,1.04647166359551,1.37798021671401,1.08474832955333,0.548285606472087,0.0,0.0223545084875281,0.0,0.0,0.187513249347188
0.105019184635828,-0.0068113272216707,1.0579588245982,-2.0335514929813602e-20,-8.28905857159137e-20,5.98193571890804e-06,0.0537419382614802,0.0232650002784255,0.0172803778204233,0.0760014804381131,0.0244381081894378,29672280.0822552,1.25142083804371,1.51044284761664,1.75933903749991,1.14605148144977,1.40001815013666,1.03060165102622,0.840577125586622,0.0,0.0189828215798717,0.0,0.0,0.895977705462964
0.0081449919925619,-1.07969941761063e-29,1.84502100735465e-06,0.0103774832973909,-5.14501790134707e-24,0.0167972650485996,21.4195994941204,21.6658298951353,45835433712191.2,19.9343091422609,20.7784630308485,19.1282919703956,1.06739007172454,1.05350615631173,1.03060165162055,1.07800982723609,1.05963280244857,1.07965594240864,1.09301671421757,0.0,1.12458191412957,0.0,0.0,1.06094776314455
0.0136608536589234,0.0066987221165272,0.154840563596479,-0.0275094124711965,-0.0793253550944199,0.539574602636588,3.86633620987353,0.117876230133876,0.0833732362033802,0.0686786902938722,0.0593487467152746,0.0485675420469214,0.300892695200501,0.954727121054191,1.6080936592812,1.03439881622681,1.68801339669872,1.76745518644441,0.877816612102645,0.0,0.823898084388945,0.0,0.0,0.572059671710295
0.00077850945036,0.0126217344240882,0.984945272484232,0.0007537829090154,0.049630384910429,0.357501293703567,0.0826420675913881,0.0340462686409685,0.0251658903204687,0.0061690521862735,0.0060866503039186,0.0043682686215663,1.09856546700497,1.49135684512512,1.87541628467484,1.07919451348626,1.46761255637079,1.05149060448712,1.14419437391058,0.0,0.0120282646227368,0.0,0.0,0.778140432067299
0.96690168236461,0.14632751930079,0.216489347948632,-0.0260485556050365,0.0606753160684735,0.0504707437128114,0.0280139186091198,0.0392729209809906,0.210997092815176,0.0382367311779956,0.131214232996926,0.103310272363799,1.94073744147992,1.09245330659936,0.244117542400718,1.59134039723447,0.743002098291547,1.24153319449311,0.0066124719750364,0.0,0.694331049310787,0.0,0.0,1.15498707449121
3.84026945883634e-06,8.56100517414483e-09,0.254539720172596,-1.94508680726788e-10,0.0876788170775072,0.0357165068826213,424.7308077421,0.101435268302309,0.0717274102396535,0.0826830560194843,0.0640895241320472,0.0584667484302739,1.03060224761765,1.09473646650629,1.15211242767508,0.99088908764008,1.0514877459839,0.944339505246425,1.1118601057017,0.0,0.72956568991426,0.0,0.0,0.746681892636935
0.0625675118731625,0.0920901497467343,0.906872619166392,0.0357864334484701,0.0671006310264945,0.0575883927388853,2.3847917607118,0.0453841159634991,0.0320944151716931,0.255124614578845,0.0446905727108673,0.180929792652867,0.241550155709403,0.848383113118152,1.45516514078333,0.726316166999822,1.33312181486743,1.21102339171661,0.881970995699549,0.0,0.0105651423622184,0.0,0.0,0.932069149507434
0.132842755039544,0.14394208042222,1.04823184126444,0.0183843548089409,0.183915219955217,0.280536207274578,0.0888050271598419,0.0170088614897257,0.0121389311208139,0.0955360329048258,0.017051445011274,0.104079011725924,0.712943275728999,1.08428565352626,1.45538521217152,0.579486201480566,0.95063818627916,0.445628781172076,0.82359031651464,0.0,0.020377148648655,0.0,0.0,0.886299204758787
0.0559316521443475,0.0570415413207076,0.277513437898828,0.0126746321047189,0.0977867634242196,0.138807234386571,5.34737587179349,1.06529753671926,0.760915453512211,0.109901672847495,0.109344485602829,0.0777210609001876,0.478740836888462,0.351112913157054,0.223448123175255,0.809446318485489,0.681779323321916,1.14007681589548,0.90576850383512,0.0,0.790025121058188,0.0,0.0,0.835660391007641
0.0101810562361432,-9.6726628409479e-25,0.0033438541818262,-2.96184485217336e-24,0.0185431585174479,0.180061623833742,944585130698573.0,0.189222710063861,0.133812609266773,0.0881841219018017,0.0799316215374372,0.0623567998711778,1.03078995722678,1.1088014355082,1.17565684663778,1.36324615138656,1.43578553387416,1.68459569579169,1.06576711455584,0.0,1.28316504051099,0.0,0.0,0.801733120084717
0.142305566034635,0.0054670818555581,0.242050540127366,2.0619001880614604e-09,-2.82298563130807e-09,1.4477688254766e-06,0.15410080649839,0.151015692672523,0.148125039583548,0.217905519815831,0.209457402763644,410.450685390931,1.72063600572865,1.92261572017279,2.11511796658067,1.3804495392156,1.57765957399416,1.03059871792934,0.863221913373041,0.0,0.833390272001452,0.0,0.0,0.957620818618008
0.376745247797412,0.0433301774461344,0.950907602731338,-0.0318299209415926,0.0349906372701058,0.0586310412306033,0.105151031209962,0.0344122827217604,0.0250121660163671,0.0182200490537369,0.0162945146652106,0.0129813382641917,0.993511649750342,1.54223017276742,2.0886930268759,1.02093774211871,1.5682626654538,1.04445551220307,0.609619798873149,0.0,0.0084790841745881,0.0,0.0,0.97483475059414
1.17529211710197e-06,-4.816815037135759e-13,9.75836792457588e-06,-2.3730881223782804e-15,-1.81741896975904e-11,1.50813202523077e-05,2913.73180083681,13.9517692936742,60.3422187715779,14.1415456764475,13.9513627737813,1181.32381268728,1.03060164426629,1.03560428009302,1.03060691591975,1.03560198938098,1.03560462520771,1.03060233449567,0.869950979636119,0.0,1.03605167006975,0.0,0.0,1.07460002159252
0.0714518536097255,0.0740542489024224,0.0773225121528007,0.0026240630708462,0.0028752121334471,0.0001889656463314,0.46451311923089,0.485334665842335,0.509239471332035,0.588730309540374,0.632998126343472,0.938933709994615,1.22126825319902,1.16240391261957,1.10350519238147,1.20916227267987,1.15023525728085,1.19608045772726,0.862357718672905,0.0,0.894671020710147,0.0,0.0,0.947332620844957
0.0077693784675643,0.0350594512878321,0.543117669703884,-0.0374458314442174,0.0138975791535148,1.11056138405666,0.0299695925224253,0.0357884569044325,0.0472386811234942,0.0369630607301058,0.0500436409317333,0.0534167876416804,0.986645786524166,1.41912212046165,1.83655529912189,0.85112465216204,1.27893726506561,0.708717149480097,1.06787056359802,0.0,0.505570200685383,0.0,0.0,0.0325663698301272
0.877089657834659,-0.0935716137739533,0.120374310530278,-0.0540465428321298,-0.0670036065419726,0.160278413955489,0.015000623473123,0.0211817514510339,0.27148983739896,0.0212045208779756,0.337317792599759,0.500050619124866,1.6033106065833,0.919748813220491,0.235986654446593,0.993121840236904,0.309426870964048,0.382652371003352,0.021825525442631,0.0,0.887241296899381,0.0,0.0,0.744414690171759
3.26677378347125e-06,-1.74595044264729e-07,0.0871107365204766,-8.77003427969841e-14,1.24260300627117e-05,1.55893231944971e-05,255.741074728875,1.1997637473242,0.851435276297273,0.0938744653690161,0.0935904772801295,0.0663807357313935,1.03060175455758,1.27821059336658,1.51581943217558,1.03511035221275,1.27771919102175,1.02961894986792,0.960393211144974,0.0,1.02090881445945,0.0,0.0,1.00084690668799
0.0521288129794851,-1.8575106129498102e-09,7.88074223844962e-06,0.0120065879767192,-5.4923424959330206e-09,0.0844411202450671,0.173510535026791,0.245344134352098,207.156271289264,0.123412449162245,0.142785563618801,0.100969767076745,1.33989808532207,1.19172280911039,1.03059989811738,1.23384142392125,1.07856913109673,1.11311447974056,0.943716805974327,0.0,1.02312608738673,0.0,0.0,0.878357436950828
0.188926725565815,0.0077508532196887,0.445106718098458,-0.0813503412200683,0.0520889981723385,0.680117956899395,0.0444449519582344,0.0540564408931285,0.074912684051411,0.0490750114074373,0.0630945921173872,0.0555389127025232,0.967479919895436,7.13108071953769,2.0634363828545,1.11490566523696,7.27657851327439,1.26219092374349,0.858820107850021,0.0,0.503564180008923,0.0,0.0,0.430509389319328
0.0576922380929617,0.0811725226452595,0.963555789717329,-1.60333504452094e-06,-9.2715918466625e-08,2.52441686991621e-06,3.86982071357118,0.110870515742702,0.0784159822231184,5.09308568450253,0.110893357381013,314.825637296174,0.126045149341365,0.215943065657456,0.305780974318979,0.578184717671131,0.667967673249752,1.02831110974828,1.03415174637489,0.0,0.0235322684716391,0.0,0.0,0.843839138539229
0.159864708343541,-0.0556836075543242,0.840020991091002,-0.030616443922162,-0.0679773767345189,0.544097028238001,0.0935294998475003,0.0367022164581698,0.0270132323815506,0.0716061641784452,0.0348563079417766,0.0602219817577745,1.28853796135116,1.09884573265194,0.908258992440859,2.5610819962582,2.36952887886372,2.33436313382364,0.821163773355134,0.0,0.22133045972292,0.0,0.0,0.417281401337621
0.0016945314019268,0.0056324961051572,0.0229054399971224,0.0019540609022468,0.0077485706716315,0.0029219023121659,1.64121153718315,1.4759764683967,1.35675787903403,1.7101987100631,1.52926555505741,1.80044718609729,1.13101459352133,1.36116851939466,1.58397901414054,1.09391593846169,1.32015207800566,1.04892967922712,0.953592433132889,0.0,0.934474005096805,0.0,0.0,0.96896361288546
4.95337866658438e-06,-4.05444158838603e-15,2.73041177470875e-05,1.90672350489049e-37,-1.10050978762135e-37,1.29062230594835e-06,1999.42775512603,0.0920551191504277,0.0650941780870609,14.141958749151,0.0920551191992111,41969870050274.2,1.03060164681285,1.03511737025832,1.02963309370379,1.0356016489497,1.03511737239517,1.03060165108656,0.920081961279099,0.0,0.953431578309516,0.0,0.0,0.842314449660787
0.253973237020264,0.0085863066898664,0.0509527932800658,-0.149209437448166,0.041166712936748,0.915631654393935,0.139438621270449,0.160873108588924,0.196736646893384,0.0293027604503198,0.0294651023817956,0.0209528516479839,0.770200701451303,0.83264214807159,0.894442532323572,1.15188196923883,1.21417864369325,1.53332670624962,0.620766145024971,0.0,0.989947363310691,0.0,0.0,0.097350906143614
8.83283845701948e-06,3.91540065547813e-05,0.965187823438543,-0.0002947678791378,-0.260646743626877,0.169146114419424,0.437806440841778,0.0157709670751575,0.0111553833187961,0.447515372866763,0.015771414982125,0.458321765966452,1.02656022042262,0.698138254309219,0.36893206433395,0.564899814244751,0.235935255605925,0.102371748917468,1.03816759069691,0.0,0.0463505256607026,0.0,0.0,1.00659491761115
0.0236523664510907,1.60977283852654e-12,0.236168965391891,-1.3200901576409e-14,-0.0832228482603616,0.102020089025485,58735.9526034933,0.162671647881728,0.115033736636237,0.127254659563502,0.100232192123973,0.0899862298120704,1.03060088049173,2.07338802076126,2.01852921179339,1.62332024174976,2.19728238173609,1.145513629688,1.0643453638968,0.0,0.727289492790546,0.0,0.0,0.846329576259674
0.0529362844259211,-0.0144272836949343,0.920588869802496,-0.0641566325883662,0.103103399437814,0.0997627226484309,0.261816069832196,0.0437978240211894,0.0311888209037208,0.271598518544968,0.0438413798263104,0.282637658680208,1.93117055984059,2.06987361456386,2.20819159722882,1.39445039642081,1.53307363328744,0.857631260984995,1.17706279232468,0.0,0.0051258394246922,0.0,0.0,0.926347762526402
1.01454268217193e-05,1.57090463197279e-14,3.01047003384022e-06,8.128449927717369e-12,-1.0722143483964499e-11,3.95964878147379e-06,0.164897882892796,0.233169119950169,922.212851775546,0.233159375907072,12.366842703318,18.0306059439834,1.02993002877359,1.03526596480739,1.03060190084118,1.03526849996164,1.03560443599544,1.03060697114969,0.952401052504732,0.0,0.986029116964777,0.0,0.0,0.979290689841711
0.768808897163411,-0.0491358414492067,0.0582647251637126,0.0979494989049527,0.0098271362353953,0.305836362887422,0.0157821147096896,0.0219464244278281,0.0852590175020431,0.0112626469679454,0.0129696801872676,0.0092244733330727,1.98046134037887,1.56336135206953,1.14286315115876,1.45079502731834,1.03221355913572,0.918146311363168,0.0104806804205906,0.0,1.02245902278858,0.0,0.0,0.665619304380543
1.65569057359097e-06,-5.69153845444956e-16,1.02600433412693,4.5015500588684904e-17,-0.131323501124273,0.178444059565358,374481.298882906,0.0350057535194669,0.0247528815172499,0.0099082974620006,0.0095337538980651,0.0070062260448052,1.03060165102033,1.24865282244085,1.45990721021344,1.00432850870181,1.2188347532885,0.971186614954542,0.869644974765614,0.0,0.0350202933333073,0.0,0.0,0.883434662992892
0.0097753179486501,0.0665865462082127,0.493165483701057,6.44055848908332e-06,4.28728744889746e-05,0.0290537539041557,0.0977782692387244,0.0819601091319812,0.0719580261265024,0.138273073651617,0.101761537813245,306.298544108748,1.41385807899238,1.96046166845216,2.48476803615157,1.21705431392059,1.75370167240927,1.00434633295461,1.01665610088073,0.0,0.510710410626515,0.0,0.0,0.85624807565129
1.0035068281984,0.0445144818209313,0.11651387410026,0.0006545020796414,0.0075835300243712,0.0173645527825512,0.0178663166834302,0.0251660656250167,0.199525776258808,0.025263624001996,0.277867326204648,1.13463407934983,1.60650540365529,1.42078786588258,1.2343134369385,1.56838833614789,1.38223700101968,1.52896591661868,0.0264507691051357,0.0,0.826781710207865,0.0,0.0,0.884818110948595
1.04193608810066e-06,4.0744565856072e-17,0.836759927138797,6.84750268558281e-17,-0.130402323044484,0.903716340613259,2675433.07790424,0.0055585396778975,0.0039304814033191,0.0557831596858665,0.0055311479342259,0.0394449573291787,1.03060165102918,1.05296859206247,1.07196506211225,1.08447113817917,1.10505115786441,1.13491978295976,0.762401150583311,0.0,0.228524615436439,0.0,0.0,0.0134037139225275
0.873667070934121,-0.0758927357043023,0.0227248910164391,-0.0594606164803859,0.0240810895191649,0.570205669907446,0.262208438796539,0.367199153152118,1.87137338091337,0.0387578056347719,0.0389670477932089,0.0275568787302674,0.129053072031106,0.200787708270922,0.272507672780107,0.152822541669017,0.224549607371876,0.176553025274156,0.0442465304489468,0.0,0.897410714559223,0.0,0.0,0.523723664907421
1.49618186074716e-06,-2.50742899010043e-24,0.0080749961290585,1.78092853160381e-24,0.0182678564093975,0.843223355080117,78224735116009.9,0.151909084430572,0.107422136102119,0.0284574982153877,0.0279709867817072,0.0201225306708379,1.03060243104431,1.1518509417492,1.25600192364857,1.52147634589283,1.63446719678132,1.9953864968077,0.933083672964806,0.0,0.788341979015132,0.0,0.0,0.0100656266107533
0.139439686488708,-0.0659794013108111,0.409617553166618,0.0362957618351001,-0.118453918414168,0.440348018356843,0.0643288833051494,0.0683037531326783,0.0731215539286243,0.0541921560179708,0.0565055467968749,0.0477079766820671,1.2413605380478,4.89788406204949,1.86733088240259,3.23842803020429,1.25816583573269,0.390271244015837,0.940417057906319,0.0,0.498542235654753,0.0,0.0,0.612117501521894
2.06546166239364e-06,-8.97367417962069e-05,0.191193584206611,4.465603346964009e-22,2.81078049650351e-20,0.0457798848752841,0.461986142500682,0.077966559638569,0.0555283295635778,0.652650960533745,0.0785277061169725,689326973.173276,1.02551625533403,1.33931830569218,1.64316436064953,1.03304081067455,1.34186356970865,1.03060160685539,0.85386006506184,0.0,0.687301484811203,0.0,0.0,0.84294512622269
0.0538510146823534,0.164487396520771,0.844712670584199,-0.013180531414303,-0.0918215475442379,1.08973562117267,0.0178012155817064,0.0241679712509864,0.0610416463646076,0.0249798140273019,0.0793280885092851,0.142238289389076,1.15797706197531,0.693179238582902,0.228018766025919,0.697648826265762,0.232523302496707,0.236892690171241,0.98347442560816,0.0,0.0590184789048133,0.0,0.0,0.0277175758984915
0.000193826893825,-0.0019233818071664,0.0253470587891618,4.36083343317181e-08,-7.74787951084269e-07,1.44358283490217e-06,1.08962519786345,1.13882448562418,1.20213732712066,1.53290512636082,1.68957075895116,63.4553584044123,1.02780535192583,1.307143462771,1.57734188532529,1.03389242304017,1.30861451978929,1.03055954914138,1.10570453041792,0.0,0.796975096687066,0.0,0.0,0.87662302338008
0.0133534224415616,-0.0334807219527968,0.0932465817592352,-0.0095704389448526,0.0156181271800695,0.0448498483569929,0.354659830606239,0.415827660848997,0.525917452178088,0.336720729806273,0.387718740597244,0.321323762346601,1.40783258102386,1.04872019471526,0.689304927501191,1.50247461181442,1.14308764664298,1.59602318326869,0.952396449943636,0.0,0.997721004511943,0.0,0.0,0.84942098055653
1.01711792257195,-0.00027044307143,1.05267084435551,-0.135351785626515,0.0982268195777403,0.0916962314025902,0.0915818829469193,0.0277422665533708,0.0200829267871288,0.129408352107586,0.0284004155728453,2.34448154956783,0.240630562354405,1.19704394331861,2.15336841378701,0.175825111082311,1.13222303163781,0.111002100138438,0.0466378763750559,0.0,0.0103917124530828,0.0,0.0,0.810630743967898
4.48926518917859e-05,-3.3248279836765703e-25,0.0482043886063727,-4.09949565194735e-27,0.0016198613491688,0.862254561248351,2.8529844303775348e+16,2.39564370805243,1.7188230015824,0.0667381080721834,0.0667129687061531,0.0471914943872668,1.030601651259,1.26951728573339,1.50276809065702,0.869217920911197,1.10522309171817,0.702131281790493,0.765777718352695,0.0,0.972955141036896,0.0,0.0,0.0357128700504405
0.0140680753246245,5.41900868948643e-08,0.0139235703687457,-8.848367172077761e-21,-4.60743493715022e-19,2.79161591797096e-06,3590.12227094424,14.1395826019594,531.951749016513,14.1420807626872,14.1396374339172,8923530.32236769,1.03059419411228,1.03577290786188,1.03095162161148,1.03559792259471,1.03577663634431,1.03060165107715,1.19657018676843,0.0,0.932725072637232,0.0,0.0,0.956469814435655
0.115134837409044,-0.140001395548222,0.174234800713628,-3.1746373480072504e-17,4.72014923885e-17,0.0188840214388494,0.236450955520436,0.247622109308985,0.260584202913111,0.334330919938095,0.368446669145013,407261621.148274,0.21729345219642,0.238736197312409,0.260117367550384,0.624699414346571,0.646039372512797,1.0306015361363,0.804400473045238,0.0,0.673748245859667,0.0,0.0,0.978377756811547
1.29732290854062,-0.129534336733203,0.116617605782825,-0.09956759544326,-0.062379072319916,0.287613054527429,0.0249174114591151,0.0352025046088855,0.551109115570783,0.0335374654422057,0.10820370419205,0.0772612766540368,1.99758243263802,1.12687701805307,0.256089761903611,1.68617032240554,0.815429085696997,1.37464977438667,0.0098216738364297,0.0,1.0364080441486,0.0,0.0,0.854960286426393
0.141686566346375,-0.0354712600650136,0.0152597494342416,0.0330535606625835,-0.0176044050456139,0.0235196598738062,0.138619138692027,0.166379814995095,0.222470286035093,0.179198019995996,0.256308464409582,0.312538563381984,1.63503266151378,1.6057694935552,1.5756698650364,1.39079864369208,1.36108625953635,1.14591027356284,0.974736839920432,0.0,1.08258957348521,0.0,0.0,1.06549090073056
1.39910455108251e-06,1.92298920006411e-15,0.939834415170485,9.022056713768489e-18,-0.0343112978116278,0.0022622074481788,809805383.559807,0.108690589371888,0.076858110028254,0.129789569677752,0.0833314424483232,0.0917789289899289,1.03060165102559,0.747511785123748,0.447779064633782,1.13484351870311,0.843885939106679,1.22264730983083,0.715436945301746,0.0,0.0379227769211654,0.0,0.0,0.908258464093644
0.0129301645218812,-3.0648616213703295e-11,1.03620001751831e-05,4.42258715354598e-32,-2.20568913896426e-37,0.0151628723657337,275.869638721781,14.1328467813152,10283.1945027865,14.1328534551149,14.142128936773,1899029940597586.0,1.03040606798585,1.03550386078624,1.03060165358664,1.03550377467321,1.03560156747361,1.03060148136058,0.902187660467434,0.0,0.96216890090774,0.0,0.0,1.00582256847578
0.095429840834688,0.000348887773619,0.25572851161446,-0.0677152117669515,-0.0052717326086353,0.162843770959884,0.189839826324932,0.0202190795223473,0.014337772142868,0.183733614147558,0.0202113384254816,0.178184497856617,1.84380968566238,2.14527746137633,0.963844218704452,2.35028175687629,1.01811960000326,1.02920629316235,0.808346533664547,0.0,0.692699429628155,0.0,0.0,0.726746410540815
0.0268641530098959,2.9071426025104e-07,0.463670162694944,2.29596573060413e-08,0.0743811358085174,0.460397939784875,979.663033045716,0.0486114776783808,0.0343737085872599,0.0065814052260398,0.0065219044886257,0.0046537567690316,1.03113869200159,1.15488889859238,1.27095062908153,1.05359846060509,1.17343321097125,1.06833531257953,0.977031642750094,0.0,0.518401174240795,0.0,0.0,0.650244215771605
0.0043020834814869,-2.45948909925373e-08,1.01131552054729e-05,0.0231093353137093,-9.37935782423331e-08,0.175372323763612,0.241757869751887,0.341798795044738,225.122276656024,0.16262399655818,0.184876807435289,0.130738631337824,1.19898274525487,1.12117371243671,1.03050246212386,1.5765148795245,1.49157267789242,1.93924173071975,1.03933399938579,0.0,1.15780666948133,0.0,0.0,0.971930826683854
0.040735140089702,0.0177073741570562,0.0527414362105675,0.0269811350990333,0.023479556787723,0.0220272863961068,0.634835611941839,0.320592915311975,0.242705562732676,0.592216996850193,0.314667707422483,0.557177126363207,1.77993855082964,1.46530260755966,1.1486216551695,1.46891917943125,1.15415481231977,1.15780823674353,0.875701942010582,0.0,0.793780085949743,0.0,0.0,0.875594726792809
7.38457044387465e-05,3.06431527190661e-10,0.27939898133204,2.47466239506647e-10,0.0551965318431222,0.0815171321581955,330.495484483718,0.178658920895084,0.126340551570641,0.236900422991366,0.142649325616804,0.167536351432622,1.03037047981137,1.6038785946411,0.703468544869601,2.21026773785811,2.1488008853056,1.94771990078753,1.11005007020688,0.0,0.72315456939203,0.0,0.0,0.913395861840665
0.169622554862652,-0.0878773415663511,0.138817691793238,0.0317131303120175,0.036061814176429,0.0394686232633575,0.117744107789789,0.111027181725658,0.105347181252981,0.129241072235286,0.120511556784974,0.144945653275874,1.61629975071599,1.60078870489622,1.58288953875456,1.22697724319271,1.21048516961682,0.835981213406909,0.79512658717112,0.0,0.917890700029415,0.0,0.0,0.860949470011379
0.145685554236454,0.0169837525223998,0.041381886537269,-0.0282836093375879,-0.0420563028114275,0.192092228654265,0.109564464483513,0.142198646989763,0.253141889281376,0.139221881641404,0.237402635071035,0.224281040081856,1.70035082708806,2.23540329553019,1.79973614050416,3.81089854624783,3.78947847800683,1.87809548132707,0.95593314453523,0.0,0.931983126362348,0.0,0.0,0.794374096445374
0.098893220918946,-0.0002382006498854,0.0025620916384539,0.139289717317853,-2.0656170413019e-05,0.482124437119481,0.324143748179401,0.458055679951817,15.039188318262,0.0210925271440018,0.0211148802117607,0.0149304992856259,0.188049269802847,0.626004555139649,1.06337677855998,0.199870034605743,0.637774365516315,0.211645407430321,0.837689085110291,0.0,0.904361958733433,0.0,0.0,0.461101608190548
4.73186448061134e-05,1.6997842894278501e-09,3.36849719046572e-06,-0.0002296013752579,-2.61520310831682e-07,0.0178486020959098,0.114893043537611,0.162472542855152,171.857524687205,0.159395680933576,0.821532196832657,0.581896775187081,1.03503968755477,1.03716326982817,1.02954091631125,1.11510953190451,1.11237849343674,1.1854836530585,0.987663718323368,0.0,0.960730803785444,0.0,0.0,0.962091856013884
0.148667388991182,-2.5501177552662e-16,0.0410712567666814,-0.0082704219313539,-3.43901707916222e-16,0.102533881586848,0.121690124597306,0.172082738732024,167313597.732301,0.135083986653506,0.218025918913387,0.154186502571615,1.65236811756928,1.34430802946876,1.03060173978795,1.66888871534565,1.35884168730373,1.68194091638451,0.753167907032403,0.0,0.805818478049162,0.0,0.0,1.00168878755267
0.0138394066178459,1.21679732561113e-08,3.37644231870191e-06,1.21515158921867e-06,-1.19924761735381e-09,1.11456889104071,565.126867919928,14.112358999173,159.89729478221,0.0280926737909599,0.0280926735915261,0.0198645593442521,1.03133318548927,1.0359680192837,1.03060285307813,1.47221302457215,1.47184785836658,1.90309286365503,0.936595189896203,0.0,0.99287892534984,0.0,0.0,0.0133632155544242
0.0046165859040135,2.12434452307095e-16,4.4136658669559e-06,-0.0112057840234052,-4.3516485327782003e-16,0.0296185547510378,0.59573657491018,0.841398335217926,2521957.14455123,0.517858734158759,0.656450240476645,0.46453112570625,1.09623440616748,1.06685679088636,1.03060165106125,1.16880730736212,1.13646892673781,1.23578349621903,1.00883539017727,0.0,0.801245341025896,0.0,0.0,0.855165114177358
0.65465552926013,0.0691178538010807,0.466409974042289,3.92366402381789e-07,2.18249040077347e-08,6.62691316197055e-07,0.0299771684201292,0.0063427353468157,0.004536046897737,0.0423929294466125,0.006414934923757,4.3682019278002,1.51192422470957,1.28602756361445,1.05399157977137,1.27460036553522,1.04552503052087,1.03045984653712,0.291283861442334,0.0,0.500395927598948,0.0,0.0,0.945808264327022
0.0012087541673934,5.24887727657039e-34,0.0783898831558733,1.56106985556668e-37,-3.09769195414304e-06,1.83443948418809e-05,1.4264716067782266e+16,0.622596411075582,0.440669388930524,13.658231958646,0.622552906512951,37.2382925260748,1.03060165234942,1.36441799775768,1.68823434316594,1.03560303674955,1.36441938215782,1.03060442114969,0.976280143729622,0.0,0.913421167477029,0.0,0.0,0.965961689024896
0.0147694910650767,0.0540721518768906,0.307176012362572,-0.0188931563457411,-0.0936836548811142,0.0681730759290378,2.41697943942651,2.76985048568976,3.34284621487831,0.427613816039627,0.429220582562279,0.304772048333236,0.407053044636942,0.251753249306737,0.0964395361714592,0.552928886432375,0.397618814044834,0.698779772670473,0.968841502929496,0.0,0.751467997640973,0.0,0.0,0.93092645013918
0.124039567665401,-1.319219654687e-07,0.0054489050040204,3.62816810642314e-10,-2.60179388494209e-12,4.97139972189095e-06,0.14322166469821,0.20252524990063,2382.76788362318,0.202525228722518,14.1346814460453,310.475046674744,1.62169779281896,1.33116617650247,1.03063456018598,1.33114987933484,1.03561826301835,1.03060196585072,0.818630312800966,0.0,0.81573454614657,0.0,0.0,1.07133419857087
6.99136769155514e-05,-8.62404609746456e-06,0.139470368619839,1.00090861510119e-05,0.0204646474199542,0.154172912346337,0.0356633026772007,0.0422816089477492,0.0548423985045678,0.0488445764646801,0.0721186676682172,0.138618205688089,1.06178811433849,1.36514064873891,1.65849469101668,1.24242441296194,1.54077767640914,1.41306220809595,0.965553828740043,0.0,0.785540882763282,0.0,0.0,0.832529840206069
0.176155619179661,0.0213184126020058,0.0191076314254004,0.0130869470827146,0.0452068057075239,0.12707251782507,0.100556719239961,0.113472103167513,0.133128319356451,0.120811519128092,0.145434933160942,0.161958042264252,1.99024509878828,1.77200406711557,1.5318541579575,1.72796112098689,1.50174119035471,1.45716778064991,0.695704404129082,0.0,0.884672972901817,0.0,0.0,0.942143965956565
0.933447442571614,0.0880141357804787,0.645167849039368,-0.062415628051413,0.0701517037993199,0.796972745257533,0.0280178574811595,0.0340639962628902,0.0471553824717824,0.0319677192352044,0.0420164046804245,0.0382589736728306,0.523593484986008,3.10929581979346,1.56073685000408,0.486814688545094,3.07176776506091,0.449870102038165,0.0585332095008846,0.0,0.217441930322158,0.0,0.0,0.0717241828668197
0.0352758800507424,-0.0281892976364042,0.0232804910305245,-2.57916895973068e-06,2.22392238126317e-06,2.45886174623929e-06,4.04880732506591,4.09819637853104,4.15248664705511,5.63646151649425,5.78534622638364,218.86344453684,1.32714646544258,1.29883150849576,1.26689648895876,1.18030872309184,1.14988035332286,1.02772566802555,0.982396262085575,0.0,0.872061028063066,0.0,0.0,0.884277830600158
1.23281371608429e-06,1.73385431990067e-10,0.0715946930002596,-4.768031532275801e-10,-0.0434511387801654,0.0459653559021407,394.861271534868,0.155348242279083,0.109854632456419,0.0912280721081311,0.0786677408228096,0.0645093717294097,1.03060051601308,1.28854944413285,1.54209794209306,1.26790993058534,1.52335648323686,1.50066112144162,0.948499081294002,0.0,0.852517422684969,0.0,0.0,0.752997780877476
4.74570250532508e-06,7.0586605400528806e-15,0.132191038691427,1.12993555029575e-16,-0.0484592442773327,0.103650121046978,317849394.160686,0.131946519429839,0.0933043325187295,0.053000522356974,0.0491814723037374,0.037477291498924,1.03060434527007,1.35023669345734,1.66367872353077,1.023297545035,1.33970822684833,1.00973820528557,1.01218762118021,0.0,0.813535607004436,0.0,0.0,0.862780541509594
0.0807578529939131,-0.005495454772321,0.144530582505995,-0.0007036689281203,-0.0734084777182859,0.13672733339435,0.636234062521859,0.319586137236635,0.241811637119624,0.0747009201091339,0.0732212912108904,0.0530052363930955,1.47571568415235,1.18551334294865,0.894831812906708,1.56981033156478,1.27930936630789,1.66341193430492,1.1612136416275,0.0,0.964048880276419,0.0,0.0,0.873670348803563
2.51871227974732e-06,-6.25916145991237e-06,0.0026009140979545,6.40168688461534e-05,-0.0093378648209028,0.040325688177628,0.577545676831709,0.51015992919445,0.462353506429784,0.386699307013191,0.364487416556193,0.310564688965363,1.02674799402183,1.12727224159616,1.21697231987934,1.34146313810447,1.43669974747619,1.64544965956203,0.911013590805617,0.0,0.888247905056774,0.0,0.0,0.849995087182775
0.941649738423992,0.0999800793066621,0.849367230059044,0.124975476251409,0.0017033703630021,0.14640159640943,0.0288560271272802,1.86219871387357e-05,1.31677347559571e-05,0.0406109629761678,1.86219890586906e-05,0.292274708218622,0.313160317744343,0.58480860355959,0.856196359047312,0.442819277774645,0.714427705086798,0.572427123543763,0.0173285687108654,0.0,0.0766646790830108,0.0,0.0,0.938477110326446
0.057866779758575,-0.0188292859568341,0.0144416360900011,-0.033733901882358,0.0245671215179987,0.0426819906957212,0.23602931124694,0.321699809031989,0.852952015221265,0.316642550103828,0.770206213508888,0.70768642148631,1.76406738871744,1.31773504125003,0.871217580093378,1.39443429138813,0.947987948512583,1.02459558704866,0.822300920683231,0.0,0.797362628167049,0.0,0.0,0.978651205011671
0.306011295820013,-0.063738030861819,0.0362451132847802,-0.0529292539446958,0.0159609199586009,0.0305732735686415,0.0916031896142246,0.128697394073039,0.79784054094722,0.0563676726107,0.0625085639261239,0.0442685373779103,1.71295354312109,1.03184270511086,0.350576675617531,1.44836912923522,0.767171648449297,1.18360647888936,0.671087645331294,0.0,0.984024771569857,0.0,0.0,0.913388807042447
0.156178291306309,0.0226440551677501,0.152392590482173,-0.085478221281049,0.0546693644612032,0.0816661476713582,0.135753561480794,0.127726323899277,0.120974532324787,0.138176844120705,0.129738951868141,0.140735764595749,1.45165493764875,1.60269179403727,1.73251346386493,1.63499183218004,1.7774405833104,1.8018633282466,0.646376934797774,0.0,0.767983977846403,0.0,0.0,0.993664774260401
0.0229001980666333,-2.09030952494888e-21,1.10763624543274,-1.2862509331633e-23,0.0094956451676672,0.0027770882330822,2022509067238.03,0.027712393904274,0.019595659274907,0.0056123505390285,0.005500679634743,0.0039685314370475,1.03060144169434,1.2995946359984,1.55983472994543,1.03610419337492,1.30066787371295,1.03282839714929,1.01927670582702,0.0,0.0293855594482428,0.0,0.0,0.993042182936884
0.0352974739362519,-0.0123309358255022,0.0266970174026023,0.0021759334819133,-0.0222011661201694,0.0241338285793261,0.281989081711589,0.398447880193924,6.83269367745387,0.397944993514831,5.17283314120031,4.33488223305778,1.21982246662986,0.802792304598286,0.384885524788724,1.23610988262872,0.818603773180762,1.25130384162895,0.948431116800974,0.0,1.04843291013908,0.0,0.0,0.900304226918023
0.0173503974228001,-0.0979273856669167,1.00899850244242,4.49821838424441e-05,-0.0001736775377196,4.78695967800593e-06,0.0474835409425819,0.0288971030450272,0.0226365053049553,0.0669064704162489,0.031986152862795,0.554741011078358,1.5784392142841,1.87509643970083,2.16834591346308,1.3048239857783,1.59990806041796,1.0285183389953,0.950425466183444,0.0,0.0078074320247373,0.0,0.0,0.937063556171916
0.845680084292084,0.0729156762001654,0.63301048767203,1.43755789035034e-26,1.74204335854614e-27,0.0179492136421565,0.0725577511063383,0.0568925173267864,0.0483397660702714,0.102609931441516,0.0683621200945169,633.832635919786,0.525492742800731,6.39903560315795,1.68231931373895,3.42831648706549,5.12416190154033,1.03117352451949,0.0226205153810214,0.0,0.441065679778853,0.0,0.0,0.936033797960095
0.852378133814594,-0.156281857109722,0.067810660960751,-0.0819929423351994,0.0188418555077413,0.0239615362757867,0.0375722052991125,0.0531100196668995,1.22446764853452,0.0358857635655349,0.048640745792935,0.0344078686982372,0.22080649824459,0.184847891120339,0.148826318570093,0.912315887539608,0.876271221780841,1.6028676399462,0.159098134120012,0.0,0.781091623227018,0.0,0.0,0.852343692727864
1.41313414773114e-06,1.23665336527491e-12,0.120080916797672,-5.2609747589690095e-11,-0.0110412475820037,0.0496639221551952,168.158048207142,0.489250101580184,0.346057343788414,1.15879365966061,0.450854228752262,0.82083247101695,1.03054696428558,2.8896252103599,1.52825024996267,2.95184918440852,3.31573050723863,1.67985021288874,1.06229270147193,0.0,1.03095777134451,0.0,0.0,1.05164359337494
2.44553811440896e-05,-6.80299722252769e-06,0.0874823292278093,-5.24819139693242e-05,-0.0788520912650906,0.947281445723707,0.198409747418717,0.164640709938173,0.143783699232156,0.150035522694902,0.133741146168755,0.125555984931765,1.29177687058812,1.4363622241136,1.57095320543743,0.789473708225314,0.92906155015998,0.277176024594351,1.07890784539211,0.0,0.84768172547239,0.0,0.0,0.17499474676115
0.223277907927757,0.119874139841325,0.0815574467559704,0.0466630597685457,0.0848901511768417,0.813901079114205,0.211176522788513,0.12663577217999,0.0988780928553942,0.0454093978579204,0.0436480688344664,0.0324871827888595,0.397592157592808,0.514401523330956,0.631105265895305,0.749700952684529,0.866453669916543,1.10164577018682,0.802974528677689,0.0,0.896353824808294,0.0,0.0,0.0346718788039357
4.43995898626583e-06,-2.80930776922338e-12,0.0155415929389167,-1.96242247795822e-13,-3.4809300242018504e-14,0.0001112384928643,182.340283503825,14.120914768597,25914.0493635197,0.0274779546606057,0.0274779548165992,0.0194298848597485,1.03060379316764,1.03560408682576,1.03060438048387,1.03557263413317,1.03557292779128,1.0305414750987,0.992001486402814,0.0,0.846532902749711,0.0,0.0,0.913124200918684
0.0689734491355301,8.26265537335399e-48,3.3729067090087e-06,-0.063858275122721,-1.0160291782364898e-40,0.0734397896363704,0.123563803103613,0.174733448642725,5.99821731487816e+27,0.0983526225483257,0.118988630305367,0.0841403424734833,1.49451978652207,1.26370744356032,1.03060165107967,1.5141802804753,1.28289612981572,1.5331891568948,0.905189256169783,0.0,1.04430217014214,0.0,0.0,0.774390267392906
0.0158346120948428,-1.1662627387002898e-11,0.0857935701822631,8.22829417025944e-13,0.102066672332769,0.130145820215123,18044572.0575117,0.251286936379811,0.177714026669055,0.253814548983533,0.178587549019638,0.179502173745362,1.03054667176465,1.22088060949371,1.40534334595554,1.37590259038472,1.56307012943751,1.71526962361352,1.1629730398325,0.0,0.919048304606161,0.0,0.0,0.852814108516102
0.0131241817086469,0.0229248604894436,0.0683879842125274,-0.0029495460875255,-0.0027010648639469,0.0010272251334756,42.5129388758574,40.2075582404341,38.4102172609131,38.7901719112366,37.0504887236308,36.0096560426509,1.04169856162775,1.05422058774083,1.05921067547977,1.03873562464458,1.04779482597396,1.0288181835625,1.00037821299555,0.0,0.922796534557614,0.0,0.0,1.03082676558331
4.49982793273378e-06,-8.02831233638068e-07,0.889686577478215,-1.86053796087377e-05,0.14034746216293,0.145187396688177,2.66790245254003,0.0196708399612244,0.0139095868178248,0.975094580517811,0.0196673919390169,0.715567350157653,1.03223908734888,1.19232233919154,1.35141039390764,0.65487224086579,0.81443964477427,0.276501277083922,1.06988542250252,0.0,0.0043253587304263,0.0,0.0,0.75897312650385
0.106334921359588,0.042155138436683,0.0178909866261068,-1.83056480732697e-14,-9.655097628717671e-15,0.0365160224058184,0.212134653690131,0.240388498469334,0.284189192882768,0.299951134244762,0.401784038651971,48857281.2391617,1.65497271425167,1.47447974203891,1.29273884877183,1.34450641455231,1.16313128482505,1.03060195512788,1.11686107709406,0.0,0.907536060676649,0.0,0.0,0.865195589724207
0.322566496279122,-0.0859591499102653,0.339886929771895,0.0222374859566304,-0.0029314433049034,0.0037211543395325,0.0945275330962872,0.0387572080770438,0.0286354616803859,0.120444782333633,0.0400725315478385,0.196333900200981,1.86638876993684,1.560700987947,1.24603169057498,1.82795202280487,1.51695950186063,1.77929808853173,0.649958058831152,0.0,0.484012786829257,0.0,0.0,0.809494006631985
2.16467364089162e-05,-3.2140687278748e-18,1.06473339681363e-05,-1.40708452974229e-10,3.88537282760714e-15,0.0056919176183324,0.0760435051064636,0.107538638818369,194.651604638315,0.104310265193849,0.428731962605521,0.303299052451654,1.05402403853722,1.04786328152401,1.0317025245108,1.0964771754136,1.08531641840039,1.12893031228999,0.97490396690586,0.0,1.07229973846918,0.0,0.0,1.22441527597657
0.0086827202818519,-3.0482339395376e-24,0.535597306062134,-5.25986955409059e-24,-0.0460861885816453,0.132068439312008,11617951925332.4,0.0325297650165592,0.0230020782705947,0.111430911597378,0.0312264589506626,0.0787959987002699,1.03060167625765,1.33549071865553,1.63057364336258,1.4286056288184,1.72857976255362,1.81679780903758,1.04527375523831,0.0,0.63234837513627,0.0,0.0,0.890230682902221
1.06921656336222,-3.06891226373822e-07,1.8630434037139e-06,5.3226591302820595e-11,1.33445072838991e-12,5.48945132690463e-06,0.0598075231593884,0.0845786475020378,18.3294171286153,0.0845790976981671,12.4146227292104,2341.30644368073,0.544070206293688,0.792322150518905,1.03057409474412,0.792335951037877,1.03558789526309,1.03060169578206,0.0120540920622184,0.0,0.802349623813798,0.0,0.0,1.08411884769169
0.447716587975056,0.126599594078841,0.233019660642295,-0.0008804115099685,0.0586791243551307,0.103939690557435,0.0555124500245959,0.0681491702941645,0.0970732617548724,0.0723683890631595,0.110599522488513,0.132024067078575,1.17709897813678,0.941177157561304,0.705034101055299,1.51622504637584,1.28002244920231,1.85222194018143,0.544839977939275,0.0,0.78965612070509,0.0,0.0,0.841308599487172
0.310393794121373,-0.012301925830305,0.0247420512142457,-2.25185791641531e-13,6.400479580744909e-13,0.0893431842805232,0.0712380218929673,0.100119237787557,0.637059368900892,0.100743225674256,0.899119739584972,12441625.4108678,1.84722229558249,1.60152609715643,1.34804960347192,1.44286169147434,1.19325583667971,1.03060315266436,0.590230487664339,0.0,0.942962550746957,0.0,0.0,0.858570046899897
0.317146555610356,-0.033947946816924,0.0765034971467409,-0.175736927562563,-0.0820810384227132,0.335405955006633,0.60849175135943,0.545542645211777,0.498890794202938,0.638906085381521,0.567193915078717,0.674544894191687,0.0606580035087725,0.145699782450974,0.230500886055539,0.0550023552584343,0.140022399267397,0.0493285139308482,0.62135144254304,0.0,0.989214120659841,0.0,0.0,0.769402960314329
0.0002156115316764,2.11724223835863e-12,0.01539586489702,-7.44053051875906e-13,-1.1630287651613201e-09,3.39725313810628e-06,0.016874370454045,0.0238639295768259,3950.34485035866,0.0238639288638771,13.995962211311,69.0219909328916,1.02949092045374,1.03506774242174,1.03064456438975,1.03504598596896,1.03562280793696,1.03060105148418,0.877352522351909,0.0,1.04442824035514,0.0,0.0,0.869720624198158
0.0028236576693454,-7.56611562252641e-06,3.35678172774733e-06,-0.0045569218833541,9.40461697646603e-06,0.0091603248365206,22.5930585412506,20.9449194295617,54.6315496088362,21.5864398091401,20.9710452464455,21.5222863701438,1.03682296763474,1.03663619464546,1.02822873004446,1.0414463326153,1.03725246577153,1.03812650023851,0.876897695343408,0.0,0.832863387357462,0.0,0.0,0.888539036424653
0.566410765853917,0.0005608751658807,0.241718843581105,0.0504958823443194,-5.12243448901758e-05,0.936205941895774,0.0699908025153411,0.0732892525533561,0.0771050933357298,0.0123091591471368,0.0123259470757342,0.0087719861329163,1.60167586839199,1.5491819528036,1.49298677985276,1.43568813483884,1.38250050606159,1.26878710816255,0.522449975144486,0.0,0.664580825529632,0.0,0.0,0.0186209186330734
0.602399060646249,0.0355088180432688,0.396945047698293,0.0648403023728348,0.0075012437648822,0.897269452219798,0.0291012849976731,0.03122713248888,0.0338994180378097,0.0306335506626118,0.0331437651697544,0.0324366554310747,1.09704812173479,8.3941983224938,1.4791347464252,7.98511899335661,8.20376111994755,0.625677795446791,0.550715538960774,0.0,0.519383405811374,0.0,0.0,0.0142194105111871
0.0629757448600735,0.047086445182591,0.226218232178475,7.46340531899782e-25,2.98734149903429e-25,1.54693757633811e-06,0.187775329481938,0.123127899109661,0.0982709413486204,0.265504812217389,0.138968909719989,11491192214.9526,1.18428085030105,1.43681663289112,1.68771847807461,1.10952987015015,1.36094081715042,1.0306016510233,0.965126624446406,0.0,0.74137941786009,0.0,0.0,0.874032686536401
0.22675217379979,3.78755602243735e-07,0.0059421727572884,-0.10612430007716,-1.37080848741351e-06,0.119397781454286,0.0646008948203467,0.0913574112844991,1635.21434077075,0.0899891404477305,0.521536429207108,0.369054903586447,0.676438671572497,0.854009744364812,1.03024593563719,0.557009845084766,0.734427557865911,0.437422835061378,0.76068423144758,0.0,1.07002602654531,0.0,0.0,0.856487454102881
0.33679666417945,-6.55615928916102e-27,0.010419817225093,-0.0998020249169964,2.1489087831992898e-26,0.749027918038098,0.0678100536712609,0.0958965287257431,25002.7051243069,0.0725188926676154,0.110828753914169,0.0783691389062901,0.921948756410596,2.58224754982589,1.03060295121044,4.04366929545419,1.85551672145739,0.752136361848937,0.538298714364058,0.0,1.10502818571165,0.0,0.0,0.355840445894312
0.401667363769485,3.57806629481276e-18,0.0055716112001283,-0.167765354190571,-1.01900321515151e-14,0.106044392843436,0.392440348846924,0.554842592658945,6309899396.8858,0.53142610581667,1.84033868545985,1.30476412636323,0.150161468493878,0.590470623377131,1.03060167751875,0.197102360137218,0.637396668609138,0.244030465596322,0.720664926496962,0.0,0.741222752815817,0.0,0.0,0.890100470049537
0.0260678179645191,9.645209887447081e-20,0.251289872951199,-6.30278383201258e-27,9.24247663605131e-15,0.0212304402042595,1173348020.18619,0.088333402889412,0.062462366652106,14.1421356226434,0.0883334028894117,806343.074395923,1.03060169121214,1.50220879322259,1.96381589523303,1.0360292457132,1.50263634772365,1.03145680021426,0.991008136799379,0.0,0.757519829487129,0.0,0.0,0.880204413908275
0.242120422487012,0.0271190593827822,0.0255510291162825,-1.17794416597514e-24,-4.30450804151777e-24,0.013695840378739,0.0216528003625403,0.0305340637772506,0.285729268367315,0.0306216122826148,0.403917713508442,680187762660.216,1.39634091999978,1.01129846913058,0.624355738430606,1.21446752940454,0.82845980899263,1.03060163570776,0.695594707770627,0.0,1.18132785446412,0.0,0.0,0.996331771321218
0.0929059785439206,0.0758448360178115,0.16883957586091,0.0632248128617892,-0.105792923380848,0.539642113302897,0.297424829248913,0.326092407145858,0.365080657370783,0.326325590759887,0.365396218560868,0.365751275779162,0.525543573222475,0.358443808804491,0.191011621473297,0.302372894211393,0.135135363202052,0.0790489695780052,0.936285512106474,0.0,0.912709695108923,0.0,0.0,0.451115587705217
0.0207932918793203,0.0202054273991531,0.0205025835666225,-1.76911039142933e-10,-1.71684761745253e-10,1.41150203992907e-06,0.624375368091275,0.644972087726693,0.667965066803915,0.882297759192497,0.943915301547647,4195.16534064509,1.51034335083726,1.30845883054124,1.10522042302235,1.27234373418259,1.06949879298664,1.03057711191984,0.802775870742367,0.0,0.924572469059567,0.0,0.0,0.844358524146188
0.0160966573338879,1.0317061317369701e-17,1.77430581229689e-06,-0.0143521906550036,-6.4461047306109795e-18,0.0793262824808328,0.50146268490371,0.708562697891876,540663.480567327,0.297264052054301,0.327405050250828,0.231550394474904,1.55090455424372,1.55800443713433,1.0306016507934,2.01892994689329,1.52725234469544,1.43938942669026,1.0814482099949,0.0,1.01399091156151,0.0,0.0,0.802463453380933
0.0428860949769587,-0.0956850113459526,0.922084087183099,0.0153015283166449,-0.172251469090657,0.0560374889844671,0.0071171086903537,0.0100507523005525,0.133105565776461,0.0100651026506193,0.188181367685522,6.05867287453715,1.03974945561695,0.561987523706348,0.0841598756092588,0.561229649515951,0.0834100736071929,0.0826239579193818,1.03268698006604,0.0,0.110328064937043,0.0,0.0,0.775453584312014
0.0846548500724036,0.056380976918946,0.0587946595733203,0.0547529814621849,0.127102227249046,1.01866522488121,0.500151659141896,0.573266228690872,0.692284853513889,0.0024496296940139,0.0024496367196655,0.0017321601659696,0.336813478529507,0.210154161318991,0.0832638133420546,0.38685050875447,0.259976957421207,0.436658652233945,0.998578169487946,0.0,1.08817988666142,0.0,0.0,0.051071529145627
0.107527809598645,-0.009662331889342,0.0180325472903892,-0.0162632521246938,0.0349812953847946,0.22879549222761,0.14507791572245,0.204254013475768,1.54268542550881,0.123222290201587,0.153729016294712,0.10897852568427,1.72088015470919,0.969391555004084,0.217790601792919,1.75166893517775,1.00009728654619,1.78231614974231,0.992676137962689,0.0,1.12236328465211,0.0,0.0,0.783616851096993
0.0737487582093642,0.0143889287080215,0.0330311675975813,0.0074184396773146,0.0021898814364095,0.572346712306902,0.943364066717641,1.2143429972466,2.09405347696006,0.0603911835892742,0.0604405903008077,0.0427470836974112,1.43937782883702,1.32446456567914,1.20732722994659,1.78365132099665,1.66769904451436,2.12607315070613,0.809949809540697,0.0,0.897120492876152,0.0,0.0,0.444858300847044
0.86593082221886,0.0028631171826575,0.0101421583605209,-1.57766946343041e-07,-8.1242652895575e-07,0.0010249787351421,0.0115120631630502,0.0162757986196909,0.478664216598061,0.0162805050655356,0.67615909267903,602.002931549011,2.25727260831654,1.720962185676,1.17481384569613,1.64835390766095,1.10715081733147,1.02975429983007,0.0025072994376734,0.0,0.941993382273719,0.0,0.0,0.922910871052444
0.310992800399962,5.200619699142169e-26,0.024759659575225,-0.0652652930121841,-1.79497158362588e-21,0.235207902106755,0.0009428340357878,0.0013333686746263,540647772007.884,0.0013333651523263,0.579607465952219,0.410184012492719,0.41173916645332,0.721408587106858,1.03060182631881,0.339268006493292,0.648848559469597,0.266679647006869,0.656532611309015,0.0,1.04243091264972,0.0,0.0,0.798837616667628
0.0290341412932811,8.95658444078815e-07,0.0093790902496678,-1.51898638539816e-06,-0.0739361877303823,0.912231833366819,395.118507602924,0.105882674467839,0.0748724455034238,0.13192019119106,0.0825759685736794,0.0932857014567768,1.03152393121757,1.11818489754704,1.19258837724894,0.696136847765933,0.77681902918803,0.348562164627385,0.865656014934732,0.0,0.834147439904997,0.0,0.0,0.0076968055076371
1.24662550006482e-05,-2.78350647564627e-14,0.0081011635440678,-3.7862488238784e-14,-7.711328291545351e-17,0.0002591623797772,683.075779381693,14.1406202730253,75303.5563945412,0.0160942741368785,0.0160942741391119,0.0113803777515685,1.03060211378412,1.03560193308399,1.03060175238387,1.03516935025051,1.03516916955038,1.02973658671689,0.984058617734344,0.0,1.1088369974472,0.0,0.0,1.00029511762798
0.404485829787051,0.0764893573596386,0.217761321536119,-0.124211804835233,-0.0516575502885666,0.949209296831853,0.0094922659799886,0.0133503853278976,0.0902130882436032,0.0108896042598943,0.0184267488963232,0.0131677583828214,1.57268879205875,1.26253726090589,0.952128645472057,1.33039583168492,1.02006389076836,1.08742566330989,0.526671558525039,0.0,0.709932549432075,0.0,0.0,0.0079836267989077
0.120513988254846,-6.48065817581964e-10,1.4131487372119e-06,-0.139318492634646,6.361203080540061e-09,0.532979514174109,0.0223496119176401,0.0316070451068108,411.133459266268,0.0311437568043014,0.182550618316072,0.129093572566056,1.33812761574639,1.18485009539942,1.03059660975302,0.996445102147645,0.842996770855152,0.654544122751502,0.796329920092022,0.0,0.956694042242141,0.0,0.0,0.372077306383695
0.0107954443865136,8.98417858829304e-05,2.29264529780238e-05,-0.0013950179257298,-1.42860730158725e-05,0.0002158346907023,5.11008554493477,3.09584171918732,2.44666383598923,4.57083792689708,2.9703366131681,4.19886617307074,1.06886626326318,1.05460458850954,1.03156407493654,1.04583762163902,1.02738148067488,1.01456178769805,1.1112939257396,0.0,1.07524162929732,0.0,0.0,0.997607691158664
6.81494371278109e-06,-2.0198689214489002e-16,4.11593624248061e-06,-2.58260424235963e-12,4.87283561231338e-15,0.0084861668409805,40.0635392824925,13.7161950677494,360.348434182212,0.735954311636242,0.736015637893465,0.521148461547049,1.03057604696306,1.03558918910756,1.03060233125206,1.14202095793623,1.14203410008072,1.24346586890939,0.868076809583505,0.0,0.890874692512858,0.0,0.0,1.03964880075784
4.63879676690794e-05,-6.572651220386889e-11,0.0007906190551062,-1.70642919914875e-07,9.44218497989684e-12,0.0017159662787312,7.78601224804501,8.6881544590494,12744.7801079263,8.68749552656199,14.1392855913818,498.40661095449,1.03087270224346,1.03573744388703,1.0306021855306,1.03596535377574,1.03583009541931,1.03105800530801,0.894384447710454,0.0,1.06392239487563,0.0,0.0,1.01150970890373
