-30.42,-5.360000000000009
25.347999999999992,48.223999999999975
-35.17600000000001,-31.864000000000004
33.18399999999999,6.879999999999997
-19.532000000000004,-40.392
3.483999999999998,21.819999999999997
-21.776000000000007,-5.964000000000014
-2.635999999999994,27.523999999999997
-0.4520000000000079,12.975999999999988
-53.51199999999999,-0.3200000000000091
21.587999999999987,8.843999999999985
19.21999999999999,49.55199999999999
27.32399999999999,39.41999999999999
-34.60399999999999,-4.1160000000000085
30.18399999999999,-16.860000000000007
-52.86,-24.50000000000001
20.567999999999987,-8.388000000000007
14.77600000000001,-38.044
-8.516000000000012,20.34799999999999
-15.223999999999991,-42.68000000000001
-52.392,-24.97600000000001
-34.764,-17.81600000000001
2.947999999999995,1.9120000000000024
31.356000000000005,-37.784000000000006
6.435999999999997,-41.98400000000001
40.43600000000001,56.352
-2.167999999999992,23.643999999999977
0.0480000000000035,-25.572000000000017
3.1439999999999912,12.739999999999997
-6.3160000000000105,-24.096000000000014
19.164,7.983999999999991
-50.62399999999999,-16.85200000000001
-31.796000000000003,14.135999999999992
-18.808000000000003,-6.60400000000001
-53.96,12.763999999999998
5.67200000000001,29.86399999999998
-1.8159999999999956,22.65999999999999
-46.776,-18.57600000000001
-55.496,17.116
-41.556,-7.828000000000001
41.672,4.107999999999978
-12.227999999999994,-31.04800000000001
22.63200000000001,-28.700000000000014
-14.412000000000004,30.96399999999999
29.644000000000005,-24.552000000000017
-30.07200000000001,-29.996000000000013
-33.104,4.583999999999988
-5.976000000000004,6.287999999999983
-33.76799999999999,-17.644000000000005
-52.352,22.872000000000003
-43.228,-24.89600000000002
-0.3160000000000051,15.311999999999992
19.364000000000004,-13.984000000000009
-45.336,-16.964000000000002
14.260000000000003,-21.71600000000001
10.948000000000002,-30.02800000000001
-18.316,10.135999999999989
-20.852000000000004,-40.68800000000002
12.803999999999991,-5.828000000000011
-51.608,-11.996000000000018
44.23600000000001,-12.984000000000009
-29.57200000000001,2.3079999999999767
40.768,31.372
-45.31999999999999,-22.752000000000017
-39.248000000000005,23.04799999999998
-16.359999999999996,-13.900000000000013
40.74799999999998,1.0399999999999965
-4.780000000000007,-10.216000000000014
49.57599999999998,5.067999999999984
34.592,24.107999999999976
15.880000000000006,46.852
-28.54399999999999,35.19999999999999
-51.684,13.27999999999998
15.376000000000012,-17.736000000000008
-26.247999999999998,8.687999999999985
-47.444,11.443999999999988
-42.276,-15.048000000000004
21.732000000000017,26.83199999999999
-28.847999999999995,-33.13600000000001
22.296000000000006,16.64399999999999
-43.23199999999999,18.623999999999995
-58.38399999999999,-2.180000000000004
-30.924,-30.712000000000007
31.064000000000004,55.75600000000001
-6.156000000000006,14.667999999999992
-14.280000000000005,-8.164000000000005
2.7120000000000037,-14.340000000000009
0.0920000000000031,20.551999999999992
-30.68,-4.808000000000012
5.196000000000001,3.047999999999984
35.895999999999994,8.796000000000003
-6.647999999999987,-5.103999999999997
-2.316000000000007,16.195999999999987
45.99200000000001,-8.808000000000005
-32.22799999999999,12.131999999999987
35.15200000000001,14.779999999999994
-51.336000000000006,-15.692000000000018
-9.323999999999998,-31.41600000000001
-4.727999999999999,-41.22800000000001
10.359999999999992,-28.664
19.41600000000001,27.915999999999983
-44.728,1.087999999999978
-3.787999999999992,-47.06800000000001
-19.004,-24.78000000000001
-25.32,-6.79200000000002
23.663999999999994,-25.808
-29.09200000000001,25.464
23.488,22.17199999999999
-9.860000000000005,-28.84800000000001
-22.452000000000005,29.05199999999999
-19.587999999999997,4.859999999999998
46.43200000000001,-7.892000000000021
-56.112,13.959999999999994
31.836,3.991999999999996
47.955999999999975,-6.396000000000002
52.93599999999999,3.979999999999984
21.387999999999984,-22.608000000000004
-13.972000000000008,-38.88400000000001
-12.412,32.192
12.183999999999994,21.523999999999987
-16.99600000000001,-10.196000000000016
-14.460000000000006,-25.96400000000001
30.000000000000004,-2.9440000000000133
-26.916000000000007,-30.12400000000001
36.52,4.067999999999983
-32.98,5.347999999999975
43.13200000000001,-18.476000000000013
-54.196,12.06799999999999
-44.516,29.396
-11.636000000000005,-48.37200000000001
-20.172,-3.520000000000012
21.256000000000007,-4.624000000000006
21.687999999999995,-36.36800000000001
36.82000000000001,-19.708
23.43200000000001,-47.56800000000001
11.936000000000014,9.70399999999998
35.57600000000001,2.3159999999999847
36.816,31.192
-24.260000000000005,32.47599999999999
-47.264,20.055999999999983
-22.056,-41.124
-44.724,-9.740000000000004
-6.923999999999997,0.6319999999999881
-7.652000000000014,-5.616000000000021
-34.78399999999999,-33.216000000000015
-13.24399999999999,-32.38000000000001
45.98400000000002,-3.508
33.16000000000001,25.979999999999983
-52.464,12.903999999999982
-56.108,10.93200000000001
0.2599999999999935,-37.424
-14.152000000000008,-28.136000000000017
-58.23199999999999,13.12399999999998
-48.88399999999999,-22.300000000000008
1.336000000000004,-16.50400000000001
-27.356,2.1560000000000024
35.66400000000001,32.76799999999997
44.556,20.37199999999999
46.16799999999999,40.72799999999999
-21.244,31.376000000000005
40.90799999999999,-1.4800000000000146
-5.703999999999998,8.975999999999985
-33.788,-21.908000000000005
-7.147999999999999,-27.524000000000004
-27.443999999999992,29.455999999999992
-12.539999999999996,0.6839999999999957
-36.24799999999999,-36.448000000000015
14.863999999999988,-14.288
-28.312000000000005,7.447999999999988
26.836000000000016,53.932
55.91599999999999,28.779999999999983
21.272,-33.116000000000014
-6.728000000000001,-15.380000000000004
-51.668000000000006,11.363999999999995
-7.143999999999995,-38.95200000000001
-15.483999999999988,-20.89200000000002
-33.872,-31.79200000000001
-9.099999999999998,-26.712000000000003
10.91200000000001,-29.22800000000001
9.647999999999987,16.403999999999996
-8.68,-46.46800000000001
-5.687999999999982,-8.220000000000006
24.088,22.475999999999985
28.407999999999987,6.843999999999983
-35.62799999999999,-12.024
-16.440000000000012,-2.288000000000001
-26.352000000000007,34.48
24.47600000000001,16.471999999999998
19.31200000000002,-41.06000000000001
-4.523999999999995,-1.32000000000001
20.56,4.683999999999977
-8.783999999999992,-15.588
-51.212,3.6519999999999886
39.284000000000006,55.02399999999999
-28.42,-27.84000000000001
52.312000000000005,13.355999999999993
4.444000000000004,-3.9760000000000018
18.072,-40.41600000000001
12.663999999999987,-9.256000000000007
20.90000000000001,9.275999999999996
-8.400000000000007,30.616
-44.692,18.34
-44.544,16.18799999999998
-30.12799999999999,23.339999999999986
37.504000000000005,43.32799999999999
3.987999999999992,-12.39600000000002
42.080000000000005,19.531999999999996
-2.5479999999999947,-9.152000000000015
-36.60399999999999,33.399999999999984
-34.656,-19.628
-16.81600000000001,-25.408
54.67200000000001,26.479999999999997
-32.35600000000001,-35.24800000000001
3.4479999999999844,23.887999999999977
-2.5879999999999903,-33.364000000000004
33.33999999999999,-30.90400000000001
-33.004,12.683999999999983
1.2760000000000105,22.463999999999995
19.984,4.723999999999995
6.0920000000000085,-21.584000000000003
33.98000000000001,-9.467999999999998
-10.57999999999999,-2.712000000000025
-42.104,-9.348
-34.132000000000005,-9.73200000000002
32.704,-9.840000000000003
-4.024000000000005,-1.5160000000000062
-17.90799999999999,7.919999999999994
-27.580000000000005,6.659999999999999
33.764,-27.900000000000013
-45.124,-23.276000000000007
32.24,60.07199999999999
-25.93200000000001,29.24
-49.27199999999999,3.495999999999988
28.192000000000014,-31.28800000000001
-16.527999999999988,25.295999999999985
-14.572000000000006,28.939999999999987
-32.052,-17.947999999999997
-5.8479999999999865,-47.680000000000014
36.60000000000001,11.395999999999985
12.948000000000004,4.0999999999999925
39.88,36.75599999999999
0.4240000000000021,-43.68800000000002
42.48,12.507999999999983
26.892000000000003,37.48399999999998
-29.612000000000005,-26.848000000000017
40.248,-5.012000000000016
-13.836000000000004,-21.548
-4.864000000000002,-28.08800000000001
20.896000000000004,55.08
27.536000000000005,-20.184
-7.232000000000016,10.715999999999992
29.787999999999997,10.095999999999991
-29.636000000000006,-6.6560000000000175
-33.304,-22.128000000000004
33.49200000000001,23.912
31.128,57.532
-16.216000000000008,8.596000000000004
-3.7639999999999896,17.423999999999996
25.19200000000001,45.33999999999998
-38.75999999999999,-33.36800000000001
-14.764,3.387999999999991
8.699999999999996,-5.212000000000017
-39.92,26.58799999999999
-56.548,4.423999999999984
-56.32,-6.703999999999999
7.303999999999999,-7.636000000000019
-30.299999999999997,22.603999999999974
-33.236,-15.632000000000012
-35.144,18.90399999999999
18.347999999999985,-3.660000000000019
-38.344,-27.568000000000016
-1.8320000000000116,25.78799999999999
31.392,-31.748000000000008
-35.116,-30.768000000000008
35.26799999999999,48.16399999999999
-0.3920000000000145,10.48
0.4199999999999981,3.820000000000001
11.707999999999984,2.239999999999997
-23.48,-32.20400000000001
32.46,-31.80400000000001
-41.068000000000005,-33.52
-22.63200000000001,-7.64800000000001
-21.044,15.192000000000004
18.668,16.439999999999987
19.724000000000007,25.587999999999987
-34.2,18.435999999999986
40.67200000000002,7.7039999999999775
18.2,41.012
-5.403999999999987,2.043999999999979
32.832000000000015,43.97199999999999
12.212,-11.864000000000008
-14.419999999999987,1.959999999999984
-42.91199999999999,-5.052000000000012
18.39200000000001,66.27599999999998
-1.32000000000001,-7.007999999999992
6.916000000000011,20.663999999999994
38.792,7.91599999999999
-6.53999999999999,15.923999999999982
-12.572000000000006,-42.232
38.43600000000001,-1.880000000000015
