gene,mean_expression
Serpine2,2.1978922
Ptprd,2.1948135
Rgs2,1.8769286
Mast4,1.7386898
Foxo1,1.6684593
Nr5a2,1.619896
Lars2,1.4949511
Tdrd5,1.4744824
Cfh,1.3326206
Prkar2b,1.3141829
Plxdc2,1.2001989
Kcnq5,1.17537
Prss23,1.1638006
Hexb,1.1553086
Sema5a,1.1551741
Adamts2,1.1165451
Cald1,1.0590385
Ank3,1.0554389
Gphn,1.0293281
Thbs1,1.0037127
Tnni3,0.9423032
Tmtc2,0.9331288
Tanc2,0.93256116
Crim1,0.91490054
Pde7b,0.9122371
Csmd1,0.9077054
Mtarc2,0.88491553
Sox5,0.8667631
Bcat1,0.85886335
Apoe,0.8582444
Greb1l,0.8422245
Pik3r1,0.83664984
Mir6236,0.78475904
Foxp1,0.7793342
Ldhb,0.77521175
Itih5,0.7536797
Gm48099,0.74858326
Pbx1,0.7138292
Mctp1,0.7133368
Zfp385b,0.7114669
Arhgap29,0.7052199
Ghr,0.7033847
Aff3,0.69469464
Zfpm2,0.689924
Igfbp4,0.68572754
Mmp11,0.68411016
Cdk8,0.6696208
Nrip1,0.66393226
Kctd14,0.65521306
Lama1,0.6496858
Fbn2,0.6491088
Foxp2,0.6159777
Itpr1,0.6116253
Ablim1,0.6114564
Kank2,0.60770273
Ntn4,0.59929746
Dock4,0.59551674
Pik3ip1,0.5877366
Rbms1,0.5843938
Dpysl3,0.5820265
Glul,0.57998055
Rora,0.5743211
Tcf7l2,0.5667009
Magi1,0.5664043
Gab2,0.56426513
Cped1,0.5610251
Id3,0.5588685
Atxn1,0.5586409
Rere,0.54842377
Flna,0.5450432
Shroom3,0.54358906
Ccnd2,0.5427934
Akap9,0.54136676
Cmtm3,0.5395864
Nap1l5,0.536794
Fst,0.53514564
Wipi1,0.5319398
Baz2b,0.52603036
Rbms3,0.5254671
Tshz2,0.52279997
Gpx3,0.5215623
Dst,0.5202805
Zeb2,0.52002037
Rock2,0.5197835
Ppp1r9a,0.5183655
H2-K1,0.5150426
Rcn3,0.51495326
Resf1,0.5143712
Cyp1b1,0.51393247
Ppp3ca,0.51108676
C130074G19Rik,0.50995827
Fam13a,0.50860393
Nupr1,0.5067938
Gabarapl1,0.5032327
Ctsd,0.5029714
Csrp2,0.5023152
Zfas1,0.49658343
Tmem176b,0.49536124
Ogt,0.49462163
Inhba,0.4879014
Prpf38b,0.48591542
Selenop,0.47722226
Kcnma1,0.47390017
Pank1,0.47305325
Rarres2,0.46853635
Ahnak,0.4678902
Rad51b,0.46607178
Lpp,0.46599445
B2m,0.4652958
Pak3,0.45821342
Elmo1,0.4581182
Zmynd11,0.451874
Isyna1,0.45161214
Tln1,0.449968
App,0.44053414
Ccn2,0.43993267
Auts2,0.43808928
Ppic,0.43486217
Clk1,0.4346585
Tent5a,0.4346541
Mfge8,0.4329957
Sdc2,0.43199855
Lamp2,0.4312159
Kansl1,0.43111488
Agt,0.42684245
Mef2a,0.42528486
Mycbp2,0.42404458
Sh3bgrl,0.42346928
Rbm5,0.42246115
Ddit4l,0.41942042
F11r,0.41883504
Ano4,0.4180986
Spag9,0.41794243
Phf21a,0.4140488
Tcaf1,0.41403717
Ar,0.4131594
Picalm,0.41082478
Egr1,0.41038325
Col11a1,0.4102409
Ralbp1,0.40850475
Spop,0.4079169
Atrnl1,0.4063608
Rai14,0.40459585
Col1a2,0.40419403
Fis1,0.40171632
Serpinb6b,0.40036955
Zcchc7,0.3980005
Cavin1,0.39398855
Grn,0.3939438
Klhl24,0.39295343
Frmd5,0.3927934
Prpf4b,0.39191183
Pdcd4,0.39097866
Tuba1a,0.38919884
Mark1,0.3883206
Arid4b,0.38811636
Akap13,0.38662735
Tcf12,0.3854191
Gstm2,0.38461074
Top2a,0.382777
Etv6,0.38065565
Slc18a2,0.37835056
Snhg1,0.37778127
Osbpl9,0.37675363
Heg1,0.3746084
Epas1,0.3745442
Nktr,0.37289882
Trpm7,0.37182674
Srek1,0.37166786
Wwtr1,0.37131178
Ccnl2,0.3713081
Ggnbp2,0.37048757
Aff2,0.36912364
Xist,0.36873752
Pcdh9,0.36832443
Pbxip1,0.36752963
Tnrc18,0.36610788
Slc8a1,0.36570677
Bmp2,0.3650092
Lrmda,0.36490816
Txndc17,0.36305472
Smg6,0.36263874
Ssr4,0.3598285
Tgfbr3,0.3592717
Arpc5,0.35870844
Ifitm2,0.35851863
Col4a1,0.3581205
Fbxl17,0.35629082
Rexo2,0.3549509
Ctsz,0.35420838
Hnrnph3,0.35178697
Gadd45a,0.35083187
Spin1,0.35071996
Mef2c,0.35018682
Adgrv1,0.3495019
Ccbe1,0.3490611
Ankrd12,0.34623802
Arhgap42,0.3460683
Mmp14,0.3433849
Trib2,0.34238735
Mgp,0.3418187
Pawr,0.34160283
Klf6,0.34113073
Hsd17b1,0.34078187
Ccdc88a,0.3399871
Maf1,0.33979675
Tmem50a,0.3396614
Insr,0.33876163
Mier1,0.33606875
Creg1,0.3358775
Jmjd1c,0.33564323
Gm2044,0.3348961
Kmt2a,0.33481082
Camk2d,0.33456078
Igbp1,0.3332372
Nfat5,0.3319711
Ptpn13,0.3314423
Pls3,0.3303427
Vezf1,0.33005777
Prkab2,0.32913354
Smarca1,0.3285102
Zfp950,0.32752848
Ccnl1,0.32748544
Atp6v0b,0.3268527
Rabep1,0.3267401
Sltm,0.3266934
Lmo4,0.32638532
Arl3,0.32579753
Slk,0.3247195
Wwox,0.3242879
Gpatch8,0.3235318
Ralgapa1,0.3221814
Col3a1,0.32200772
Myh9,0.32194382
Fmnl2,0.32078695
Cc2d2a,0.32075524
Eif4a2,0.320673
Nf1,0.320434
H2-D1,0.31964472
Srsf5,0.31831965
Prdx5,0.3176442
Chd6,0.3167073
Oxct1,0.31649488
Maml2,0.3160165
Psmd12,0.31586382
Herc1,0.3156328
Ech1,0.3155563
Usp33,0.31467894
St6gal1,0.31432498
Hexa,0.31352082
Rap1b,0.31275743
Ip6k1,0.31137383
Thra,0.31125525
Chka,0.31058362
Mdm4,0.31012335
2410006H16Rik,0.30987152
Dmd,0.30929777
Dip2c,0.30918095
Use1,0.3086147
Cpq,0.30849883
Mylk,0.30824122
Smg1,0.30790138
Itga9,0.30703202
Ptch1,0.3070215
Tmem176a,0.30690014
Gpc6,0.30562678
Rabac1,0.3051878
Ndrg2,0.30500695
Zfp445,0.30380306
Mxd4,0.3025824
Arpc1b,0.30227384
Wbp1l,0.3021398
Iqgap1,0.3020996
Trio,0.30138373
Phf20l1,0.3008421
Ppp2r3a,0.3003019
Ctsa,0.299455
Itpkb,0.29929155
Magi2,0.2986741
Pink1,0.29724956
C1qtnf7,0.29671153
Stag1,0.29611886
Cers5,0.29544476
Cacna2d1,0.29481053
Sgms1,0.29439718
Clic1,0.29229078
Tmem123,0.29107156
Sbf2,0.29083356
Kmt2c,0.2906409
Pcsk5,0.2889606
Hacd3,0.2887857
Abi1,0.28827873
Lima1,0.28701922
Sntb2,0.2865846
Nenf,0.28622875
Ctdsp2,0.28595963
Pura,0.28577754
Timp2,0.28561893
Cpt1a,0.28526798
Ankhd1,0.28526232
Pid1,0.28483263
Fcho2,0.28468117
Sdc4,0.2834899
Rnh1,0.2832068
Elf2,0.2826755
Pan3,0.28260466
Ptpra,0.28247264
Exoc4,0.28162563
9530026P05Rik,0.2815456
Serpinb1a,0.28151295
Utrn,0.28081965
Glrx2,0.2804618
Stag2,0.28034958
Nbea,0.2795008
Eid1,0.27930647
Mrpl24,0.27906296
Cflar,0.27876383
Stub1,0.27856356
Ubr2,0.27799305
Chd2,0.27780235
Epb41l2,0.2772752
Prss35,0.2770248
Tead1,0.27653188
Tle1,0.27639186
Akt3,0.27631485
Chmp2a,0.27537966
Nr2f2,0.27518758
Sri,0.27514228
Antxr1,0.27506667
Mkrn1,0.27361345
Myo9a,0.27318102
Nfe2l2,0.2722945
Pcmtd2,0.27227902
Rnf130,0.2722483
Tmed3,0.2722422
Pten,0.27211985
Dnajc1,0.27199638
Vamp8,0.27119985
Kidins220,0.27060464
Adamts10,0.2705221
B4galt1,0.26983282
Tpm3,0.2696292
Acadm,0.26943952
Fam214a,0.26943338
Ttc14,0.26934436
Pros1,0.26930794
Mllt3,0.26835227
Fcgrt,0.2682575
Appl2,0.2682356
Mtmr3,0.26792705
Idh3b,0.26780894
Tmem164,0.26772907
Nsmaf,0.2676108
Srp14,0.26645085
Acaa1a,0.2661703
Ank2,0.2660197
Tmem127,0.26537275
Adcy9,0.2648472
Tpm4,0.26245147
Nrep,0.26212776
Id2,0.26176065
Irs1,0.26011464
Aopep,0.2601139
Zmynd8,0.25949043
Wsb1,0.2589718
Prdx3,0.25892675
Psme1,0.2579495
Rabgap1l,0.25762343
Cd302,0.25732496
Pcdh7,0.25700432
Adck5,0.255936
Camk2n1,0.25582674
Kcnt2,0.25482213
4930402H24Rik,0.25414962
Fam172a,0.2536683
Leprot,0.2535036
Usp3,0.25335523
Nfkbia,0.25320297
Sncaip,0.253189
Paxbp1,0.2522004
Naxe,0.25188208
Fkbp2,0.25176227
Spock2,0.25162652
Dock1,0.2514262
Mbnl1,0.25110614
Coq8a,0.25094047
Cd200,0.24981615
Nrn1,0.24924563
Fhl1,0.24914546
Lsm14b,0.24913548
Spint2,0.24805425
Uqcc3,0.24713738
Cyb5r3,0.24709323
Erlec1,0.2469682
Col4a5,0.24505648
Col6a4,0.24490671
Lims1,0.24470109
Xrn1,0.24463125
Zfp36l1,0.24440342
Phldb2,0.24436176
Hint2,0.24401191
Kitl,0.24326086
Smoc1,0.2429119
Clasp2,0.24229658
Robo1,0.24213606
Arl6ip4,0.24196878
Zeb1,0.24182083
Pmpcb,0.24175459
Fnta,0.24146408
Stx4a,0.24142914
Sorbs2,0.24113645
Paf1,0.24067427
Lrch1,0.24055324
Syf2,0.24039412
Filip1l,0.24012797
Gem,0.24010302
Bnc2,0.24002948
Kcnq1ot1,0.23986907
Wls,0.23933405
Zfp704,0.23807113
Itgb5,0.23780471
Zfp652,0.23764041
Adamts6,0.23713025
Stk39,0.23680992
Runx1,0.23671466
Herc4,0.23609284
Coa3,0.23513697
Slc40a1,0.23495822
Crebrf,0.2348948
Meg3,0.23489076
Psd3,0.23476426
Chd9,0.23466708
Oat,0.2344798
Sdcbp,0.2343395
Cr1l,0.23422615
Plcg1,0.23422255
Parva,0.23409337
Fam160b1,0.23279805
Pkig,0.23252973
Pnrc2,0.23238015
Asxl2,0.23195316
Limch1,0.23161092
Fnbp4,0.23087543
Ldlrad4,0.23056968
Akap8l,0.23030823
Fam126a,0.2299161
Upf3b,0.22986335
Rnf213,0.22961363
Rin2,0.228661
Ppfibp1,0.22777809
Atl3,0.22655453
Arhgap6,0.22622229
Fhit,0.22621231
Nsmce1,0.22590084
Lamb1,0.22589721
Rbpms,0.22580819
Arid4a,0.22575703
Ndufa1,0.2257132
Myof,0.22504039
Dlc1,0.22502162
Mir99ahg,0.22499174
Prdm5,0.22488745
Babam2,0.22475773
Sash1,0.22436011
Agpat3,0.22378597
Cxxc4,0.22164035
Nsd3,0.22138317
Ldb1,0.22126962
Dennd1a,0.22046195
Lrrk1,0.2202345
Echdc2,0.2202177
Dlg1,0.22021025
Ccdc3,0.2201645
Gpx8,0.22015762
Irak1,0.22014575
Sobp,0.21990626
Map1lc3b,0.2196194
Arhgap10,0.21957858
Cntln,0.21952863
Plaat3,0.21911126
Acta2,0.21899381
Phpt1,0.21880098
Tbcel,0.21868844
Fto,0.21851806
Klf9,0.21845964
Acat1,0.21829362
Rev3l,0.21806067
Il6st,0.21798226
Ptgis,0.21781398
Star,0.21763603
Ctnna2,0.21711612
Zfyve9,0.21663086
Pgrmc1,0.21635999
Jtb,0.21592768
Ttc28,0.21580718
Pabpn1,0.21574679
Emp3,0.21563931
Crtc3,0.21468024
C1s1,0.21384266
Dcn,0.21370475
Cdkn1b,0.21358544
H2aj,0.21358085
Lix1l,0.21357249
Epb41l4aos,0.21328922
Spred1,0.21298635
Diaph2,0.21259642
2610008E11Rik,0.21210021
Acap2,0.21189956
Sbds,0.21151325
Dstn,0.2111716
Tbc1d5,0.21105145
Mocs2,0.21098004
Hsd17b11,0.21010159
Exoc6b,0.21007656
Cd47,0.20995583
Kcnd2,0.20932321
Zfc3h1,0.20898578
Ubr3,0.20898207
Eps15,0.20865008
Uhrf1bp1l,0.20861176
Atp11b,0.20854235
Hexim1,0.20829883
Mrps18c,0.20803408
Zmym5,0.20789687
Actn4,0.2076169
Rbp1,0.20761353
S100a11,0.20761351
Map4k5,0.20733686
Ubl3,0.20724905
Acadvl,0.20679243
Eea1,0.20673625
Ehd4,0.20670913
Firre,0.20669584
Col4a2,0.2065328
Amotl1,0.20609523
Nfx1,0.20581457
Rps6kb1,0.20490131
Scaper,0.20440903
Rpl27a,0.20408389
Uchl1,0.20360978
Trmt1,0.203489
Kctd1,0.20234184
Deptor,0.20192449
Lamb2,0.2016816
Rapgef6,0.20156553
Tgfb1i1,0.20121925
Cap1,0.20118873
Vps13b,0.20083998
Tmx3,0.20079027
Bcas3,0.20007505
Eci2,0.19983806
Fabp3,0.19930784
Tacc1,0.19922641
Kdm3a,0.19895701
Prkce,0.19884464
Nfix,0.19842878
Taf1,0.19841741
Extl3,0.19822295
Fundc2,0.19788447
Rpl12,0.19771741
Aup1,0.19734953
Mbd5,0.19709733
Cert1,0.19702467
Fam193b,0.19698255
Setd7,0.19684651
Large1,0.19591656
Ypel3,0.19555238
Smyd3,0.1954729
Zfp608,0.19447649
Dhrs7,0.19427784
Mical3,0.19424115
Sun2,0.19420236
Sntg2,0.1940315
Maml3,0.19313692
Sgce,0.1931335
Myo5a,0.19303674
Gclc,0.19250146
2610307P16Rik,0.19247657
Oaz2,0.19236282
Zfp609,0.19208948
Pcolce,0.19205189
Ctsf,0.1912701
Cbr1,0.19110097
Mrps24,0.19093543
Mrpl41,0.19086184
Adamts19,0.19049984
Csnk1g1,0.19014956
Plekha5,0.18968575
Slc25a12,0.18958692
Stk3,0.18948646
Itch,0.18940443
Anxa3,0.18940131
Rflnb,0.18936928
Ppm1l,0.18860932
Vti1a,0.18838353
Ccn1,0.18781419
Atraid,0.18751115
Akap8,0.18743823
Dbp,0.18729053
Marchf8,0.1872756
Dcaf5,0.18694367
Clk4,0.18681927
Wt1,0.18670061
Sc5d,0.18666771
Utp11,0.18602268
Plin2,0.18550943
Ei24,0.18513948
Itm2a,0.18508074
Tmem242,0.18507378
Selenow,0.18504293
Luzp1,0.18475999
Ilk,0.1845828
Gdi1,0.18428238
Adk,0.18402041
Nexn,0.18375477
Otud7b,0.18340121
Fbxl20,0.18336302
D10Wsu102e,0.18300664
Sgpl1,0.18294504
Scarb2,0.18278995
Clic4,0.18269475
Lpl,0.18243432
Ankrd10,0.18211411
Ccdc28b,0.18194565
Phyh,0.18177485
Rnf169,0.18171373
Fbxo32,0.18166603
Arl15,0.18157521
Mrps26,0.18120481
Gab1,0.18109338
Rab11fip5,0.180952
Ccdc107,0.18076432
Tmcc1,0.18006852
Nptn,0.18002525
Washc1,0.1799142
Ehbp1,0.1798356
Syap1,0.17944191
Shisa5,0.17937513
Clcn4,0.17916831
Ptprk,0.17910044
Rictor,0.17854294
Tmem256,0.17832604
Utp3,0.17820427
Abracl,0.17813882
Vasp,0.1780906
Svbp,0.17777635
Ston1,0.17741702
Commd8,0.17721
Ifitm3,0.17717104
Peg10,0.17695719
Tnrc6c,0.17659558
Myl12b,0.17648473
Ccdc59,0.17609546
Gsto1,0.1759937
Nelfb,0.17595758
Cdc42ep3,0.17592074
Dmtf1,0.17591219
Ago1,0.17535003
Arid5b,0.17530553
Rreb1,0.17529677
Sppl2a,0.17514071
Denn2b,0.17507033
Stx8,0.1750634
Cyhr1,0.17498691
Cygb,0.17489704
Add3,0.17442517
Pkd2,0.17437808
Mtln,0.17429402
Aff1,0.17401306
Cstb,0.17395313
Arhgef17,0.17388578
Ano6,0.17371331
Snhg18,0.17331374
Ak3,0.17307985
Thoc2l,0.17297083
Plpp3,0.17260826
Odr4,0.1723937
Trafd1,0.17198849
Tpm2,0.17180857
Pcmtd1,0.17169502
Zbtb38,0.17163238
Cenpb,0.17151827
Ift74,0.17138666
Eci1,0.17116493
Ccser2,0.1708281
Tasor,0.17080925
Nxn,0.17080821
Gstt1,0.17047514
Il11ra1,0.17034027
Mapk10,0.17031091
Abca1,0.17030562
Adgrl2,0.16996883
Tbc1d12,0.16994478
Ivd,0.16991352
Fbxl3,0.16979717
Sos2,0.16978109
Ddah2,0.16963801
Numb,0.16961361
Mien1,0.1692583
Phkb,0.16897607
Dynlt3,0.16883014
Pccb,0.16868816
4833420G17Rik,0.16865179
Sh3bp5,0.16808705
Ulk2,0.1678909
Mtres1,0.16766159
Satb1,0.16750348
Dpyd,0.16734503
Rmdn2,0.16720974
Lrrc45,0.16719054
Zc3h7a,0.16700824
Prxl2c,0.16693026
Gata4,0.16689223
Ccs,0.1667985
Srgap2,0.16662624
Axl,0.16638646
Fbxw7,0.16612805
Qsox1,0.16591914
Ezh1,0.16582185
Ctdspl,0.16575189
Zfp462,0.1657137
Snx2,0.1653966
Dync2h1,0.16512193
Rsu1,0.16506462
Armcx2,0.16497418
Prpf40b,0.16496088
Snhg5,0.16426702
Snhg20,0.16421805
Abcc5,0.16401096
Dennd1b,0.16398375
Pknox2,0.16393511
Psen2,0.16375813
Tmbim4,0.16374925
Hdac8,0.16303611
Rsbn1l,0.16289252
Rpl36,0.1628919
Map2k5,0.16288322
Msn,0.1623623
Itsn2,0.16225109
2610001J05Rik,0.16219969
Tagln,0.16214244
Mettl26,0.16210815
AC149090.1,0.16187473
Rnasel,0.16183306
Esyt2,0.16121863
Tbc1d4,0.16106318
Vgll4,0.16015947
2210016L21Rik,0.16005366
Cwc27,0.15995309
Pam,0.15989599
Cast,0.15986975
Slc25a36,0.15986504
Kiz,0.15981407
Vps41,0.15979142
Far1,0.15925588
Cdc37l1,0.15925458
Septin9,0.15920769
Pard3b,0.1591052
Stat3,0.15882456
Cyth3,0.15875103
Irs2,0.15865688
Fgd4,0.15806738
Cask,0.15803476
Cpxm1,0.15768273
Ugp2,0.1576307
Mkx,0.15761772
Cfap36,0.15741414
Dnmt1,0.15716955
Cst12,0.15714885
Naaladl2,0.15712093
Rasl11b,0.1568882
Sned1,0.15676524
Kifap3,0.15675293
Cep112,0.1566093
Ptprm,0.15657075
Rab24,0.15647967
Fchsd2,0.1564591
Plcl2,0.15632695
Timp3,0.15629947
Mmp23,0.15609203
Mau2,0.15604961
Commd1,0.155842
Washc3,0.15572815
Smo,0.1556794
2210016F16Rik,0.15523511
Flot1,0.15487877
Sparcl1,0.15483202
Nnt,0.15458548
Klc1,0.15450811
Snrnp48,0.15447673
Vnn1,0.15424947
Dennd4c,0.15400761
Chmp2b,0.15396835
Sesn1,0.1539661
Lrch3,0.15391052
Prr13,0.15381372
Peak1,0.15373474
Myl9,0.15327823
Anxa6,0.15326622
Irf3,0.15309526
Robo2,0.15308866
Cdadc1,0.15307488
Mllt6,0.15293607
Ror1,0.15273558
Hspg2,0.1525232
Atp6v1a,0.1524989
Adgrf5,0.15249644
Cat,0.1524837
Bmp1,0.15231805
Ppp1r11,0.15224867
Prpf39,0.1521412
Kat2b,0.15165623
Tmem208,0.1516179
Itih2,0.1513831
Rab11fip2,0.15124755
Oxr1,0.15116966
Jun,0.15105487
Bicc1,0.15103665
Synm,0.15103555
Senp7,0.15094793
Stx16,0.15087184
Tsc22d3,0.15084226
Krit1,0.15052685
Phc3,0.15050468
Gusb,0.15039687
Ddrgk1,0.15029015
Psme2,0.15019314
Ints6,0.14999744
Rai2,0.14964744
Zkscan3,0.14959493
Acadsb,0.14949632
Trp53inp2,0.14947207
Dctn6,0.14910753
Rhot2,0.14909472
Tef,0.14888647
Pxk,0.14878263
Pts,0.14871244
Fmc1,0.14861642
Cdk5rap2,0.14858666
Tspan6,0.14832485
Fgd5,0.14829208
Rab13,0.14808352
Hip1,0.14806552
Inhbb,0.14746363
Kansl1l,0.14745513
Ikbip,0.14725544
Cwf19l2,0.14720653
Poglut3,0.14714052
Ugdh,0.14699617
Dock6,0.14691067
Klf7,0.14682189
Vsig10,0.14656079
Cntrl,0.146235
Araf,0.14612412
Arhgef6,0.14605261
Nr1d2,0.1460017
Tns1,0.14598635
Birc2,0.14578846
Atg3,0.14577787
Znrf3,0.14570272
Egfr,0.14565466
Morc3,0.14559394
Pip4k2a,0.14553992
Ncoa1,0.14541635
Atp1b1,0.1453709
Klhl31,0.14501388
Bex1,0.14476
Mrpl27,0.14473733
Ccnd3,0.14464672
Gm2a,0.14460972
Tns3,0.14417507
Naalad2,0.14404577
Cbx6,0.14389868
Zswim6,0.14380756
5031425E22Rik,0.14354356
Vps28,0.14334781
Ppp2r5a,0.14330244
Metap1d,0.14329895
Mapk14,0.14329411
Adh1,0.14303471
Map4k3,0.14291744
Fam13b,0.14290434
Tmtc1,0.14287841
Trim56,0.14283302
Rasl11a,0.14253819
Mpc2,0.14248781
Nr5a1,0.14236768
Rit1,0.14219221
Xpa,0.14217149
Armh3,0.14214239
Scmh1,0.14205216
Pdha1,0.14198188
Dync1i1,0.1416525
N6amt1,0.14163576
Cramp1l,0.14158024
Arhgef3,0.14146295
Ubr1,0.14143074
Spen,0.1411287
Lmna,0.14092594
Sfxn1,0.1408139
Gxylt2,0.14077891
Gpbp1l1,0.14065614
Pex5,0.14058691
Arhgap17,0.14052607
Trim25,0.13980062
Angptl4,0.13950342
R3hcc1l,0.13947938
Immp2l,0.13938813
Gstt2,0.13893437
2310022B05Rik,0.1387738
Kif13b,0.13864365
Ppp1r12c,0.13861409
Tcf7l1,0.13814111
Kcnk2,0.13804847
Pdgfd,0.13795088
Ppm1e,0.13777828
Nedd4l,0.13757202
Sugp1,0.13755195
Zfp622,0.13753106
Tapbp,0.13736184
Zfp618,0.13729368
Pcp4l1,0.13721515
Kif13a,0.1372118
Fbxl7,0.13705379
Tsc1,0.13704205
Ptpn12,0.13686201
Usp25,0.13681944
Map2k7,0.13670214
Tmem160,0.1365459
Bin1,0.13648906
Wrn,0.13631521
Nfic,0.13616411
Dhrs4,0.13611288
Pbx3,0.1359978
Csad,0.13573118
Mertk,0.13556346
Susd6,0.13545658
Atp2b4,0.13542716
Rhoc,0.13542262
Prkag1,0.13533303
Npdc1,0.13525288
Smim11,0.13507009
Gpr108,0.13489756
Fbxw2,0.13489619
Stx7,0.13487314
Marchf2,0.13482563
Fnip1,0.13480672
Arhgap32,0.13479291
Lcorl,0.13473263
Mdp1,0.13464186
Stim1,0.1345047
Iah1,0.13433251
Man2b1,0.13423303
Lamc1,0.13421056
Gdpd2,0.1340421
Ube2e2,0.13403119
Mtss1,0.13397823
L3mbtl3,0.13383912
Fam102b,0.13376077
Depdc5,0.13371624
Dlgap1,0.13358621
Lpcat3,0.13356002
Vwa8,0.13347358
Trerf1,0.13345493
Tubgcp3,0.13341834
Dact1,0.1333793
Sh3d19,0.13330923
Commd6,0.13329297
Atp9b,0.1331626
Hdgfl3,0.13313039
Wwp2,0.13309576
Surf1,0.13301927
Myocd,0.13274239
Capg,0.13272764
Tmem106b,0.13238794
Map3k2,0.13234869
Ets2,0.13222
Nab1,0.13206272
Fads2,0.13194945
Ppp1r12b,0.13193442
Enox2,0.13184807
Snapc5,0.1318356
Trim2,0.13179843
Nos1ap,0.13171944
Ltbp1,0.13167977
Ank,0.13124128
Il10rb,0.13057955
Smad1,0.12970711
Pitpnc1,0.12963505
Tprkb,0.12958758
Pvt1,0.12932059
Anxa4,0.12906347
Etnk1,0.12902203
Taz,0.12878902
Ophn1,0.1287696
Wwp1,0.12870444
Gamt,0.12858717
Zhx1,0.12846671
Pkn1,0.1284612
Lama2,0.12844394
Rhob,0.12843381
Cplane1,0.1283422
Ptpmt1,0.12809207
Plec,0.12804422
Aprt,0.12800796
Igfbp5,0.12779924
Mrps11,0.12757495
Col4a6,0.1272946
Wdr41,0.12690273
Tmem205,0.12662879
Dnajc19,0.12632206
Dhrs3,0.12623957
Klf3,0.1261919
Frmd4a,0.12615943
Lyrm2,0.12615816
Skiv2l,0.12600718
Dleu2,0.12581132
Msantd2,0.12567478
Irf2bpl,0.12557682
Aamdc,0.12550135
1110038F14Rik,0.12546194
Pde1a,0.12538947
Ednra,0.12519832
Gnai1,0.12512264
Rbm47,0.12511234
Fam120b,0.12510794
Mitf,0.12486825
Pcbd2,0.124798745
Atp6ap2,0.12476375
Alas1,0.12473486
Lmbrd1,0.124717705
Ttf1,0.12464327
Tspan4,0.124619074
Rrp36,0.12461663
Gprasp2,0.124607265
Polr3gl,0.12446937
Capn2,0.124299645
Nr6a1,0.12361394
Bicral,0.123530135
Stxbp3,0.1234927
Ralgapa2,0.123460986
Sdhaf4,0.123435825
Sytl2,0.12314197
Apbb2,0.12313952
Shtn1,0.12309742
Ddhd2,0.123058885
Tmbim1,0.122999266
Hao2,0.12298137
Cox20,0.12292309
Scai,0.12288669
H2-T23,0.12282164
Abr,0.12280204
Olfr1033,0.122578904
Tbc1d23,0.122424
Syde1,0.12240281
Svil,0.12232634
Snhg8,0.12230382
Magi3,0.122186154
Nagk,0.12210579
Tbc1d9b,0.121810555
Dennd2a,0.12180953
Ctdsp1,0.12172942
Gm21992,0.121500395
Rnf180,0.12145132
Grik3,0.1211096
Chp1,0.12100803
Comt,0.12097335
Pld3,0.12093362
Fbn1,0.12089892
Trps1,0.12082115
Dtd1,0.120594576
Taok3,0.12048516
Col6a1,0.12030981
Ift81,0.120017946
Khk,0.11972992
Fibp,0.11965417
Lamtor4,0.11944387
Airn,0.11926085
Rims4,0.119197085
Tbc1d17,0.11910015
Man2a2,0.11907354
Ric8a,0.11903886
Rfx3,0.1189682
Smim10l1,0.11893621
Rerg,0.118935175
Plxna2,0.11877958
Tspo,0.118607014
H19,0.118601196
Ints6l,0.11853599
Bcor,0.11845832
Mt2,0.11839453
Rxra,0.11824819
Plcb3,0.11804708
Tmem159,0.11800975
Rapgef2,0.117793776
Ngrn,0.11776825
Fam114a1,0.11772496
Cblb,0.117683336
Brf1,0.11760496
Bach1,0.1175936
Map3k3,0.11751032
Armc8,0.11746799
Slc50a1,0.117415465
Lgals8,0.117281385
Plcb4,0.117195204
Arfrp1,0.11704568
Zfp503,0.116909556
Ciao1,0.116864175
Ctnnal1,0.11671663
Ssbp2,0.11657968
Dapk1,0.11656003
Adamts9,0.11653609
Cotl1,0.11642766
Git2,0.116364405
Iqgap2,0.116109654
Rassf3,0.11602473
Inpp5a,0.11588901
Plau,0.11586654
Irf2,0.11585565
Gprc5b,0.11581447
Pibf1,0.11578428
Aldh6a1,0.11567204
Bag3,0.11563948
Bpgm,0.115633175
Ccdc66,0.11557142
Rnf13,0.11542278
Ccdc191,0.115024
Ggh,0.115015775
Cog3,0.11481116
Man1a,0.11471085
Zcchc14,0.1146903
Nfkb1,0.1144383
Smoc2,0.11438242
Pacs1,0.11433093
Zfhx3,0.11415892
Oard1,0.114086024
Trip6,0.114021346
Kxd1,0.11396446
Actn1,0.11395709
Tsr3,0.11389359
Atf5,0.11387041
Iscu,0.113837734
Wtip,0.11365237
Thap3,0.11344693
Rnpc3,0.113390036
1110051M20Rik,0.11323577
Vcl,0.11322764
Sh3bgrl3,0.11321514
Mylip,0.1130315
Ggps1,0.11271287
Prxl2b,0.11244501
Zzef1,0.112104446
Ilvbl,0.11190088
Trnau1ap,0.11183474
Kif1c,0.111762665
Pcif1,0.11170219
Hdac5,0.11165987
Washc4,0.11162823
Akap10,0.11156496
Pttg1,0.11148032
Nrbp2,0.1114659
Fer,0.1113782
Actr3b,0.11122673
Cpsf7,0.11120719
Slc25a30,0.11119338
Slc16a2,0.11117785
Crebzf,0.111156724
Camk1,0.111115694
Mrtfa,0.11111531
Abhd16a,0.11071965
Pkd1,0.110487044
Slc38a9,0.11047395
Vamp4,0.11041081
Psmb10,0.11032263
Kdm4c,0.11028928
Atp6v0a1,0.110239565
Ube2i,0.110216655
Uimc1,0.11021218
Dguok,0.11015493
Slc35a1,0.109932974
Mettl23,0.10979501
Gm4876,0.10963704
Klhl23,0.109306194
Tob1,0.109245084
Parp8,0.10907604
Iftap,0.109061874
Fxyd6,0.109012164
Smpd2,0.10873915
Stat6,0.10865224
Gm26691,0.108536504
Cd9,0.10849423
Bckdhb,0.10845027
Grem2,0.10841517
Cds2,0.10835823
Mmut,0.10829086
Sirt2,0.10823914
Bckdk,0.10815326
Ppp1r9b,0.10789476
Tbck,0.10788069
Mettl27,0.1074614
Cdk10,0.10733895
Map3k20,0.10712849
Ier2,0.107100755
Arnt,0.10705273
Ppp5c,0.10704086
Myo1d,0.10690846
Sh3pxd2a,0.106799774
Ptpn9,0.10663881
Sirt7,0.106360205
S100a6,0.10630604
Ncoa7,0.10625452
Cd36,0.10601561
Cyba,0.1058846
Fam135a,0.10585892
Insig2,0.10556674
Vps26c,0.10546957
Etfbkmt,0.10532106
Dhx16,0.10522436
Sgcb,0.105218984
Slc49a4,0.10512408
Igdcc4,0.10506784
Gpatch4,0.10502048
Hipk2,0.10493505
Mageh1,0.104840815
BC003965,0.104811676
Nfib,0.104762115
Sgpp1,0.104753114
Septin4,0.1047149
Smarcd3,0.10471273
Ly6e,0.10453641
Atg10,0.10434007
Rex1bd,0.10429777
Gsn,0.10413444
Slc48a1,0.10409798
Fam160b2,0.104092136
H1f2,0.10389576
Anks3,0.10380277
Bet1l,0.10376356
Fyco1,0.103605606
Acsl4,0.10357272
Spaca6,0.1035082
Kctd2,0.10346854
3830406C13Rik,0.10340878
Ptk7,0.10338919
Ttc4,0.103234336
Mcee,0.103145115
Mxra7,0.10304234
Parp2,0.10296514
Grip1,0.102903634
C1qtnf6,0.10262624
Armcx1,0.10253563
Fech,0.1024915
Gabbr1,0.102286376
Copz2,0.10220714
Crlf3,0.10212816
Bad,0.10203416
Pigyl,0.102003865
Col6a3,0.10195044
Tfpi,0.10194977
Efemp2,0.10193341
Mpst,0.10171244
Crip2,0.10160204
Rilpl1,0.10133767
Cyld,0.10131266
Tmem161a,0.101199284
Ccdc85b,0.101193495
Tbk1,0.10098937
Gpm6b,0.100968
6720427I07Rik,0.10092222
Edem3,0.10091147
Rprd1b,0.10080901
Rbbp9,0.1007815
Fads6,0.10075721
4930581F22Rik,0.10072533
Ctnna3,0.1005884
Atxn7l1,0.10056612
Pet100,0.10052571
Dnah7b,0.10041981
Syne1,0.10025792
Skap2,0.10023858
Fggy,0.10023781
Ckb,0.10008248
Tnfrsf1a,0.09997707
Ier3,0.09995725
Gnb4,0.09991303
Emx2,0.099892616
Rab34,0.09979603
Vldlr,0.09956086
Plekhm2,0.09943896
Galk2,0.09940327
Ifnar2,0.09924895
Arap1,0.099154636
Lrrc1,0.09909763
Plxnb1,0.09896631
Pcyt1a,0.0986357
Lncpint,0.09859823
Mvp,0.098494925
Fstl1,0.09838695
Gadd45b,0.09838308
Ikbkb,0.09831538
Mettl3,0.09829041
1810030O07Rik,0.09825148
Vat1,0.09819602
Hmgcl,0.09794702
Atoh8,0.09791014
Srgap3,0.09786305
Ppp1r21,0.09781425
Arhgef2,0.09775791
Maoa,0.09775619
Nt5c3,0.097669445
Cst8,0.09763242
Cxcl14,0.09755925
Tsc22d2,0.09732836
Oplah,0.09732194
Gigyf1,0.097258076
S100a1,0.09719324
Herpud1,0.0971744
Asb3,0.09711119
Clasrp,0.09703988
Clstn2,0.09669822
Zfp157,0.09661885
Stat2,0.09641338
Nkain2,0.09639619
Mpv17,0.096322626
Zbtb46,0.096228614
Ntng1,0.09620533
Mturn,0.096127406
Zfp945,0.09594067
Rab9,0.09580026
Gm20629,0.09571639
Rarg,0.09559242
Trf,0.095584504
Zbed3,0.09557976
Tet2,0.09549688
Parp4,0.09527759
Cyb5r1,0.09523701
Trmt2a,0.09511806
Csf2ra,0.09488676
Dync2i1,0.094808534
Abtb1,0.09474474
Arnt2,0.0946848
Rgl2,0.09468004
Smim4,0.09450386
Pdgfra,0.09439251
Emc2,0.094234765
Serpinf1,0.09421917
4931406C07Rik,0.094213605
Grina,0.09420999
Ring1,0.0941078
Acad8,0.09406026
Folr1,0.09400943
Trub1,0.09400389
Lyz2,0.0940019
Katnip,0.09398124
S100a13,0.09396276
Ddit3,0.093753465
Prkg1,0.093722165
Tbce,0.09353055
Trp53bp2,0.09346903
Msrb3,0.093429446
Snap29,0.09342613
Bbs2,0.093274884
E130307A14Rik,0.09316866
Dpm3,0.09310728
Eif2ak2,0.0927749
Gnpda2,0.092716075
Phlpp1,0.092601545
Col5a2,0.092598096
Ocrl,0.09255173
Stx17,0.0922359
Anks1,0.0922273
Gm49797,0.09213955
Alad,0.092119366
Spopl,0.09204594
Zfp346,0.09193989
Pdlim5,0.091891155
Chpt1,0.09147258
Id1,0.0914416
Swap70,0.091243036
Slc43a2,0.09119922
Fxyd1,0.09115155
Rragd,0.0911076
2700081O15Rik,0.091078006
Map7d1,0.09104924
Ap4m1,0.0909338
Haus7,0.09090856
Abcb1b,0.090864316
Bgn,0.090756126
Bcl9,0.090662256
Ephx1,0.090312354
Wdr45,0.089996636
Zcchc24,0.089992434
Vti1b,0.089913696
Kcnk3,0.08990413
Atxn3,0.0897172
Pmepa1,0.089632735
Ust,0.08958611
Mtr,0.08952985
Pigp,0.08942623
Usp53,0.0894103
Mapk8ip3,0.08931868
Fhl2,0.08926215
Adcy6,0.08921954
Nrp2,0.0892019
Hars2,0.08912281
Asah2,0.089113094
Mgst2,0.08909941
Trip10,0.08896092
Tcn2,0.0887579
Gm15866,0.088689916
Nr3c1,0.088564925
Optn,0.088440895
E330017L17Rik,0.08840443
Prr16,0.088368826
Hadhb,0.088305615
Prkn,0.08829237
Micu1,0.0881755
Ift57,0.08817257
Pgm3,0.08812221
Rbms2,0.087805055
Kifc3,0.08780388
Kin,0.087702855
Srr,0.08769113
Nbl1,0.08763991
Maf,0.08759193
Cog7,0.08731937
Ric8b,0.08718623
Hsd17b7,0.08717093
Tcp11l2,0.08707869
Ptpn3,0.086962186
Ppm1m,0.086900085
Rnf144a,0.08687696
Lpar6,0.08682976
Tmem47,0.08671543
Asrgl1,0.08670962
Golga1,0.08665856
Dzip1,0.08664932
Agtrap,0.08663666
Flcn,0.08659543
Snhg12,0.08657093
Ptgr2,0.086497
Pnpla7,0.08637184
Ackr3,0.08616625
Map3k1,0.08616578
Mcts1,0.08615613
Mical1,0.086088195
Tenm3,0.08604201
Bphl,0.08599887
Upp2,0.08598934
Vwa5a,0.08592876
Ampd2,0.08583662
Mib2,0.08577032
Tmem87a,0.0857122
Lgals3,0.08563278
Invs,0.08559571
Farp1,0.08558911
Ldah,0.08557712
Klhl5,0.08555473
Osbpl1a,0.08554564
Plgrkt,0.08552988
Jup,0.08552899
Tmem35a,0.08551692
Clcn2,0.08547381
Prxl2a,0.085047364
Znfx1,0.08492014
Igfbp6,0.08479884
Mccc1,0.08469267
Rassf8,0.08466262
Acyp2,0.08457309
Mpdz,0.0844441
Cgrrf1,0.08437252
Zbtb1,0.08433742
Khnyn,0.084262945
Uckl1,0.08418549
Stard3,0.084056385
Dvl1,0.08386625
Pdlim7,0.08382433
Pfn2,0.0837005
Foxj2,0.08369452
Rhoq,0.083629094
Zfp398,0.083619304
Nudt13,0.083466746
Snx10,0.08340872
Sfxn2,0.08338361
Klf12,0.08337327
Ctsh,0.083350115
Eef2kmt,0.08330384
Nqo2,0.08324747
Crot,0.083246864
2610037D02Rik,0.08308799
Smpdl3a,0.08302776
Akr1b10,0.08289065
Ldlrad3,0.08274218
Rusc2,0.082674645
Phactr1,0.08262881
Rnase4,0.082628064
Ccdc80,0.08257743
Taco1,0.08250701
Wt1os,0.08234139
Arhgef25,0.08233519
Tecpr1,0.08231322
Pygo1,0.08224088
Agpat4,0.082219586
Ostf1,0.082131565
Gpcpd1,0.08211583
Sdccag8,0.0817637
Eml3,0.08171865
H2-M3,0.081710115
Ssbp4,0.08154949
Gnptg,0.08153168
Plat,0.08143489
Zfp30,0.08139236
Idnk,0.081332915
Pepd,0.081223585
Dbn1,0.08121012
Iqcb1,0.08120844
Ccpg1,0.081162155
Ngly1,0.08113567
Lipa,0.080969006
Mpp1,0.0809459
Galnt15,0.08092377
Pced1b,0.08084081
Stxbp5,0.08083664
Ogn,0.08082428
Nr0b1,0.08079943
Ccdc9,0.08078759
5730455P16Rik,0.08072758
4933439C10Rik,0.080708906
Cd59a,0.08059806
Prickle1,0.08058871
Ryr2,0.080526516
Sbsn,0.080470346
Churc1,0.08045318
Angpt2,0.08038175
Fgf13,0.080307014
2510009E07Rik,0.08027211
Ankra2,0.08022082
Rabep2,0.08020247
Lockd,0.08001412
Elp4,0.07982876
Ttc21b,0.07977866
Zscan26,0.07972967
Arsb,0.0797251
Amdhd2,0.079706475
Stat1,0.0795709
Cavin3,0.07944017
Epdr1,0.07942086
Gm33989,0.07925389
4632427E13Rik,0.07922025
Efhd2,0.07915126
Pip4p1,0.07914508
Slc25a27,0.07913252
Junb,0.07912294
Slc38a6,0.07902354
Ptpn14,0.07900698
Zfp182,0.078999475
Dhrs1,0.07899012
Zfp809,0.07896098
Elk3,0.07886881
Uggt2,0.07883
H2-T22,0.0787997
Chkb,0.07879418
Sorbs3,0.07865966
Acvr1,0.07855072
Rassf1,0.07850636
Antxr2,0.078419834
Sh3rf1,0.07834833
Mthfd2l,0.07832103
Wdr13,0.07825883
Snhg17,0.07797791
Eps8,0.07792335
Lifr,0.07783819
Flywch1,0.077772476
Nid1,0.07764108
Selenbp1,0.07759963
Alkbh6,0.0774704
Blvra,0.07742342
Ebp,0.07720868
Fn1,0.077096045
Sharpin,0.07706556
Pon2,0.077007905
1700025G04Rik,0.076964915
Nucb2,0.07694024
Zup1,0.076822355
Idua,0.07675222
Lrrfip1,0.0767275
Zyx,0.076722115
Zfp263,0.076715186
St3gal6,0.07667168
Plekho1,0.07660699
Kcnab1,0.07652677
Dbr1,0.07649664
Dalrd3,0.076325804
Bclaf3,0.076138146
Coa6,0.07610634
Wdfy2,0.07609782
P3h2,0.076079056
Stard10,0.075973
Tgfb3,0.0758989
Fam110b,0.07586947
Tmem100,0.07568389
2310039H08Rik,0.075626336
Dach1,0.07555459
Ehd2,0.075401
Wdpcp,0.075386986
Socs5,0.07530825
Dtx3,0.07528429
Eogt,0.07527504
Hivep2,0.07519517
Myh11,0.07514322
Rgs11,0.075123005
Thsd4,0.07509624
Heyl,0.07503566
Pip5k1b,0.07489976
Gatb,0.07467882
Prorsd1,0.07465287
Rgl1,0.0746064
Lncppara,0.074463084
Blvrb,0.074412905
Notch2,0.0743631
Pgghg,0.07429232
Uaca,0.07428285
Tspan5,0.07426528
Cdk17,0.07425562
Pfkm,0.074222066
Dexi,0.0739731
Gtpbp2,0.07379378
Dab2ip,0.07377531
Agrn,0.0736959
Guf1,0.073601425
Ift27,0.07343506
Reln,0.07337927
Col1a1,0.07332813
Tbc1d22a,0.073326774
C1qtnf12,0.07324348
Hoxd8,0.07319533
Bcl2l11,0.07319051
Lgmn,0.073092274
Kri1,0.07306765
Tmem175,0.072958454
Shc1,0.07271816
Acer3,0.07271115
Ap4s1,0.07262913
Gpn3,0.07258793
Bach2,0.072577804
Slc25a23,0.07255579
Glis2,0.07250052
Tagln2,0.07240281
Inafm1,0.0723995
Litaf,0.07233355
Plscr4,0.07220714
Cdh11,0.07213056
Msrb2,0.0718958
Yipf2,0.07187563
Rhou,0.071755536
Micu3,0.07174618
Mlh3,0.07170422
Tmem126b,0.07167749
Esr1,0.07159432
Hmgn3,0.07155741
Slit3,0.07144032
Mcoln1,0.07141661
Arrb1,0.07140025
Celf2,0.071281515
Rnd2,0.07121796
Rbfox1,0.0710328
Rmdn1,0.0710163
Grk5,0.070999354
Dpp7,0.07095429
Nectin2,0.07089421
Klc4,0.07089359
H2bc4,0.07086273
Fkbp7,0.070672765
Nob1,0.07053569
Agl,0.070401914
Etfrf1,0.07036218
Mid1,0.07023907
Col4a4,0.0701168
Mtus1,0.06992583
2510002D24Rik,0.069872476
Cdc42bpg,0.06984233
Zfp408,0.0698043
Msrb1,0.06976839
Rab8b,0.06969895
Six5,0.069683336
Gstk1,0.0696721
Gucy1a1,0.069614775
Rabepk,0.069587275
Sema6a,0.069542855
Ndrg3,0.06952871
Triap1,0.06935735
Dtna,0.06931462
Parp6,0.069256276
Fnbp1,0.069256015
Leng8,0.06909686
mt-Nd6,0.06904377
Abcg2,0.06904334
Flnb,0.06902936
Ugcg,0.068990946
Zfp52,0.06892233
Mex3b,0.06888159
Eepd1,0.068786696
Bcl6,0.068689086
Psmb8,0.06868874
Sik2,0.068577714
Zbtb4,0.06856884
Uvssa,0.06855124
Trmt13,0.06849769
Eva1b,0.06849418
Nckap5,0.06802732
Pycard,0.06801377
Dkk3,0.067605525
Mcrip2,0.067603074
Mpp7,0.067587085
Mettl7a1,0.067584194
Mideas,0.067579016
Miip,0.0674113
Ptgr1,0.06741025
Irf1,0.06731815
Plekhg1,0.06726249
Pmp22,0.06720202
Vps13c,0.06716902
Gm16124,0.06714998
Sfrp1,0.06708355
Gm44250,0.06701196
Zfp90,0.06679066
Por,0.06675734
Gripap1,0.06673088
Tmc6,0.06671997
Coch,0.066544466
Rab10os,0.06650541
Nrp1,0.06646571
Pak6,0.066393495
Septin8,0.06637124
A530020G20Rik,0.066287085
Sp3os,0.066220544
Pde5a,0.066102855
Arhgap23,0.06587898
Ssh2,0.065826416
Mdk,0.06581542
Ecm2,0.06576048
H1f8,0.06556403
Wdr83,0.06552981
Aifm2,0.06534862
Uap1l1,0.06532418
Lrif1,0.06527972
Cers4,0.064964496
Ankrd16,0.06486996
Pde10a,0.06468424
Rras,0.06466414
Vamp2,0.064646356
Rufy2,0.06461583
Boc,0.06446389
Il1rapl1,0.06440951
Htatip2,0.064283155
Lyst,0.06412388
Bcl2,0.06403146
Ikzf2,0.0640249
Zfp688,0.063991584
Plekhg2,0.06393335
Hspa12a,0.063873425
Snhg3,0.06384096
Amer1,0.06379582
Apobec3,0.06353579
Spred2,0.063452534
Gk5,0.06341322
Ifngr1,0.06340735
Usp54,0.06334566
Map11,0.06333596
1600020E01Rik,0.063301295
Slc17a5,0.0632193
Hlf,0.06311913
Sh3bgr,0.062999345
Tnfrsf12a,0.06283631
Cab39l,0.06282441
Mpg,0.06281808
Plekhn1,0.06279969
Btg1,0.06274785
Ubxn2b,0.06257685
Qtrt1,0.062484983
Mtrf1l,0.062484585
Kalrn,0.062316667
Tmem109,0.06231486
Pip4k2b,0.062198207
Mettl24,0.062145963
Tnc,0.0620784
Grm7,0.06206979
Orai3,0.062066566
Fahd1,0.062060293
Malt1,0.062020887
2810410L24Rik,0.062004946
Zrsr1,0.06197205
2900076A07Rik,0.061928075
Tcf21,0.061833378
Tep1,0.06174674
Clstn1,0.061744716
Cpeb3,0.061661314
Pygl,0.06157671
Tspyl2,0.061431237
Nprl3,0.061414726
Pitpnm2,0.061407384
Rdm1,0.061359
Phkg2,0.06134581
Dynlt2b,0.06125857
Ripor1,0.06122223
Trim3,0.061189815
Cars2,0.061159194
Pias3,0.061102655
Ifi30,0.060983006
Stoml1,0.060964014
Sat1,0.060869616
Rgmb,0.060866635
Stk19,0.060840495
Traf5,0.060839716
Entpd1,0.060839042
Cryzl2,0.060757767
Afap1,0.060752653
Slc27a3,0.060670774
Nlrp14,0.060605448
Setbp1,0.060551237
Snx29,0.060504463
Slc4a4,0.060495596
Fahd2a,0.06043524
Napepld,0.060303666
Mir22hg,0.060299385
Pi4kb,0.060294833
Egflam,0.060290445
Pced1a,0.060171477
C1ra,0.060002685
Plpbp,0.05999531
Tafa5,0.059933297
Dennd4a,0.059905324
Pmm1,0.059902072
Pon3,0.059885073
Serpinb9,0.059881438
Ifih1,0.05981269
Slc9a3r2,0.059810705
Ppfibp2,0.059802048
Meis2,0.05977546
Anxa1,0.059717443
Smtn,0.05964316
Fam120c,0.059608158
Tyk2,0.05955206
Ccdc163,0.0594474
Tpst2,0.05942332
Klf2,0.059393547
Palm,0.059338823
Homer3,0.059256338
Fam171a1,0.05921685
Apip,0.05915125
Sorbs1,0.059115406
Snx24,0.0591147
Rasa3,0.05906798
Glis3,0.059036937
Wdsub1,0.059025615
Thrb,0.05900729
Rmnd1,0.05894189
Tmem250-ps,0.058850635
Tbc1d32,0.058847476
Sfxn3,0.058842693
Cacnb2,0.05870408
Tgfbr2,0.058697253
Pkdcc,0.0584083
Rgs10,0.058346845
Mmaa,0.05831447
Parp9,0.058200184
Pwwp2b,0.058194272
Fbxo4,0.058103908
Hoxc6,0.058063112
Prnp,0.05805018
Kcnd3,0.057950497
Ksr1,0.057835888
Tmem219,0.057796035
Tle6,0.057709116
Tspan7,0.057670493
Krt18,0.05764214
Mtmr6,0.057623636
Lbh,0.057591215
Adam12,0.057584245
Zer1,0.05756226
Crem,0.05754215
Bean1,0.05747802
Lgals3bp,0.057356577
Nlgn2,0.057318423
Mafb,0.057085063
Klf10,0.05701364
Fbxl12,0.056918778
Nhsl2,0.056825053
Arhgef10l,0.056818295
Stard8,0.05678115
Zfp12,0.056759518
P3h3,0.056750827
Ptp4a3,0.056639962
Fgl2,0.056573253
Pamr1,0.056513518
Nr1d1,0.056408357
Cadps2,0.056396633
Pigc,0.056349866
Csrp1,0.05632672
Arhgap24,0.056291517
Kcnip3,0.056262564
Chp2,0.056258697
Aldh1b1,0.056248315
Fzd7,0.056241803
Trmt2b,0.056231618
Lgr6,0.05622275
Spsb2,0.05613741
Surf2,0.056080643
2810013P06Rik,0.056041367
Abca3,0.055964533
Sgk1,0.055845756
Cuedc1,0.05583029
Rhoj,0.05580773
Lama4,0.05556785
Clec1a,0.055510607
Snx21,0.055435687
St6galnac6,0.055283353
Slc4a3,0.055279113
Csdc2,0.05520686
Hoxd9,0.055197194
Gdf9,0.05519621
Snai2,0.055191778
Zdhhc14,0.055125266
Tmem53,0.055108838
Spata13,0.055094786
Tgfbi,0.05499503
Vps45,0.054884676
Isoc2a,0.05486848
Mr1,0.054720405
Daam2,0.054615516
Cacnb3,0.054585468
Vit,0.054419074
Rrnad1,0.054416575
Srgap1,0.05436315
C2cd2,0.054308996
Klhdc8b,0.054290913
Arl6ip5,0.054196116
Sec14l1,0.054154146
Nmi,0.054059137
Serping1,0.054010395
Tnik,0.05395141
Rapgef5,0.05389408
Btg2,0.05383432
Mfsd11,0.053783268
Lsamp,0.05372915
Tdrd7,0.05365195
E4f1,0.053635933
Arhgef40,0.053611293
Dgkb,0.053585663
Rnd3,0.053523976
Palld,0.0534965
Irf9,0.053458244
Acot1,0.053390075
Matn2,0.053365573
Jrkl,0.053323824
Dnajc4,0.053312242
Spata6,0.053284902
Nacc2,0.053246632
Pofut1,0.053210013
Cadm1,0.053172614
Ggct,0.0531668
Wdyhv1,0.053147916
Slc29a1,0.052990515
Col16a1,0.05296266
Traf3ip2,0.052771144
Gtf2ird2,0.052769504
Ppcdc,0.05274658
Plac8,0.052648693
Timp1,0.052641645
Cdc14b,0.052587308
Itga1,0.05253316
LTO1,0.052479554
Mitd1,0.052318756
Plk2,0.052315496
Smim1,0.05212992
Cacna1c,0.052068662
Gulp1,0.051930055
Vav2,0.051880106
Grb10,0.051861852
Wnt4,0.05183802
Syngr1,0.05176934
Bcl2l10,0.0517156
Tmeff2,0.051682588
Erich1,0.05161994
Nhs,0.051584452
Tgm2,0.051540893
Mndal,0.05152392
Pnmal2,0.051493064
Dclre1c,0.051474996
Kcnb2,0.051429663
Hivep3,0.051366966
Cgn,0.051323976
Pcyt2,0.051314227
Myadm,0.051301703
Lpar4,0.05124778
Hs6st2,0.051234934
Poli,0.051112313
Kirrel,0.051066604
Ddb2,0.05101031
Crip1,0.051009487
Letm2,0.050955158
Col5a1,0.050922383
Ctss,0.050920364
Ephb4,0.050757132
Unc93b1,0.050743293
Chic1,0.050710317
1110032A03Rik,0.050663393
Gramd4,0.05051978
Irak2,0.05038196
H2-Ab1,0.0503784
Colec12,0.05035196
Gt(ROSA)26Sor,0.05029263
Tmem218,0.050292015
Vamp5,0.050284542
Snhg16,0.05026603
Cav1,0.050236616
Pard6g,0.050214592
B130024G19Rik,0.050199676
2610035D17Rik,0.0500934
Cdkn2c,0.05006421
Emp1,0.050049756
Sugct,0.0500385
Plppr3,0.05002016
Zfp53,0.05000358
Septin1,0.04995764
Hoxd3os1,0.049876686
Dusp3,0.049811676
Stard9,0.049780775
Dhcr24,0.049780156
Cnn2,0.049776856
Ddr2,0.04976725
Samd4,0.04974943
Gm49708,0.049739946
Tpst1,0.049713712
Itgb3,0.049707636
Mmp2,0.049650006
Hbb-bs,0.049620297
Arhgef5,0.04957555
Kank3,0.049552534
Kcnk1,0.04951673
5730409E04Rik,0.04938435
Wdfy1,0.049289834
Gbp7,0.04918468
Khdc1b,0.04908978
Ncam1,0.04897078
Snrk,0.048964124
C86187,0.048962027
Zfp521,0.048959162
Pex11a,0.048868302
Npr1,0.04881869
Col6a2,0.048757702
Jpx,0.04863295
Srd5a1,0.048597913
Ttc12,0.048575286
Spon1,0.048566803
Shfl,0.048550595
Col15a1,0.04847853
Gpr155,0.048401512
Tcea3,0.048389018
Dgkh,0.04830836
Lgals4,0.048269264
Gnao1,0.04826055
Ccdc141,0.048204567
Actg2,0.048195902
Mob3b,0.0480368
Ppm1h,0.048023038
Slc25a37,0.04801727
Dapp1,0.04801337
Cgnl1,0.047886938
Frrs1,0.04774012
2810403D21Rik,0.047662057
Ndor1,0.04760241
Gpc3,0.047547586
Rgs3,0.04751915
Alpk1,0.04748303
Tst,0.047437426
Fam219b,0.047419887
Rps6ka1,0.047383904
Hoxc4,0.047354445
Tasp1,0.047327984
Emc9,0.047306515
Lrrk2,0.04724677
Fbxo6,0.0472136
Tcta,0.04712368
Dhdh,0.047122616
Map1a,0.047037225
Pigbos1,0.04701382
P2rx4,0.047005203
Zfp710,0.046992574
E330034G19Rik,0.046961974
Prdm11,0.04687663
Prrg1,0.046861935
Btg4,0.04685377
4930511M06Rik,0.046852123
Osbpl3,0.04676955
Fam171a2,0.04671735
Dtx4,0.04664382
Gng11,0.046639465
Slx1b,0.04657519
Adamts1,0.04649115
Adhfe1,0.046446845
Il1r1,0.046444695
C1qb,0.046401866
Gsdmd,0.046278983
S1pr2,0.046265572
Bahd1,0.046221677
Cyp4f13,0.04615387
Tmem243,0.04607841
Nsmf,0.046055924
Kazn,0.046038754
Gadd45g,0.046030466
Eml1,0.04602468
Jcad,0.046003554
Hdac7,0.04597789
Iffo1,0.045970187
Cmbl,0.045954604
Itpripl2,0.045911994
Gm4258,0.04587943
Padi6,0.045866936
Iqsec2,0.045864675
Trim61,0.045717474
Tspan9,0.04571724
Lum,0.045621846
Nxnl2,0.04558166
Dnase2a,0.04554787
Nr3c2,0.045537833
Stc1,0.045419313
Avpi1,0.045365937
Egfl7,0.04535731
Arrdc4,0.045299914
Cerk,0.045224205
Atg4a,0.04519111
Parp14,0.045139443
Abi3bp,0.04505761
Tyw5,0.045057364
Klhl26,0.045054812
Nek8,0.044932812
Bdh2,0.044858243
Rab7b,0.044852514
Ankrd24,0.044837024
C1qc,0.044729985
Mettl17,0.04471962
Zfp354c,0.044678327
Plcl1,0.044582795
Kctd17,0.04446231
Mapk8ip1,0.04440947
Mapre3,0.04432399
Tmem38a,0.044318024
Apbb3,0.04430361
Vps37b,0.04411621
1700012D14Rik,0.044070423
Unc5b,0.044028793
Per3,0.04393152
Lmo7,0.043908313
Dok1,0.04383068
Clcn7,0.04377855
Parp10,0.04370422
Cdk14,0.043697543
Gm17491,0.043696955
Abhd2,0.04364596
Zfp692,0.04362981
Pcsk7,0.04360615
Abca6,0.043559004
Scara3,0.04355481
2610507I01Rik,0.04348159
Selenom,0.04348059
H2aw,0.043466896
Ccdc122,0.04342463
Kcnab3,0.043424048
Ppp1r18,0.043392077
Hk1,0.043228358
Dysf,0.04319655
Piezo1,0.04319329
Gramd3,0.043132294
Adam15,0.04305659
Lrrc17,0.04305032
Fry,0.04300394
Ganc,0.04295055
Adgrl3,0.04292434
Dock8,0.04286274
Runx1t1,0.042814184
Xkr6,0.04279224
AI480526,0.042784564
Plcb1,0.042760145
Cd34,0.042756576
Meis1,0.04271133
Trim47,0.04251174
Piezo2,0.04242965
Tgfa,0.042405974
Ppp1r14a,0.042391114
Ifi35,0.042357404
Pxmp4,0.042330917
Mob3c,0.042282462
Slc22a17,0.04223857
Elobl,0.042153582
Ccdc82,0.04215016
Prcp,0.04213282
Zfp703,0.042004075
Gimap9,0.042002097
Dpp6,0.041937534
Entpd5,0.04193459
Camta2,0.041805144
Gm37376,0.041791547
Pdpn,0.041788314
Rftn1,0.04178444
Cspg4,0.041781723
Gm20696,0.04172305
Loxl2,0.04171902
Gm21691,0.041615978
Cyp2j6,0.04154568
Alcam,0.041527938
3110056K07Rik,0.041514456
Sema6d,0.04151204
Pacsin3,0.041507207
Sirpa,0.04146221
Bpifb4,0.04144461
Tbx3,0.04143662
Hoxd4,0.041406408
Pim1,0.041382175
Cyp27a1,0.041289568
Peg3,0.04123576
Arrb2,0.041159462
Atg16l2,0.04115582
Spef1,0.041124728
Wdr44,0.041087244
Dnm3,0.041077975
Flrt2,0.04104046
Prkd2,0.040969335
Fzd6,0.04090178
Gm49599,0.040874336
Slc43a3,0.04078283
Tcirg1,0.040767647
0610009L18Rik,0.040663097
Ets1,0.0406031
Mpc1,0.04056242
Tnip2,0.040494345
Tiam2,0.040481742
Cavin2,0.04047351
Rnf135,0.04046766
Zfp36,0.040439866
5430405H02Rik,0.040420253
Tbc1d9,0.040388115
Dancr,0.040383816
Anxa11,0.040347792
Fam214b,0.040306877
Kbtbd3,0.04028763
Tceal1,0.040203013
Amy1,0.040163454
Npm2,0.04014203
Dzip1l,0.04012633
Frmd4b,0.04007171
C2,0.040060792
Doc2b,0.040060665
Prickle2,0.04005796
H6pd,0.040033504
Kif5c,0.04001492
Mxra8,0.03991119
Gm13986,0.03985213
Ecm1,0.039839346
Ago4,0.039822385
Pea15a,0.039799005
Cdkn1c,0.039734576
Isoc2b,0.03971322
Ttc39b,0.039691545
Aldh5a1,0.03966233
Hoxc8,0.03964871
Camkmt,0.039602
Arsk,0.039492726
Ndn,0.039486144
Lhcgr,0.039455745
Cacnb4,0.039419305
AI413582,0.039229915
Tnfaip8,0.03918469
Snhg11,0.039165717
Naprt,0.039141033
Decr2,0.039117005
Pde4d,0.039018787
Ndrg1,0.038965687
Ccdc57,0.038867686
Il34,0.038867287
Rassf2,0.03874189
Zfp780b,0.03873741
Pltp,0.038715016
2010320M18Rik,0.038666524
Fign,0.038621254
Osr2,0.038587023
Cobll1,0.03852621
Ppox,0.038524713
Stox2,0.038469624
Tmem41a,0.03846895
Specc1,0.038427863
Ap5z1,0.038408093
Pdk2,0.03840209
Rims2,0.038395155
Hacd4,0.038324937
Ccdc102a,0.038235594
E330021D16Rik,0.038177934
Trim12a,0.038157407
Gm20457,0.038131904
Zfp949,0.038110297
Tox,0.038094025
Tmem191c,0.03808425
Irgm1,0.03807534
Spats2l,0.038061354
Ctsc,0.0380501
Zmym6,0.038020387
Dipk1a,0.03798494
Glb1l,0.03798133
Ralgds,0.037928898
Niban1,0.03791372
Retreg1,0.037913166
Plekhg3,0.03790502
Pou6f1,0.037904557
Plekhh3,0.037850626
Ifi27l2a,0.037848353
Pcx,0.037792906
Tbc1d16,0.037779387
Slc39a1,0.037633132
Coq8b,0.03759271
Ddx58,0.037592288
Runx2,0.03758045
Mrc2,0.03745434
Cnp,0.037362758
Tle2,0.037272118
Inpp4a,0.037259698
Rtp4,0.03725627
Abca9,0.03725275
Map4k2,0.037204064
Gatm,0.03716565
Abhd14b,0.03711665
Mmd,0.037015285
Hoxc5,0.03697746
Gna14,0.036934003
Speg,0.036871865
Asb13,0.036850635
Fah,0.03682202
4732471J01Rik,0.03680836
Dtx3l,0.036709424
Als2cl,0.036660917
Hoxc9,0.036587086
Zfp983,0.036534548
Mknk2,0.036413275
Lrrc49,0.036389448
Gm46430,0.03630751
Gsg1l,0.036210053
Trpm3,0.03617662
Emilin1,0.036070254
Cd74,0.03605666
Lgals9,0.036010146
Rps6kb2,0.035974532
Pdzrn3,0.035973493
Slc26a11,0.035945278
Cebpzos,0.035935413
Pnp,0.035933565
Zbtb7c,0.035909563
Ttc8,0.035895728
Mfhas1,0.03587799
Lpar1,0.03586845
Zfp870,0.03573002
S100a16,0.035723194
Gm20300,0.035723038
Eda,0.035587072
Slc31a2,0.035566606
E230016M11Rik,0.03555898
Ppp6r2,0.03555758
Krt10,0.0355389
Cacna1d,0.035516523
Gm15270,0.035475068
Mid2,0.03543646
Trp53i11,0.035321765
Ildr2,0.035313543
Fabp4,0.035238996
Plce1,0.035156958
6330403K07Rik,0.035037957
Abhd18,0.034958202
Cib2,0.034893002
Sgk3,0.034877323
Dnase1l1,0.034848694
Layn,0.03483611
Itgb8,0.034771215
Meis3,0.034742672
Col4a3,0.034731258
Hacd1,0.0346336
Izumo4,0.034536563
Adcy7,0.034490738
Steap3,0.034459665
Micall1,0.03435035
Cpeb2,0.03434399
Nudt18,0.03431889
Tmem63a,0.03428331
Tinagl1,0.034256727
Gm12216,0.03421139
Cxcl12,0.034177165
Il17rc,0.03409899
Gas7,0.03401382
Art4,0.03391029
Samd14,0.033895668
Wnt6,0.03385769
Zfr2,0.033834577
Gm20732,0.033759143
Fndc4,0.033724196
Islr,0.033679195
Slc8b1,0.03367205
Fgfr1,0.033665624
A230057D06Rik,0.03366029
Fhod1,0.03361909
Zc3h12b,0.033584826
E130102H24Rik,0.033551514
Exd2,0.033547144
Fli1,0.03351454
Ikbke,0.03350198
C77080,0.033488847
Dgkq,0.03347344
Fam98c,0.033428684
Rhbdf1,0.033327423
Enpp1,0.033311855
Nsg1,0.03328732
Reps2,0.033195976
Ehbp1l1,0.03319262
Vstm4,0.033076502
Samd9l,0.032994166
Tmem204,0.03295647
Frmd6,0.032950778
Nrxn1,0.032946844
Efhd1,0.03294014
Ap1s2,0.032916848
Dmpk,0.03289288
Ptger2,0.03287178
Dtwd1,0.032815948
Enpep,0.03279806
B230307C23Rik,0.032766443
Tubb6,0.032725085
Ppara,0.03270057
Gm16201,0.032608096
Clstn3,0.03260429
Rtn4rl1,0.032572594
Akr1b8,0.032399073
Vps37d,0.032394435
Abcd4,0.0323753
Gm17251,0.032310367
Basp1,0.0322826
Nckap5l,0.032215424
Mical2,0.032158535
Prrx1,0.032133557
Iqcc,0.03212669
Oasl2,0.032085817
Inf2,0.03207015
Fam189a2,0.032042135
Relb,0.03202577
Gm13889,0.032008734
Rogdi,0.031963617
Cdon,0.0319127
Akap12,0.031903103
Adamts12,0.031879272
2010315B03Rik,0.031869005
Tor3a,0.031808745
Acrbp,0.031676903
Rtl4,0.03164928
Nid2,0.031640533
Evi5l,0.031614747
Nfatc4,0.031599198
Nr4a2,0.031590283
Eps8l1,0.031535126
Hspb1,0.031489365
Cp,0.031473693
C030006K11Rik,0.0313937
Chsy3,0.03138636
Pkd2l2,0.031297147
Paxx,0.031270802
Ttc38,0.031265147
Pir,0.031241
Parp3,0.031184157
Zfp974,0.031182634
Wnt5a,0.031167692
Ltbp4,0.031114932
Gm32031,0.031076603
Enox1,0.031029223
Cbr3,0.03102695
Emb,0.030990701
Zfp874b,0.030957075
Reck,0.030930184
Zfp948,0.030900186
Hebp1,0.030898158
Mfap5,0.030888846
Frem1,0.030888671
Nudt16,0.030871224
Abhd3,0.030821092
Slc1a5,0.030803531
Fblim1,0.030782327
Clec14a,0.030775676
Tgfb2,0.03075662
Pdgfa,0.030714048
Tpcn1,0.03069898
Ddx60,0.030668398
Fam111a,0.030635118
Sfrp4,0.030623386
Zar1,0.03057337
Ano1,0.030517338
Esyt3,0.030480476
Prrg2,0.030463563
Dnm3os,0.030418687
Ftx,0.030415336
Tatdn3,0.030309951
Gpnmb,0.030301532
Ccdc173,0.03026119
C630043F03Rik,0.0302118
Irag1,0.030144013
Kctd15,0.03009695
Atp6v1g2,0.030073471
Zfp423,0.030031206
Mthfs,0.029995412
Inpp1,0.029987326
Inpp5f,0.029979661
Lhfp,0.029970039
Dusp6,0.02991239
Ranbp6,0.0297299
H2-Eb1,0.029710824
Hes1,0.02965461
Arl4c,0.029650867
Stxbp1,0.029612832
Hoxd10,0.029574417
Armcx6,0.029557005
Rcan2,0.029514538
Socs3,0.029414248
BC029722,0.029408561
Lgals7,0.029374167
Irak4,0.029344128
Mmp16,0.029331231
Phlda3,0.029300008
Tspan17,0.029291376
Vgll3,0.029260812
F2r,0.02921094
Tbc1d2b,0.029188802
Prkar1b,0.029143304
Thnsl2,0.029106118
Trim12c,0.029022126
Nmnat3,0.02892096
Nod1,0.028892785
Sod3,0.028882792
Ccnd1,0.028840566
Creb3l1,0.028745709
D3Ertd751e,0.02874425
Cited4,0.02873141
Rgs5,0.028649932
Plxnd1,0.028603839
Ccdc152,0.028581942
Bmf,0.028571906
A730049H05Rik,0.02855148
Acss1,0.02836211
Rnf128,0.02828771
Fignl2,0.028127583
Stx1a,0.028081618
Nat8f1,0.028060833
Lcp1,0.027966186
Tcea2,0.027960723
Dcxr,0.027944617
D6Ertd527e,0.027913999
Plpp1,0.027808867
Htra3,0.02777198
Tango2,0.027741255
Ctsk,0.027698686
Ethe1,0.027660996
2210408F21Rik,0.027643383
Ooep,0.027551688
Tyrobp,0.027540956
Mme,0.027492568
2810001G20Rik,0.027481299
Gm11613,0.027432583
Synj2,0.027413087
1110008P14Rik,0.027392253
Bambi,0.027375342
Wdcp,0.02732811
Hdac9,0.02728055
Sorcs2,0.02727771
Lrrc29,0.027230194
Zfp286,0.027198507
Cdc42ep4,0.027177358
Ptk2b,0.027149683
Fmo5,0.027127564
Col12a1,0.027034879
Cfp,0.026965372
Nipa1,0.026953237
Hdac10,0.026946163
Pde8b,0.026885448
Gm27003,0.026879894
Pla2r1,0.026869603
Tgfb1,0.026737297
Tmcc3,0.026732082
Itga11,0.026703598
BC028528,0.026698383
Wipf1,0.026679272
Gm37090,0.026609614
Adarb1,0.026548488
Dlg4,0.026546722
Cdkn1a,0.026494097
Grk3,0.026449256
Gm48226,0.026413916
Pold4,0.026398985
Arx,0.026351169
Psmb9,0.026307926
Man1c1,0.026297936
Lox,0.02626896
Samd12,0.026180321
Kdr,0.026168983
Il1rl2,0.0261579
Shld1,0.02612263
Tspan18,0.026064718
Cd93,0.026045987
Sqor,0.026026066
Sdk1,0.02600847
Map3k14,0.02596529
Hdac11,0.025920741
Tmem178,0.025912818
Sema6c,0.02588297
Ier5,0.025853327
Ripor2,0.025714213
Olfml2a,0.025669366
Niban2,0.025624268
2900026A02Rik,0.025618952
Abca8b,0.025618006
Sp100,0.02561184
Gucy1b1,0.025563786
Abcg1,0.025492214
Cyp4f16,0.025464593
Gas1,0.025439443
Chst2,0.025433239
Clip3,0.025423842
1110059E24Rik,0.025386477
Prune2,0.02537605
Cbx7,0.025344558
Pdgfrb,0.025341136
Prrg3,0.02532062
Ncald,0.025312562
Cnrip1,0.025276793
Dixdc1,0.025226673
Plxdc1,0.02522054
Tm6sf1,0.025218459
A430018G15Rik,0.025135951
Tnnt1,0.025076618
Acad10,0.025052572
Rab26os,0.025042161
2900089D17Rik,0.025035014
Ebf1,0.02499234
Serpina3g,0.024986858
Xdh,0.024977606
Sord,0.02492775
Slc22a5,0.02487241
Kcnip4,0.024865162
Iigp1,0.024817975
Thbs3,0.024797212
Tle3,0.024783622
Tstd3,0.024723098
Slc7a8,0.024667254
Ghdc,0.024663297
Ramp1,0.024657922
Fnip2,0.024600694
Cyren,0.02459489
Lmcd1,0.024583502
Ankrd63,0.024566347
Gng2,0.024557358
Calhm2,0.024540449
Fyb,0.024530856
Cav2,0.0244945
Tspan12,0.024492847
Chn2,0.02445032
Clip2,0.024445731
Aoc3,0.024442332
Mamdc2,0.024401348
Cox6b2,0.024378
Tmem45a,0.024374079
Gask1a,0.024371944
Magee1,0.024367742
Gli2,0.024357919
Gm10801,0.024327504
Nxpe4,0.024312891
Tbx2,0.024312435
Fbxo17,0.024270415
Mtm1,0.024231024
Rhox8,0.024216492
Fndc10,0.024206985
Slc6a8,0.024201775
Fam169a,0.024169385
Ifi203,0.024129089
Slc24a3,0.024105953
Cox7a1,0.024057638
Enkur,0.024039315
Bcam,0.024038728
Pcsk6,0.024036584
Il4ra,0.024000997
Mfsd7a,0.023991203
Myom1,0.023967374
Fam161a,0.023955453
C1qa,0.023952348
Plxna4,0.023951422
Col18a1,0.023934068
Cemip,0.023916397
Numbl,0.023887927
Nr1h4,0.023798248
F3,0.023724781
Lyn,0.023719745
Ccdc9b,0.02363129
Gjc1,0.023567334
Gm16740,0.02355285
Efemp1,0.023531644
Kirrel3,0.023526635
Ror2,0.023523338
Dse,0.023505136
Adam23,0.023459157
Garnl3,0.023425765
Ccdc30,0.023376007
Prdm6,0.023365447
Bace2,0.023235844
Trim68,0.023227816
Nox4,0.023206733
Crebl2,0.023202023
Gli1,0.023198204
Tns2,0.02316893
Zfp112,0.023150295
Sh3pxd2b,0.023120945
Slc22a15,0.023109403
Ptgds,0.023095312
Cyp2d22,0.023083422
4921504A21Rik,0.023024576
Napb,0.022948401
Tm4sf1,0.022946786
Ak7,0.022942306
Pdzd4,0.022941248
Ramp2,0.022933437
Dlk1,0.022932878
Kif26b,0.022746928
Tsix,0.022650288
Gbp3,0.02264868
Arhgef9,0.02263648
Ldb2,0.022579636
Erg,0.022545487
Cyp4f17,0.022544406
Tapbpl,0.022540657
Lrrc51,0.022525992
A930005H10Rik,0.022494337
Cldn11,0.022470472
Mlkl,0.022426695
Abcb1a,0.022405945
Mir100hg,0.022278735
A330023F24Rik,0.022265155
Flt1,0.022220284
Gm46218,0.022142053
Tnfrsf1b,0.022120837
Hmox1,0.022059718
Prcd,0.022050608
Rgl3,0.022036724
Syk,0.022026675
Myf5,0.022016784
Sphk1,0.021995392
Nlrp5,0.021987684
Cd24a,0.021981299
Slit2,0.02196491
Jdp2,0.021936638
Tap1,0.021890143
Adgre5,0.021867078
Emx2os,0.021804158
Ankrd35,0.021789156
Lsr,0.021779193
Kctd12,0.021772096
Gria3,0.02176897
Dlg2,0.021762585
Rcsd1,0.02172963
Gm32618,0.021715734
Plscr2,0.021672392
Espn,0.021637898
Arid3a,0.021555068
Cyp17a1,0.02148756
Hebp2,0.021472193
Tead3,0.021463476
Gm36738,0.021445476
Arl10,0.021393944
Plekhf1,0.021380523
Tceal3,0.021364847
Rnf150,0.021333305
Ttll7,0.021329239
Arsa,0.02132923
Zfp14,0.02130481
Aox1,0.02129263
Pik3ap1,0.021275844
Sntb1,0.021265797
Gm45716,0.021184629
H2-Aa,0.02114333
Cdc42ep1,0.021085458
Gm43022,0.021076672
P4htm,0.021047728
Sox18,0.02103022
Serpina5,0.02101655
Gm12353,0.021005634
Dock11,0.02098161
Aif1,0.020920971
Calcrl,0.02090969
St6galnac3,0.020905267
Stab1,0.020900682
Gm13483,0.020806713
Herc6,0.02079538
4930599N23Rik,0.02072882
Pdxk,0.02072143
Zfp287,0.0206603
Gm30382,0.020613885
Emp2,0.020596523
Mapkapk3,0.020590309
Plekhh2,0.020531774
Lsp1,0.020515444
Stard5,0.020474914
Ctla2a,0.020427695
2900005J15Rik,0.020389594
Plac9a,0.020338623
Fcer1g,0.020304611
Abca8a,0.020291686
2310058D17Rik,0.02028179
Gmip,0.020267116
Pyroxd2,0.020193849
Fam219a,0.020184698
Angpt1,0.020173565
C1rl,0.020143358
Pgm5,0.020123739
Zp3,0.020117024
4930578G10Rik,0.020073894
Elac1,0.020067113
Rhod,0.020047667
Wnt10b,0.020016087
Megf6,0.019993953
Pcdh18,0.019921713
Id4,0.019857714
Rftn2,0.019842226
Evc,0.019743044
Cryab,0.019678673
Rsph9,0.019618368
2900052L18Rik,0.019601643
Tap2,0.01958491
Gypc,0.019535284
Acbd4,0.019516198
Ccdc136,0.019431373
Srxn1,0.019421514
Esam,0.019353192
Slc7a2,0.019324353
Dppa3,0.01931126
Zp2,0.019239493
S100a4,0.019239336
Pfkfb4,0.019192154
Gm16759,0.019184459
Ifitm1,0.019099673
Mpeg1,0.019050406
AU021092,0.019047128
Irf8,0.019032007
Cdh5,0.018993944
Rgma,0.018987972
Apobec1,0.018962467
Gm38391,0.01896099
A730063M14Rik,0.01893142
Smpx,0.018906958
Ppargc1a,0.01889966
Nrg2,0.018895179
Arntl2,0.018887108
Ly6c1,0.018883724
Tcaf2,0.018861247
Cystm1,0.018772213
Lgi2,0.018772129
Gm37606,0.018738119
Slco2a1,0.018730726
Tshz3,0.018624727
Tmem220,0.018559549
Gm29683,0.018550053
Mill2,0.018502848
Tulp2,0.01850274
Col26a1,0.018465994
Trmt9b,0.018462876
Gli3,0.01841743
Casp12,0.018400121
Ccl6,0.018328825
Pcbp3,0.018306807
Edn1,0.018304292
Ptges3l,0.01829675
4930523C07Rik,0.018277863
Casz1,0.018275123
Lpcat2,0.01825371
Eng,0.018233713
Ovgp1,0.018219925
N4bp3,0.018200774
Thsd7a,0.01818943
Laptm5,0.018173909
Twist1,0.018143382
Marchf3,0.01813454
Atp1a2,0.018126117
Gm47586,0.01812355
Tmem104,0.018080434
Ptprb,0.018036876
Exoc3l,0.01802112
Aspn,0.018019773
Itga8,0.017973296
Slc45a3,0.017948765
Gabrb1,0.017884258
1700029J07Rik,0.017875435
Tnfsf12,0.017846216
Slc22a21,0.017795172
Lims2,0.01771583
1500009L16Rik,0.017702552
Cpeb1,0.017591681
Sult1a1,0.01758902
Penk,0.017573655
Sez6l2,0.017516065
Mfsd12,0.01749077
Pecam1,0.01748266
Eaf2,0.017435223
Lrrn2,0.017425325
Cyp4v3,0.017411226
Npas3,0.017349338
Galnt17,0.017322227
Ryr3,0.017318465
Adcy2,0.017304718
Hspa2,0.017224904
Gm16638,0.017223742
Hspb8,0.017208027
Gm37524,0.017203292
Asap3,0.017195895
Bbc3,0.017170373
A130014A01Rik,0.017141156
Mcam,0.01713799
Tifa,0.017121993
Lama5,0.017030766
Clec2d,0.017016526
Ushbp1,0.0169597
Trim14,0.01689273
Hey1,0.016891254
Nkd1,0.016878935
Mtmr11,0.016825553
Dgka,0.016812682
Afap1l2,0.016786003
Adcy5,0.016764436
Armh4,0.01674826
Hoxb4,0.016744025
Emcn,0.016665475
Gm12258,0.016658502
Fbxl22,0.016654052
Rab29,0.016628897
Tmem198b,0.016601337
Mfap4,0.01655836
Ntrk2,0.016515851
4930481A15Rik,0.01651255
Klf4,0.016434778
Mbp,0.016421383
Rpp25,0.016398825
Dubr,0.016387388
Mcc,0.01638471
Igtp,0.016378611
A730081D07Rik,0.016377376
Axin2,0.016320748
Rasgef1a,0.016257752
2900093K20Rik,0.016253073
Mageb18,0.016252223
Il6ra,0.016247543
Olfml3,0.01617948
Loxl1,0.016145451
Dpp4,0.016125718
Sorcs1,0.016119318
Dnah2,0.016082091
Gbp2,0.016081676
Ptpn18,0.015995258
Hddc3,0.015992938
Loxl3,0.015991613
Cnbd2,0.015979331
Lmod1,0.015954953
Lrrc4c,0.01594843
Adgra2,0.01592355
Sh3d21,0.015915476
Uba7,0.015905257
Gm41804,0.015874123
Clmp,0.015873536
Adap2,0.01584792
Pdzrn4,0.015837193
Tmem178b,0.015836997
Tmem140,0.01576975
Hhip,0.01572222
Glipr2,0.015658433
Trim30a,0.015639108
Tmem255b,0.01563832
Csf1r,0.015619045
Il18,0.015615301
Ocel1,0.01560037
Brd3os,0.015569016
Pde3a,0.01553128
Ptprj,0.015527013
Cd55,0.015508013
Thy1,0.015468294
Cd68,0.015447266
Cnn1,0.015431584
Nudt12,0.015326491
A4galt,0.015273613
Aldh1a2,0.015258626
5330406M23Rik,0.01525653
Kctd11,0.01525569
Trim7,0.01523498
Gm16364,0.015234968
Slc2a4rg-ps,0.015206842
Sowahc,0.015198384
Myl4,0.015186824
Srpx2,0.015179114
Thbd,0.015173617
Frzb,0.015162432
Tll1,0.015153367
Nlgn1,0.015090883
Hcls1,0.015074275
Gstt3,0.015061193
Rasgrp3,0.015014363
Ing4,0.015013813
Igsf10,0.015003074
Gdpd3,0.014862298
9330020H09Rik,0.01484971
Adam19,0.01481712
Rin3,0.014802445
Cd44,0.014796197
Egr2,0.0147919385
2310001H17Rik,0.014767309
Gm28151,0.014713884
AA914427,0.014673036
Nostrin,0.014650494
Sfxn4,0.014637693
Rasgrp2,0.014633857
D830050J10Rik,0.014623188
Coro2a,0.014595981
Vcam1,0.014563767
Tppp3,0.014558615
Fbln7,0.014525763
Gm16083,0.014521998
Fbln2,0.014512951
Reep1,0.0144650135
Abcc9,0.014460503
Cx3cr1,0.014456461
Cd52,0.014378212
Scn3a,0.014373797
Ccdc39,0.014368367
Hspb2,0.0143474825
Aph1c,0.014342928
Mecom,0.014323038
Bcl3,0.014301396
Bhlhe41,0.014257315
Zfp804b,0.014227013
Gm10516,0.014209253
Cish,0.014185527
Nkain3,0.014144634
Gm43185,0.014122635
Mterf2,0.014089461
Srgn,0.014076092
Colec11,0.014076073
Zeb2os,0.014069406
Smpd5,0.014038606
Pcdh17,0.014031843
Gab3,0.014019626
Mmp19,0.014015033
Irf7,0.014004954
Grin2b,0.013985011
Notch1,0.013983375
Scd1,0.013966747
G0s2,0.013966558
Sting1,0.0139622
Cngb1,0.013957232
Arhgap15,0.013910255
Ccdc17,0.013848864
Prex2,0.01381442
Tek,0.013805324
Cyp2j9,0.013790571
P2rx7,0.013730093
Lacc1,0.013729709
4930470G03Rik,0.013729083
Tmem37,0.013705864
Hyal1,0.013688241
Ak1,0.013680848
BC043934,0.0136580765
Slc37a2,0.0136325015
Smim22,0.013616783
Riiad1,0.013616104
Fgf12,0.013560537
Rom1,0.013558701
Maob,0.013545285
Tec,0.013508234
Gpr153,0.0135042295
Foxs1,0.013503474
Atp8b1,0.013487262
Gm4285,0.013438715
Gm16118,0.013429835
Cxcl16,0.0134276105
Cyp7b1,0.013411993
5330432J10Rik,0.013407409
Tspan2,0.01335285
Cadm4,0.013333867
Gm17690,0.013330105
Tcim,0.013307876
Tspan11,0.013271001
Xaf1,0.01326425
Tenm2,0.013252093
Gm26532,0.013229396
Sox9,0.013169815
Trib1,0.013160272
Wfdc1,0.013153356
Fgf11,0.013122834
Sag,0.013075643
Isg15,0.01306452
Hmcn1,0.013042672
Vwa1,0.01299884
Npr3,0.012968994
Cela1,0.012942535
Osmr,0.012898805
Tmem44,0.012897135
Fcgr3,0.012890652
Mustn1,0.012886471
Lipg,0.012883893
Hic1,0.012864941
Btbd11,0.0128561715
4933406C10Rik,0.012802635
Gpr146,0.012756494
Opcml,0.012751288
Ifi47,0.012708202
Csf1,0.01270401
Pde3b,0.01268077
Mrc1,0.012662143
Gm46515,0.012655773
Gsta3,0.012646207
Cpne8,0.01264238
Sema4a,0.012642075
Arhgap45,0.012619128
Gpsm3,0.012588711
6430548M08Rik,0.012582918
Nos3,0.012549195
9530062K07Rik,0.012543871
Dnm1,0.012522566
Hoxc10,0.012511727
Neurl2,0.012509961
Porcn,0.0124982055
Slc16a9,0.012488138
Gm44386,0.012485166
Slc2a3,0.012450541
AV356131,0.012438191
Carmn,0.012436641
Rtn2,0.012433336
Rasip1,0.012409832
Dock10,0.012379853
C3,0.012376618
Dclk1,0.01232191
Ripor3,0.01230938
Fzd1,0.012308738
Acad12,0.012307132
Gimap4,0.012306564
Arap3,0.012289611
Tmem106a,0.012288867
Adamtsl1,0.012287203
5930430L01Rik,0.012281523
Gm43788,0.012254303
Hopx,0.012245068
Tbx3os1,0.012226295
Slc9a9,0.012189214
Gngt2,0.012186431
Dpt,0.012179234
Ifit3,0.012156158
Gucy1a2,0.0121551715
Slc9a3r1,0.012148221
Junos,0.012142175
Slc2a8,0.012140232
H2-Q4,0.012116106
Rab20,0.0120608425
C030034I22Rik,0.01204266
Cyria,0.012010418
2010204K13Rik,0.012003107
Kit,0.01200155
Spp1,0.011997828
Irgm2,0.01199572
Gm48582,0.011994191
Lbx2,0.0119848065
Asic2,0.011984487
Col19a1,0.011978788
Slc15a2,0.011972641
Tmem158,0.011911224
Inpp4b,0.011894744
Lepr,0.011875115
Gm15506,0.011862104
Sult5a1,0.011835956
Mgll,0.011835684
Kifc2,0.0118190115
Chst9,0.011788849
Pear1,0.011758793
Hid1,0.011753122
Syt1,0.011732229
Ptpn6,0.011659301
Il15,0.011657924
Ptprc,0.011626432
Fxyd5,0.011610541
Scube2,0.011599819
Steap4,0.011588685
Cyth4,0.011578001
Cpne2,0.011570192
Gsap,0.0115692075
Tlr4,0.011553623
Ang,0.011503784
0610043K17Rik,0.011475359
Fat3,0.011459611
Wasf3,0.0114313625
Plekha4,0.011431056
Synpo2,0.011389154
Trem2,0.011387233
Per2,0.011368392
P2rx6,0.011348048
Gm44148,0.011332384
Rec8,0.011331995
Ednrb,0.011331625
B3galt1,0.011287161
Ggt5,0.011280789
Fam78b,0.011276004
Prkcb,0.011275178
Tceal6,0.011262743
Apbb1ip,0.01126025
Kif5a,0.011259509
Ly6a,0.0112526165
Rdh5,0.011241132
Cacnb1,0.011237494
Gm35021,0.011234031
Ms4a4d,0.011224137
Rap1gap2,0.011214963
Nrg1,0.011183969
Podxl,0.011169551
Gimap6,0.011158283
Aplnr,0.011129279
Il13ra1,0.011102484
Cldn5,0.0110922735
Rab19,0.011064847
Morrbid,0.011042414
Fam180a,0.011041721
Cap2,0.011022807
Tmem240,0.010979941
Gm43923,0.010909893
Acvrl1,0.010908958
Gm48293,0.010889979
Kcnmb2,0.010882918
Pth1r,0.010878189
Cttnbp2,0.010815433
9430081H08Rik,0.010763729
Tspan13,0.010743256
Hspa1a,0.0107406955
Hoxb3,0.010739059
Cebpd,0.010738394
3830408C21Rik,0.010711814
Stap2,0.010662714
Arhgef19,0.010657443
Epsti1,0.010637398
5031434O11Rik,0.010634512
Plek,0.010629914
Vav3,0.010629033
Tie1,0.010628218
Sema3d,0.010624994
Dmrta1,0.010624978
Gm17501,0.0106126685
4930412C18Rik,0.010588782
Gpr37,0.010586276
Clic5,0.010550737
Pag1,0.0105486885
Prkcq,0.010542403
Pkia,0.010538533
Lix1,0.010514123
E130114P18Rik,0.010500702
Slc38a4,0.010455136
Ccl21a,0.010437347
Ttc7,0.010434542
Wdr86,0.010432235
Wdr66,0.010431768
Prkcz,0.010417951
Gsta2,0.010402557
Vegfd,0.010362562
Adamts16,0.010360617
Gm20033,0.010356858
Hoxb7,0.010348717
Klhl29,0.010342176
Akna,0.010331619
Hspa12b,0.010327459
Plin1,0.010313567
Metrn,0.010289052
Sh3gl2,0.0102641
Kcnu1,0.010186755
Stc2,0.010169664
Lat2,0.010157623
Ptprq,0.010106468
Map6,0.010055678
H2-DMa,0.010053726
Igkc,0.009977001
2310014F06Rik,0.009967666
Nebl,0.009961483
Atp8b5,0.009953036
Afap1l1,0.009923633
Prag1,0.009905745
Cfd,0.009894041
Gm44220,0.009872245
Nmrk1,0.009865148
Fam43a,0.009859403
Rapgef3,0.009858754
Gm20559,0.00984003
Fermt3,0.009829813
Slco2b1,0.00981765
Gm10125,0.009815832
Chst15,0.009791961
Gm31728,0.00978851
Gm42583,0.009775421
Sp140,0.00975106
Samd5,0.009741517
Gm38071,0.009717678
Mgl2,0.009699193
Gm20125,0.009696363
Fat4,0.009662705
Mterf1a,0.00966222
Sh2d4b,0.0096437605
Fbln5,0.0096331695
Ms4a6c,0.009620125
B3gnt9,0.009614628
Kcp,0.00958784
Epb41l3,0.009579314
Cracr2b,0.009578522
Fam241a,0.009558458
Wwc1,0.009558113
Exoc3l4,0.0095481165
Slc1a3,0.009543162
Sgcd,0.009504189
Dusp26,0.009485999
Dcdc2b,0.009477198
Ifi204,0.009475372
Cdh13,0.009469053
Cacng7,0.009456458
Efhc1,0.009440333
Wnk4,0.009421211
Gda,0.009410183
Creb5,0.009390658
Particl,0.009384307
Scn7a,0.009375744
Gabra3,0.00936137
Arhgap25,0.009338251
Myo1f,0.0092750145
Icam1,0.009252179
Procr,0.009247204
Dchs1,0.009220183
Ggt7,0.009219247
Fcrls,0.009213778
Acp5,0.009213348
Gm17276,0.009207095
C1qtnf1,0.009203916
Lurap1,0.009202671
Thsd1,0.009197864
Rsad2,0.009141647
Cfap161,0.009100016
Ecscr,0.009053489
Trpc4,0.008957336
Gm45844,0.008918771
Spn,0.008899313
Nr1h3,0.008877931
Arl4d,0.00883236
Pla2g7,0.008807197
Slc24a4,0.008799962
Astn2,0.008794784
Hvcn1,0.008767904
Bmp7,0.008759979
Wfdc17,0.00874955
Tmod1,0.00871014
Pf4,0.008683634
Pygm,0.008658793
4930527F14Rik,0.0086583
Gbp8,0.008645091
Gm43439,0.008639468
Pdgfrl,0.008638943
Chrm3,0.008637292
Tnxb,0.008628771
Gm4951,0.008627958
Gm36201,0.008624201
Gm53065,0.008622582
Flnc,0.008620392
Scarf2,0.008599248
Irf5,0.00859813
Robo4,0.008595599
Cabcoco1,0.008585132
Acsf2,0.008582363
Kcnb1,0.008573535
Sh3tc1,0.008547522
Trim30d,0.008534605
Ccdc159,0.0085282065
Peli3,0.008512083
Cyyr1,0.008497709
Gpld1,0.008464596
Hoxb6,0.0084584765
Des,0.008439342
4833422C13Rik,0.00843112
Gm7030,0.008425771
9530085L11Rik,0.00841797
Clmn,0.008405059
Gm9958,0.008388288
Lmo2,0.008362772
Rtl5,0.008336245
Gm12454,0.008310804
Negr1,0.008297245
Slc46a3,0.008297195
Ltbp2,0.008285712
H2bc6,0.0082677975
Gm6598,0.008266447
Ccdc187,0.008246746
Bpifb5,0.008243604
Glb1l2,0.008203279
E330013P04Rik,0.00820102
Notch4,0.008165662
4833418N02Rik,0.008165515
Chst3,0.008138796
Ntn1,0.008133337
Mylk3,0.008118007
Fgf2,0.008104653
Cybb,0.008088594
Gm12185,0.0080769695
Lgr5,0.008075597
Clec12a,0.008025501
Fez1,0.008021732
Slfn5,0.008012439
Acss3,0.007984482
Cmtm2a,0.007969833
Serinc2,0.00795518
Gpr39,0.007951278
Tmem88,0.007940782
Traf1,0.007925303
Slc11a1,0.007906198
Gbp9,0.007874655
Gm49266,0.00786682
Ms4a7,0.007863547
Gm38381,0.0078582475
Rgs6,0.007820801
Arl5c,0.0078110667
Gm14486,0.007806798
Abi3,0.007802179
Ccn4,0.007786946
Cela3b,0.0077860365
Itga2b,0.0077579776
Cdkl1,0.0077542244
Enpp2,0.0077374876
Sdk2,0.007710079
Palmd,0.0077087125
Rgs16,0.007701658
Med12l,0.007696912
Dnase1l2,0.0076854117
Ifit2,0.007677751
Efs,0.007661326
Usp18,0.007651804
Igha,0.00763632
Gm40841,0.007632248
Gm10134,0.0076099182
Odad4,0.0075829066
Exoc3l2,0.007576159
Csgalnact1,0.0075754137
Gm15581,0.0075693466
Rsph10b,0.0075571057
Grid1,0.00755412
Filip1,0.0075537222
Ifnlr1,0.0075475294
Nav3,0.0075319586
St6galnac2,0.0075279637
Nmnat2,0.007524671
Nkain4,0.007479169
Nkapl,0.007479078
F420014N23Rik,0.007459157
Gm11837,0.0074496437
Rab40b,0.007449462
Arhgap4,0.0074444194
Ampd3,0.007427909
Gm15952,0.00741701
Scml4,0.007415391
Ptch2,0.0073999334
9330154J02Rik,0.007394488
Vegfc,0.0073745237
Gm45669,0.007353031
Zfp811,0.007310372
Igfbp3,0.007308417
Tcf23,0.007297835
Lhfpl3,0.0072804536
Tnfsf10,0.0072682113
Slc15a3,0.007254904
Scarna2,0.0072458005
Crispld1,0.0072340043
Cplane2,0.007230445
Bcl2a1b,0.0072296034
Nipal2,0.00722526
9630028I04Rik,0.007225019
Cacna1e,0.007218826
Ncf1,0.007212275
Nalcn,0.0071980353
Vsir,0.0071881963
Il18bp,0.007181877
Dio2,0.0071788924
Prkch,0.007158039
Arhgdib,0.007152876
Gm7160,0.007152277
Pcdh11x,0.0071459385
Unc45b,0.0071282187
Gm34552,0.007125188
Gm6213,0.0071164253
Icam2,0.0070941313
Dnajc6,0.0070923967
5830454E08Rik,0.0070914375
Ddo,0.007077459
Lhx9,0.0070750755
Tmem119,0.0070597623
Itgbl1,0.007059481
Tlr3,0.0070547014
Galnt18,0.0070526996
Mmrn2,0.0070326854
Thbs2,0.00703199
Hbb-bt,0.0070138583
2810030D12Rik,0.0069938246
Dbndd2,0.006988261
Sox6,0.006973977
Nckap1l,0.0069501586
Cyp4b1,0.006949767
A830082K12Rik,0.006938431
Pcdhb9,0.006936839
Myct1,0.0069272565
Dok2,0.006903885
Thsd7b,0.0069024833
Cd14,0.006878255
Slc30a2,0.0068770265
Gm4013,0.0068625277
Gm32647,0.006801681
Apba1,0.0067924727
Car11,0.0067697824
Scarf1,0.0067694243
Celf4,0.0067676255
Adgrl4,0.0067667174
Ackr4,0.006756692
Gpr137b,0.006753817
C3ar1,0.006729541
Cd72,0.006696174
Apobr,0.0066949455
Ahnak2,0.006679672
Eln,0.006677161
Spi1,0.00667034
Adora1,0.0066661853
Svep1,0.0066635776
Gm20492,0.006646288
Mgat3,0.0066221673
Klf5,0.0066088927
Stx11,0.0066074217
Paqr9,0.006597735
Ighm,0.006585775
Mrln,0.006578923
Cldn1,0.0065784794
Chrnb1,0.0065777046
Dram1,0.00656453
Ncf2,0.0065593477
Trim9,0.0065426906
Dact3,0.0065408126
Gm26881,0.0065114507
Sox13,0.006510881
Klhl4,0.006501414
Gm43336,0.0064916965
Nkd2,0.0064750994
Grap,0.0064712213
C230037L18Rik,0.0064682015
Fbxl13,0.006457327
5830444B04Rik,0.006452067
Gm43936,0.006446098
Calml4,0.006419044
Sulf1,0.0064186724
Pld4,0.0064126183
Dennd2d,0.00640569
Tfeb,0.0064049996
Flt3l,0.006403314
Otulinl,0.006400627
Batf3,0.006393188
Larp6,0.006389562
Prelp,0.0063851043
Fam167b,0.006376142
Tnfaip3,0.0063226293
Pde4a,0.0063223895
Matk,0.006317823
A430027H14Rik,0.006315239
Astn1,0.00630887
Egfl8,0.006300122
Pcdhb20,0.0062926253
Dpep1,0.006282429
Ifi207,0.006275138
Nnmt,0.0062710396
Sla,0.0062685437
Spata48,0.0062669883
Nrcam,0.0062668296
Col23a1,0.00626084
2600014E21Rik,0.0062571736
Bmp4,0.0062545277
Teddm2,0.0062484993
Adgre1,0.006238613
Dock2,0.006221963
Zmynd15,0.006211962
Itgb2,0.0062106005
D630039A03Rik,0.00620196
Ptn,0.0062008305
Alox5ap,0.0061932337
A930006K02Rik,0.0061920746
Ppp2r2b,0.0061889244
Slc25a45,0.0061879754
Ifi44,0.006185467
Fap,0.006183946
Isg20,0.0061759427
Grrp1,0.006166163
Spic,0.006162264
Sema3a,0.0061612823
Fcgr2b,0.006130934
Plin4,0.00612749
Art3,0.00609161
Casp1,0.006091086
Slc39a8,0.0060855057
Ehhadh,0.00607156
Gm26714,0.0060596517
Atp2a3,0.0060249628
Emid1,0.0060237786
Syn2,0.0060229874
Krt19,0.005998925
Rac2,0.0059840847
Atp2b3,0.0059831175
Epcam,0.0059732264
Gm19522,0.0059561403
Notch3,0.0059471847
Car3,0.0059339833
Bcl6b,0.005922712
1700112D23Rik,0.0059095756
AI429214,0.0058957865
Prox1,0.0058536455
Prtg,0.005852871
Pnck,0.005831283
Tceal5,0.005825854
Rnf152,0.005814706
P2ry1,0.005804887
Adam33,0.005804507
Cdh3,0.0057898727
Ly86,0.0057884315
Gm7361,0.0057853665
Atp8b4,0.005772785
Batf,0.005747032
Adgb,0.005743339
Pdzd7,0.0057195127
Rhbdl3,0.0057188403
Il10ra,0.0057037943
Npnt,0.005702624
Sftpc,0.0056978115
Jph2,0.005683877
Tmem212,0.005682428
Adcy4,0.005682112
C730034F03Rik,0.005680912
Osgin1,0.0056805788
9630002D21Rik,0.005679575
Lcp2,0.0056506624
Lrrc32,0.005622613
Rasl12,0.0056205094
Pdlim3,0.0056182463
Sec16b,0.0056050327
Gm17655,0.0056021903
Mir670hg,0.0055817594
Dhx58,0.005569376
Ptgs1,0.005563236
Gm8098,0.005552199
Cd83,0.0055415486
D630003M21Rik,0.0055267317
Rasgrp4,0.005518896
Rab6b,0.0055166627
Gm17396,0.0055159833
Cd38,0.0055102394
Coro1a,0.0055092364
Sgip1,0.005487458
Vwf,0.005486326
Trpc3,0.0054745413
1810059H22Rik,0.005470003
Lbp,0.0054550394
Eva1a,0.0054164436
Klhl33,0.00540279
Cldn10,0.00539237
Mgat4c,0.0053797495
Ube2l6,0.005370472
Gm26740,0.005362564
Sdr42e1,0.005359815
Arhgef15,0.0053573577
Akr1c18,0.005352079
Tnfaip2,0.0053414283
Ndst4,0.005341387
1700001G11Rik,0.0053321035
Ntrk3,0.005306039
Gm14964,0.0052964995
Slc36a2,0.0052805645
AI838599,0.005264566
Lpxn,0.0052642757
Cpxm2,0.0052624578
Sox17,0.0052509275
C7,0.0052504875
Akap6,0.0052362434
Trim5,0.005228525
Met,0.0052216835
Gm19391,0.0052052136
Npcd,0.0051847035
Hpgds,0.0051823636
4930506C21Rik,0.005173171
Gm14636,0.005161243
Lrat,0.0051556644
Cd53,0.0051477524
Clec10a,0.0051411726
Nr2f1,0.0051387856
Tbxas1,0.005128546
Gm44021,0.0051282886
Fam169b,0.005108614
Tmem71,0.00510257
Aoah,0.00509603
Nrros,0.0050717467
Gm49539,0.00506558
Tnnt2,0.0050631883
Chrna4,0.005059937
Gbp5,0.005056547
Lrrc7,0.0050306367
Epha3,0.005022135
Gm12339,0.0050163595
Shc2,0.005003835
Sh3rf3,0.005001261
Casp4,0.005000415
Myorg,0.004997477
Bvht,0.0049956706
Ifit3b,0.0049943672
Ldb3,0.004993518
A630001G21Rik,0.0049851
Fes,0.004972082
Hpca,0.004960967
Myzap,0.004957336
Pde4b,0.0049472335
Olfml1,0.004942241
Hotairm1,0.0049397433
Gm29292,0.0049330024
Cstad,0.0049095955
Wnt9a,0.0049055507
Scrn1,0.0048887017
Rassf9,0.0048857965
Higd1b,0.004882533
Cbr2,0.004879547
Tlr12,0.004871825
Ms4a6b,0.004852881
Angpt4,0.0048366026
Mn1,0.0048356107
Tmem273,0.004822922
Thrsp,0.0048098443
Tcf24,0.004807015
9330162012Rik,0.004785227
St8sia4,0.0047848807
2610027K06Rik,0.004781827
Ces2g,0.004756241
Gdf10,0.0047401655
Fam217b,0.004738353
Oca2,0.0047369576
Folr2,0.0047319303
Slfn2,0.004729117
Klhl6,0.0047276192
Pik3cg,0.004726635
Fgf14,0.004713569
Gm44694,0.004713169
Plcxd3,0.0046954956
C4b,0.004691038
G630016G05Rik,0.0046894397
P2ry14,0.004666702
Tmem255a,0.0046665207
Ptgfr,0.0046621677
Gm15411,0.004660406
Hrct1,0.004651461
Pgpep1l,0.0046324222
Hhatl,0.004621118
Zfp804a,0.004603115
Apol9b,0.004583302
Klhl14,0.0045810957
Ccr2,0.00458001
Fn3k,0.004576387
Tnfaip8l2,0.004574871
Itgb7,0.004570892
Orai2,0.0045642136
Xkr4,0.0045629553
Ntrk1,0.0045620073
Htr2b,0.0045459955
Lrrc9,0.0045181904
Trpc1,0.0044997428
Kcnj8,0.0044938335
Veph1,0.004490715
Gm49066,0.004489669
D630024D03Rik,0.0044885897
Upk3b,0.004482942
Chrd,0.004481702
Plekha6,0.004447952
Hba-a2,0.0044374666
Kcne4,0.0044272114
Eno2,0.0044163256
Ankef1,0.0044146026
AW011738,0.004412298
Krt7,0.0044120736
Lrmp,0.0044048605
Olfr920,0.0044043018
Pla2g5,0.00439765
Egfl6,0.0043944106
Il21r,0.0043921126
Ly6d,0.0043875277
Gata2,0.004364616
Fam124a,0.004364479
Pcdhb5,0.0043623126
Lefty1,0.004356775
Btnl2,0.0043549575
9630013D21Rik,0.0043481323
Gm26885,0.0043273084
Myl1,0.0043229177
Glipr1,0.0043201116
Hba-a1,0.004314608
Ms4a6d,0.004301123
Gria1,0.004293368
Cd300a,0.0042631477
Apba2,0.0042617726
Foxc1,0.004258254
A830052D11Rik,0.004252145
Nt5e,0.0042396686
Inpp5d,0.0042379093
Arsj,0.0042369408
Ephb1,0.004231996
Tmem150c,0.0042189597
Gm44417,0.0042145564
Nqo1,0.0042095813
Shank3,0.0042032567
Itga7,0.0042003547
Lynx1,0.0041952273
Atp6v0d2,0.004191287
Scn1b,0.0041870326
Gm6209,0.004186462
Inka1,0.004180043
Gm13470,0.004179595
A830018L16Rik,0.0041495375
D930032P07Rik,0.0041351137
Clec11a,0.004133744
H2-DMb1,0.004124367
4933406I18Rik,0.0041174134
Tnfrsf19,0.00411558
Pik3r6,0.0041039446
Pirb,0.004102207
Usp13,0.004101362
Il16,0.0040950514
Nova2,0.0040918444
Enho,0.0040917387
Atp6v0a4,0.0040834215
Pcdhb7,0.004082614
5033421B08Rik,0.00407278
C230086J09Rik,0.0040387847
Lilr4b,0.0040287
Papln,0.004003172
Tnfaip8l1,0.003999713
F830016B08Rik,0.003985143
Gm10800,0.003973112
Trank1,0.003942622
Gdf15,0.0039381315
Tbc1d10c,0.003935324
4932443L11Rik,0.003925318
Fcor,0.003917886
B4galnt1,0.003902183
Oas2,0.0038945081
Adcyap1,0.0038855176
1300014J16Rik,0.0038852151
S1pr1,0.0038837465
Armc3,0.0038823308
Gm30122,0.0038753552
Fam20a,0.003874026
Fgfr4,0.0038730965
Srpx,0.0038580263
Hc,0.0038559362
Enpp3,0.0038557816
Gm830,0.0038507741
D930048N14Rik,0.0038473236
Asb2,0.0038462975
Lax1,0.0038457662
Gjc2,0.0038434258
Gm26510,0.003841571
Cytip,0.0038372036
Plcd3,0.003830747
Foxd2os,0.0038066246
Has2os,0.003800878
Gpr157,0.0037933793
Ciita,0.0037903273
9930111J21Rik2,0.0037882114
Ankfn1,0.0037826463
Six4,0.0037826193
Arhgap9,0.0037776886
Tmem202,0.0037647898
Mybpc1,0.0037633544
Dpep2,0.0037581415
Nrarp,0.0037358725
Ablim3,0.0037354967
Cybrd1,0.0037174032
Ngfr,0.0037138849
Car2,0.0037121219
Slc5a7,0.0036967453
Zfp536,0.003696143
Naip2,0.0036878972
Ppl,0.0036842925
Gbp4,0.0036829063
Acap1,0.0036728769
Nol3,0.0036684335
Ppp1r3c,0.003667977
Cd300ld,0.0036627676
Gm41724,0.003655529
Gm30075,0.0036554064
Hk3,0.0036541917
Gm16701,0.0036404189
Rab15,0.0036359553
Cd274,0.0036291745
Col8a1,0.003622104
B3gnt8,0.0036144638
Wdfy4,0.0036093919
Lamb3,0.0036062435
Gm15675,0.0036000484
1700010K24Rik,0.0035862569
Gm26797,0.0035735474
Igdcc3,0.0035730088
Lyl1,0.0035714738
Tspoap1,0.0035698111
Fas,0.0035649403
Sync,0.0035554487
Gm47096,0.0035519206
Stk26,0.0035457092
Evi2a,0.0035454743
Pi15,0.0035442093
Gm16075,0.0035418589
Dio3os,0.003533751
Dok3,0.003529784
Anpep,0.0035245777
Gm16168,0.0035201053
Sptbn4,0.0035180883
Pcdh12,0.0035120037
Itga4,0.0035117758
Slc16a7,0.003508431
Mst1r,0.003506326
Nfatc1,0.003498802
Bcas3os1,0.0034831828
Gm12963,0.0034814333
Sema3f,0.0034813364
Clec4d,0.0034753168
Gimap5,0.0034746998
Alox12,0.0034707985
Sv2a,0.0034676576
B230303O12Rik,0.0034616105
1700087I21Rik,0.0034600354
Acer2,0.0034575202
Rinl,0.00345176
Aim2,0.0034401095
Dusp2,0.0034312299
Apoc1,0.0034291924
Gm29521,0.0034277975
Dapk2,0.0034271579
Aqp1,0.003425855
Kcnab2,0.0034126453
Itgam,0.0034022992
Fmod,0.003377777
Ccl2,0.003376376
Adh7,0.0033734986
Agap2,0.0033723156
Gucy2g,0.0033579806
Kcnq3,0.0033537163
Atf3,0.0033532633
9530082P21Rik,0.0033478802
Ltf,0.0033467074
Scn2a,0.003345884
Igsf6,0.0033307462
Gcnt2,0.003328417
Cd300lg,0.003318404
Dynlrb2,0.0033162418
Gpr65,0.0033143235
Hp,0.0033121053
Sorcs3,0.003305994
Gm49265,0.0033051625
Ccr5,0.0033004573
Eva1c,0.0032972589
Grhl2,0.0032939946
Dnah6,0.0032927108
Ifit1,0.0032914586
Mfng,0.0032856239
AB124611,0.0032800245
Depp1,0.0032771719
Adamts14,0.0032764853
Dtx1,0.003269185
Grap2,0.0032649399
Ms4a14,0.0032561598
A630052C17Rik,0.0032550178
Plaur,0.0032495263
A730056A06Rik,0.003238216
Fcgr4,0.0032242185
Cdk18,0.003215576
Gm40578,0.0032049024
Osr1,0.0031977906
Fam189a1,0.0031969114
Vdr,0.003186676
Gimap8,0.0031865966
Adamts18,0.003186264
Srrm4,0.0031857924
2700029L08Rik,0.0031857807
Fcgr1,0.0031848752
Msr1,0.0031831614
Map3k8,0.0031750125
Cd48,0.0031614825
Gm37728,0.003160724
Cd84,0.003152916
Begain,0.0031406125
Fam181b,0.0031363568
Meox1,0.0031357664
Col7a1,0.0031298616
Kcnq4,0.0031288946
Srd5a2,0.0031246117
Gm19689,0.0031153045
Scn5a,0.0031027403
Kbtbd11,0.0031025328
Itgal,0.0030983386
Vstm2b,0.003091216
Exph5,0.0030871625
Tspan8,0.003076743
Aox3,0.0030708276
F13a1,0.003065503
Tead4,0.0030558505
Ager,0.0030538216
Aldh1a3,0.003044238
Cilp,0.0030405815
Fmo1,0.003038383
Gm15672,0.0030212551
Zbp1,0.0030178514
Vav1,0.0030160388
Neurl3,0.0030138309
Spaar,0.002973393
Arhgap30,0.002965139
Pxdc1,0.0029639057
Slc35f1,0.0029634144
Catsperg1,0.0029609464
4930447C04Rik,0.0029444336
Hoxa7,0.00294393
Was,0.0029431037
St8sia2,0.00294108
Gabra4,0.0029395348
Tmem200a,0.0029389285
Lrrc71,0.0029310102
Fgd2,0.002930236
Fxyd7,0.0029301208
Ky,0.0029090773
Clec9a,0.0029073001
Gm44036,0.0029013047
Gng13,0.0028998188
Gm47445,0.0028977639
Rspo1,0.0028972882
Car13,0.0028879326
C130012C08Rik,0.002887357
Bank1,0.0028849873
Aspa,0.002878403
Marchf1,0.002875683
Dnah3,0.002870901
Phf11d,0.0028647822
Cpz,0.0028636577
Mapt,0.0028603869
Insyn1,0.0028584625
Csf2rb2,0.0028562266
Gfra2,0.0028429565
Ly6k,0.0028367217
Gabre,0.0028306942
Necab1,0.002828754
Mapk13,0.002827352
Rarb,0.0028171549
Foxa3,0.002813839
Clec4a2,0.0028116014
Tnfrsf25,0.0028106514
Hoxb5os,0.002810162
Parvg,0.0028063813
Tal1,0.0028018355
Selplg,0.0028000658
Edn3,0.0027976367
Irak3,0.0027934765
Ly6h,0.0027925868
Gm26512,0.0027914846
3222401L13Rik,0.0027852247
Slfn8,0.0027807187
Pappa2,0.0027806747
Col14a1,0.0027606841
Pik3r5,0.0027481678
Gm30873,0.0027479432
Gm34934,0.0027354753
Nek5,0.0027252177
Gm17473,0.0027232883
9530013L04Rik,0.0027185
BC037704,0.0027086039
Trpv2,0.0027065764
Gm37292,0.0026966762
E130006D01Rik,0.0026953577
Tppp,0.002694115
Gm13091,0.0026895101
Csf2rb,0.0026890412
Hck,0.0026887495
Gimap1,0.0026869301
D830026I12Rik,0.0026770842
Tbx6,0.0026699547
Cdk15,0.0026681046
Glb1l3,0.002667155
Inmt,0.0026568405
Clcf1,0.0026551667
Adgrg7,0.0026442707
1110017D15Rik,0.0026440686
Il33,0.0026304019
Gm28258,0.0026303825
Ypel4,0.002628885
Gm23119,0.002625109
Fgf7,0.0026109675
Gm38042,0.0026102995
Ifi211,0.0026098602
Gm44502,0.0026018047
Adgrg2,0.002584743
Gm47547,0.002580577
Syne4,0.002564399
Slc27a6,0.0025601673
Lrrc18,0.0025575296
Fgf18,0.0025497272
Arhgap8,0.0025477575
Gm26671,0.0025397816
Cd22,0.0025329338
Lst1,0.0025294917
Cfap91,0.0025280218
Msln,0.0025254837
Atp2b2,0.0025243885
Pmaip1,0.0025237594
Fam163a,0.0025209854
Rspo3,0.0025183116
Syt9,0.002513947
Ccdc153,0.002511674
Adap1,0.0025082284
C5ar1,0.0025018896
Slc8a3,0.0025003748
Cldn15,0.002498138
Ecrg4,0.00248583
Cdcp1,0.0024824527
Cd40,0.0024808533
Dnajb5,0.0024674688
Plekhb1,0.0024659336
Ccm2l,0.002464464
Tbc1d2,0.0024608856
Lair1,0.002455322
Cfhr2,0.0024539395
Tbkbp1,0.0024416556
Blnk,0.0024416402
Ntng2,0.0024358658
Clec1b,0.0024266634
Gpr160,0.0024241419
Hoxd3,0.0024233763
Syndig1,0.002420212
Sh3gl3,0.0024132011
Tnnt3,0.0024066148
Trabd2b,0.002400824
Ntf3,0.002399324
Retn,0.0023962914
Tmem252,0.0023940066
Olfr558,0.00239277
Asgr1,0.0023892906
Cfb,0.0023792682
Plet1,0.0023723135
Kcns3,0.0023598515
Il2rg,0.0023572936
Serpina3c,0.0023569763
Esm1,0.0023541842
Gm27167,0.0023414034
Plekhg4,0.0023407745
Gm26632,0.0023330797
Tnfrsf11b,0.0023321686
Themis2,0.0023248885
Ncf4,0.0023233255
C1qtnf2,0.0023136423
Dnai1,0.0023112434
Lrrc30,0.0023065843
Gimap3,0.0023054117
Cerkl,0.002298475
Nlrp1b,0.0022951784
Klhl30,0.0022947267
Apold1,0.0022946734
Abcg3,0.0022924235
Adipoq,0.0022776625
Gsto2,0.0022760045
Adgrb2,0.0022758138
Gm37174,0.0022729067
Postn,0.0022708182
Gm29107,0.0022706531
Stx1b,0.0022698513
Fibin,0.0022675018
Tulp1,0.0022640952
Fgfr3,0.002259966
Ch25h,0.0022570412
Ikzf1,0.002253564
Myoc,0.0022475743
Cadps,0.002244635
Lrrc70,0.002244351
Gm10766,0.0022356105
Gm37466,0.0022329679
Fgf1,0.0022300102
Wdr17,0.0022275203
Clec4n,0.0022179892
BC035044,0.002211712
Oas1a,0.0022115367
Gm13056,0.0022072424
Lcn2,0.0022054294
AW112010,0.0022016058
Gm48742,0.0021992452
Tnr,0.002194922
Il7r,0.002191554
Gm45670,0.0021820825
Ccl9,0.0021798275
Mal,0.0021713744
Prrx2,0.0021672845
Card10,0.0021666586
Gm16174,0.002161772
Gm11266,0.0021614376
Ermap,0.0021593599
Il1rn,0.0021592118
Optc,0.002152808
Ccl12,0.0021479079
Rmst,0.0021420727
Lrrn3,0.00213848
Myrf,0.0021363283
Clec3b,0.0021326954
Crybb1,0.0021317638
Epha2,0.0021282374
Ush1g,0.0021248679
Ephb3,0.0021244525
A430035B10Rik,0.0021237137
Rassf10,0.0021193004
Gm37626,0.0021150182
Prkcg,0.0021105232
Trpm6,0.0021015196
Gm16141,0.0021011913
Gm42917,0.0020999857
Wfdc18,0.002094984
Tmem150b,0.002086987
Ccl7,0.0020844853
Gpr141,0.0020833765
Gm49490,0.0020793753
Hrc,0.0020781527
Slco1a4,0.002076157
Gm37474,0.0020716805
Sp5,0.0020693424
4930426D05Rik,0.0020655338
Runx3,0.0020633126
Mmp12,0.0020630134
Gm49969,0.0020613885
Gcnt1,0.0020588813
Slc2a4,0.0020567754
Pgr,0.0020523614
Cdh6,0.0020484566
Zfp366,0.0020457795
Stk33,0.0020438854
Scimp,0.0020425837
Gm15627,0.002040308
E330020D12Rik,0.0020384658
Bco2,0.0020376204
Cdh8,0.002036105
Ssc5d,0.0020346045
Haao,0.002028199
Cyp4f14,0.002028192
Ccn5,0.0020249279
Tcap,0.0020212694
Bdnf,0.0020194144
Gm19610,0.0020184834
Pcnx2,0.0020115857
Gm20532,0.002010787
Mansc4,0.0020072507
Dgkg,0.0020060102
Serpine1,0.0020050856
Gm34907,0.0019867062
Rgs14,0.00198321
Gja5,0.0019830354
Rasgrp1,0.0019824607
Lrrc14b,0.0019705005
Fcna,0.0019698045
Gm48529,0.0019619502
Slamf9,0.0019524633
Ovol2,0.0019516337
Mroh2a,0.0019504898
Gm13446,0.0019414859
H2-Q7,0.0019312021
Cmah,0.0019269178
Ngf,0.0019258566
Upk1b,0.001925549
Hoxaas3,0.0019183313
Ly9,0.001914262
Mir142hg,0.001911784
Tnfrsf9,0.0019106604
Wfdc2,0.0019070331
Itgb4,0.0019067461
Gm15655,0.00190182
Gm38563,0.001894644
Cd33,0.0018921092
Frem2,0.0018908577
Tc2n,0.0018897285
Hoxb3os,0.0018861722
Lgals2,0.0018860529
Cacna1g,0.0018810618
Akap5,0.0018769689
Zfp853,0.0018759097
Klra2,0.0018712478
8430419K02Rik,0.001862485
Tlr2,0.0018615131
Cd200r1,0.0018602577
Gm19684,0.0018572301
Trpm2,0.0018568637
Gm13522,0.0018518569
Scn2b,0.0018480546
Lilra5,0.001845213
Dkk2,0.001838163
Gm26887,0.0018349979
Tpsb2,0.0018331765
Mmp17,0.0018249288
Gm16559,0.0018236199
Gria2,0.0018109647
Pcdh1,0.0018107346
Ren1,0.0018082324
Agmo,0.0018075681
Serpinb8,0.001802813
Syt3,0.0018023218
Aqp11,0.0018019191
Cd163,0.0017931452
Lat,0.001788119
Dcdc2a,0.0017852939
Nrgn,0.0017806317
Cnksr2,0.0017747805
Lin7a,0.0017746232
Cd300c2,0.0017716011
Il27ra,0.0017647274
Il18r1,0.001764277
Ptafr,0.0017634692
Jchain,0.0017571232
Gpm6a,0.0017507343
Gm43667,0.0017492273
Clnk,0.0017473067
Prelid3a,0.0017468105
Gm7598,0.0017430204
St8sia6,0.0017370108
Adamts15,0.0017364621
Actn2,0.0017287156
Sfrp2,0.0017218855
Nectin4,0.0017198385
Pla2g2d,0.0017186636
Col6a5,0.0017179303
Fmo2,0.0017176392
4831440D22Rik,0.0017150886
Nxpe2,0.0017144147
Apol10b,0.0017128553
Plvap,0.0017089653
Megf10,0.0017033364
Gm43508,0.0016921755
Lypd6,0.0016899294
Arsi,0.0016895344
Syp,0.001688227
Evi2,0.0016826737
Gm41664,0.0016820027
Efcc1,0.0016805194
A830012C17Rik,0.0016803534
Epor,0.0016751025
Sigirr,0.001668884
Tnfrsf11a,0.0016653165
Slc52a3,0.0016647638
Itih3,0.0016616022
Gm45640,0.0016584028
F630028O10Rik,0.0016562046
Rgs4,0.0016516296
C130075A20Rik,0.00164522
Siah3,0.0016385112
Cd86,0.0016382855
Onecut2,0.0016329207
Gm13844,0.0016325943
Dll4,0.0016314189
Stap1,0.0016308489
2900092N22Rik,0.0016283962
Samsn1,0.0016263548
Rtn1,0.001623234
Cdhr5,0.0016175678
Rbm24,0.0016163454
Map3k7cl,0.0016160988
Lrfn5,0.0016158447
Ripply3,0.0016143266
Fbxw10,0.0016129767
Gpr183,0.0016072679
Cpne7,0.0016062901
Mlip,0.0016048421
Phyhd1,0.0015957854
Cd244a,0.0015944355
Fxyd2,0.0015917299
Cst6,0.0015880262
Olfr56,0.0015869917
Gm47863,0.0015826523
Adrb1,0.0015817462
Fam107a,0.0015771315
Ifi213,0.0015685584
Snx20,0.0015654627
Tlr1,0.0015626769
Gmfg,0.0015604058
Ppfia4,0.0015543052
Mroh7,0.0015459402
Serpina3n,0.0015369579
Gm10824,0.0015336638
Drp2,0.0015329446
Phf24,0.0015308517
Foxf1,0.0015265832
Clec4a3,0.0015265231
Dmkn,0.0015189474
5730585A16Rik,0.0015169827
Gm10687,0.0015143004
Npy1r,0.0015113801
Ifitm10,0.0015108753
Nts,0.0015039588
Slc39a4,0.001499242
Ccdc85a,0.0014957567
Neto1,0.0014951961
Cd27,0.0014942521
Wnt10a,0.001490621
Slc38a11,0.0014901677
Gm49519,0.0014890233
Tslp,0.0014871454
Tgtp2,0.0014825419
Bmx,0.0014674908
Gm38340,0.0014658967
Trdn,0.0014657081
Bik,0.001464994
Gm52981,0.0014627617
Hs3st4,0.0014617168
Asb10,0.0014579755
Rasgrf1,0.0014576663
Tifab,0.0014575729
Dipk2b,0.0014567503
Sh2d1b1,0.0014550146
Fxyd4,0.0014537137
Tspan32,0.0014480022
St8sia1,0.0014470716
Gm49492,0.0014467239
Adgrg3,0.0014450086
Flt4,0.0014419449
Pgf,0.0014308174
E030042O20Rik,0.0014297983
Gm45069,0.0014280062
Cftr,0.0014267224
Lyve1,0.0014242248
Mmp28,0.0014230399
Cracdl,0.001422878
Hoxb5,0.0014198001
Gm4211,0.0014178461
Gm29502,0.0014178132
Plxna4os1,0.0014163164
Cpa3,0.0014154438
Gm17057,0.0014144712
Slpi,0.0014099665
D330050G23Rik,0.001403932
Sectm1a,0.001401583
Hsd17b2,0.0014007837
E230013L22Rik,0.0014007186
BC051142,0.0013990146
Slc22a4,0.0013971942
Pln,0.0013948891
Dqx1,0.0013922965
Gata1,0.0013763178
Ap1s3,0.0013745959
Ccl5,0.0013702239
Nfam1,0.001367691
4833419F23Rik,0.0013661329
Gzma,0.0013660188
Kcnmb1,0.0013632958
Tcf15,0.0013611082
Pqlc3,0.0013606524
Scn1a,0.0013581781
Olfm2,0.0013537128
5031425F14Rik,0.0013534526
2700033N17Rik,0.0013470026
Hgf,0.001341427
Gm9530,0.0013397036
Gm15635,0.001337819
Lgi4,0.0013345345
Gm14379,0.0013335646
Entpd2,0.001328609
Neurl1a,0.0013259554
Gm14302,0.0013194741
Gm5086,0.001317519
Hoxb2,0.0013125651
Lrrc23,0.0013063422
Gm36208,0.0013021859
Hoxa5,0.0013012885
S100a8,0.001300251
Ankrd29,0.0012973378
Gm17745,0.0012936944
Klhdc7a,0.0012933696
Gpihbp1,0.0012893855
Ccl8,0.0012869505
Gm15050,0.0012863189
Anxa9,0.0012852881
Gm10115,0.0012824864
Rab17,0.001281956
Ptpn7,0.0012818723
Car7,0.001277358
AI662270,0.0012744698
Agtr1a,0.001270163
Card11,0.0012694183
Kcnk6,0.0012685613
P2ry12,0.001262927
Clec4b1,0.0012626373
Adm,0.0012596322
St6galnac5,0.0012572974
Stab2,0.0012545398
Tnfsfm13,0.0012532661
1600023N17Rik,0.0012481017
Hoxa3,0.0012456301
Gm1968,0.0012452136
Dennd1c,0.001244239
Tagap,0.001242168
Rgs1,0.0012389505
Gm10561,0.0012336117
S100b,0.0012224595
Apod,0.0012197408
Cd300lb,0.0012146784
Trim30c,0.0012116648
Hcst,0.0012095063
Nrxn2,0.0012085068
Trbc2,0.0012073758
Gm44645,0.0012066661
Mmrn1,0.0012041683
P2rx3,0.0012033869
Tchh,0.001199011
Sectm1b,0.001198889
Cfap44,0.0011908928
Fam166b,0.0011874555
Cd37,0.0011838989
Gm28523,0.0011797091
Sncg,0.0011762412
Syt15,0.0011755704
Gm29282,0.0011755526
Tfec,0.0011715974
Calhm5,0.0011678815
Ppp1r1a,0.0011635192
Phf11b,0.0011630515
Slc16a11,0.0011568968
Hoxb8,0.0011503467
Fendrr,0.001147302
Lypd6b,0.0011471151
Itk,0.001146537
Slc1a2,0.0011426012
Cryba4,0.0011410966
Dchs2,0.0011410782
Gm48958,0.0011386651
2610001A08Rik,0.001137093
Cdkn2b,0.001136039
Parvaos,0.0011213704
Slc43a1,0.0011160146
Traf3ip3,0.0011139609
Lrrn4cl,0.0011138686
Slc8a2,0.0011138386
Ajm1,0.0011134357
Rasgrf2,0.0011121777
Gm42775,0.0011106413
Pi16,0.0011099165
Btnl9,0.001108078
Nkg7,0.0011080112
Ms4a4b,0.0011077588
Ikzf3,0.0011056403
Tasl,0.0010989357
Fgf10,0.0010959213
Klrk1,0.0010956384
Gm46633,0.001094462
Gm11131,0.0010863808
Vmo1,0.001084523
Ifit1bl1,0.0010841225
C6,0.0010800117
Kcnn3,0.0010778382
Mmp9,0.0010777044
Gpr34,0.0010758047
Col8a2,0.0010742095
Saa3,0.0010720282
2900041M22Rik,0.0010652746
Cma1,0.0010627505
Ltb,0.0010616542
Gpr182,0.0010591241
Gm38211,0.0010476792
Ccdc88b,0.0010474167
Tmem26,0.0010455286
Clec4a1,0.00104435
Gm37644,0.00104125
Susd2,0.0010362937
Stmn2,0.0010360488
Gm10605,0.0010328327
Capsl,0.0010279284
Cfi,0.0010236921
Clec2i,0.0010222783
Frmd8os,0.0010209639
Rasal3,0.0010200039
Gm13594,0.0010177774
Trbc1,0.0010148926
4833417C18Rik,0.0010094673
Csf3r,0.0010054125
Tnfsf14,0.001003244
Tlr7,0.0010010661
Ptpn5,0.0009988992
A530065N20Rik,0.0009874316
Rbp4,0.0009843344
Tlr13,0.0009828703
Tjp3,0.0009786959
Camk2b,0.00097632885
Gm44423,0.0009761448
Ccdc192,0.0009761043
H2-DMb2,0.00097534584
Ndst3,0.00097453943
Gpr176,0.0009733537
Apol9a,0.00097326253
Adap2os,0.0009726704
Atcayos,0.00097172917
AA467197,0.0009680324
S1pr4,0.0009671849
8430422M14Rik,0.00096638146
Ctsw,0.0009659054
Stac,0.0009645802
Gdf3,0.00096437964
Kcnf1,0.00095468585
Tspan32os,0.00095393264
Gm37121,0.0009487403
Jaml,0.0009451711
Dmtn,0.0009416566
Calhm6,0.0009415341
Cidec,0.0009406456
Mcoln2,0.0009320965
Pcp4,0.00093079626
Gm12681,0.0009187921
Gm2682,0.0009177141
Moxd1,0.0009144222
C1qtnf9,0.00091064646
Pilra,0.000909345
Cd5l,0.00090247614
Sytl1,0.0009002447
Kcnj10,0.00089954014
Cmklr1,0.0008981946
Gm38012,0.000897396
Fmnl1,0.0008918345
1500026H17Rik,0.00088707125
Spon2,0.00088665984
Gm15327,0.00088659034
Tespa1,0.0008856813
Gm11627,0.00088093034
Ckmt1,0.0008805181
A130071D04Rik,0.0008798541
Pld5,0.00087918027
Tpbgl,0.00087650004
Gm32688,0.0008721197
Cldn7,0.00087087386
Adra1a,0.0008652251
Cysltr1,0.00086314196
Adgrg5,0.0008631408
Slc23a3,0.00086033554
Tmem154,0.00085388595
Sprn,0.0008483327
AI504432,0.00084370235
Foxj1,0.0008408804
C030013C21Rik,0.0008293663
Hhipl1,0.0008261828
Plppr4,0.00082310644
C1qtnf3,0.00081909075
Insc,0.00081627455
Gm26648,0.0008151869
Il1b,0.000814751
Sh2d2a,0.0008143764
4930425P05Rik,0.0008139622
Nlrc3,0.0008138237
Wscd2,0.00081310346
Slc22a18,0.00081302307
Cd200r4,0.000811128
Ppp1r3a,0.00081048877
Radil,0.0008101342
Cxcl9,0.0008026264
Msc,0.0008020807
S100a9,0.00080092996
Dhx58os,0.0007978467
Gm31084,0.00079347705
Ces1d,0.00078513136
Gm47163,0.00078287703
Kcng1,0.0007822804
Gm14207,0.0007817296
Gm16070,0.0007741254
Gm13710,0.0007646204
Chrna7,0.0007645573
Btla,0.00076313375
Pkd1l2,0.000763103
Myo1g,0.00076210615
Egln3,0.00075141736
Cyp2e1,0.0007511327
Cd79b,0.00074410334
Prph,0.0007250579
Prr15l,0.0007218874
Rbm46os,0.00072123355
Abhd11os,0.00072112936
Adcyap1r1,0.00071996066
Slamf7,0.0007178148
L1cam,0.00070500956
Hoxa9,0.0007045269
Cyp26b1,0.0007037856
Mag,0.00070223765
S100g,0.0006973824
Gna15,0.0006964011
Epn3,0.0006956614
Brinp1,0.00069376675
Hdnr,0.0006922914
Ccl4,0.0006888534
Ano5,0.00068867754
Ffar2,0.0006881346
Mcf2,0.00068723067
Olr1,0.0006786332
Scart1,0.0006679245
Zcchc18,0.00066752016
Mpz,0.00066666084
Egfem1,0.00066116184
Cldn3,0.000659368
Slc22a1,0.00065851316
Siglech,0.0006541948
Adamtsl5,0.00064235745
Gm4841,0.000640218
Nuak2,0.00063523196
Dio3,0.0006315591
Gm36723,0.00062095193
Shank1,0.00061947457
3100003L05Rik,0.0006191933
Angptl7,0.0006125163
Gm46224,0.0006102547
Naip5,0.0006101668
Itgax,0.00060387887
Gm36642,0.0006024424
9530056K15Rik,0.0005970569
Hsd11b1,0.00059116754
Muc16,0.00059116754
Tnk1,0.0005894669
Retnla,0.0005872279
Ccr1,0.0005860966
Tm4sf5,0.0005828447
Cys1,0.00057834096
Clec5a,0.00057753763
Gm867,0.00057443377
Ifi209,0.000570394
Gm15498,0.00056404696
Gpr88,0.00056214555
9530086O07Rik,0.0005597099
Misp,0.00055476686
Stum,0.0005537087
Tmc8,0.0005525319
Dll1,0.0005507672
Xlr,0.00053337374
Gm43464,0.00053252437
Lrrc25,0.0005261147
Jph4,0.0005261147
Ackr2,0.00051954476
Ret,0.00051120785
Gm9895,0.0005111604
Bicdl2,0.0005098622
Nxpe5,0.00050886086
Gm26236,0.00050731807
Gm266,0.00050363044
Gm44193,0.0005026698
Gm37679,0.00049795705
Plekhs1,0.00048380764
Fxyd3,0.00048324643
Alox5,0.00048102267
Aqp5,0.00047774863
Gpr132,0.00047507486
Ccl19,0.0004716702
Vwa3b,0.00047161375
Medag,0.00046758563
Xcr1,0.00046434894
Fndc1,0.0004621495
Il1rl1,0.0004553964
Ccl22,0.0004550495
Skint3,0.00045458833
Pck1,0.00045207766
Ifi205,0.00045185158
Evpl,0.00045072642
Napsa,0.00045005546
Fndc7,0.0004471837
Lpar3,0.0004463115
4930486L24Rik,0.00043462683
Klrd1,0.0004337613
Plaat1,0.00043342978
Il18rap,0.000432835
Srpk3,0.00042893225
Nme9,0.00042835603
Anxa8,0.0004268307
Sv2b,0.0004268307
Gimap7,0.00042420038
Hsf4,0.00042420038
C030005K06Rik,0.0004238286
Cass4,0.00042161823
Lfng,0.00042125315
Cd209f,0.0004180097
Ptprcap,0.000417299
Cd2,0.00041676834
2900018N21Rik,0.00041676834
Gm10419,0.00041641566
Vtcn1,0.0004150138
Odf3b,0.00041483954
Gm525,0.00041225157
Gm15912,0.00040837438
Plek2,0.00040331422
Gng8,0.00040014513
Adamtsl3,0.00039267636
4930432E11Rik,0.00039120088
Trac,0.00038858468
Cd3g,0.0003874379
Fam174b,0.00038531338
Hoxa4,0.00038184502
Trdc,0.00037953645
Ifi208,0.0003780635
Entpd3,0.0003780635
Padi1,0.0003767383
Rergl,0.00037555673
Arl11,0.00037232836
Mapk12,0.00037194614
Ccl3,0.0003695506
Wscd1,0.00036793613
Gm11536,0.00036682977
Arhgap36,0.00036646306
Bst1,0.00036561128
Gfi1,0.00035956618
Lrg1,0.0003585277
Cyp4f18,0.00035636203
Tbx1,0.00035490067
Mobp,0.00035423168
1110018N20Rik,0.0003537322
Nxph1,0.0003513719
Slamf8,0.00035104595
Xcl1,0.000350073
Gm5547,0.00034173284
Iglon5,0.00033726983
Ptx3,0.00033649258
Gm30613,0.00033485657
Pkhd1l1,0.000333904
AI839979,0.00033016418
Crybb3,0.0003261753
Bcl11b,0.0003260861
A730046J19Rik,0.00032537486
Ly6c2,0.00032396446
Glt8d2,0.00032067776
Catip,0.00031681286
Gm9885,0.00031435638
Vsig2,0.00030343374
Rgs18,0.00029878624
Ptpru,0.00029527815
Gm32569,0.00029465763
Clca2,0.00028901975
Acan,0.00028895427
Ces2e,0.00028662058
2600006K01Rik,0.00028649232
Hepacam2,0.00028642823
Gm35154,0.00028630017
Gata3,0.0002837058
Pdzk1ip1,0.00028239936
Kmo,0.00028184397
Gm10400,0.00027886694
A830019P07Rik,0.00027791152
Gm34084,0.0002769051
Pcolce2,0.00027631727
Nat8l,0.0002749768
Sash3,0.00026714694
Gap43,0.00026110644
Gm15222,0.00026059663
Ptgir,0.00025988693
Gm826,0.00024972303
Tnfaip8l3,0.00023645778
Ccdc65,0.00023645778
Ticam2,0.00023617536
Klhdc8a,0.00023327635
Gm37593,0.00023118452
Gm35248,0.00021931791
Gm45496,0.00021763526
Gm16485,0.00021558921
Siglec1,0.00017146698
B430306N03Rik,0.00016346131
Akr1c12,0.00016346131
Scn3b,0.0
Fzd10os,0.0
Cxcr6,0.0
Crb2,0.0
Adamts8,0.0
Fzd10,0.0
Irf4,0.0
Gm30003,0.0
Gm37006,0.0
Gbp6,0.0
Sall1,0.0
Crygb,0.0
B230312C02Rik,0.0
Trpv6,0.0
Nags,0.0
Tspan1,0.0
Orm1,0.0
Sbspon,0.0
Svs5,0.0
Itgb6,0.0
Msmp,0.0
Cd209a,0.0
Endou,0.0
AU022793,0.0
F2rl1,0.0
Slitrk3,0.0
Smim43,0.0
Grb7,0.0
Lvrn,0.0
Ear2,0.0
Lhfpl4,0.0
Ltb4r1,0.0
Marveld3,0.0
Mcemp1,0.0
Mcpt4,0.0
Lrrn4,0.0
1700066B19Rik,0.0
Cd8a,0.0
Urah,0.0
Kcna2,0.0
Pilrb2,0.0
Gm609,0.0
Cox8b,0.0
Tnfrsf18,0.0
Gm45257,0.0
Mybpc2,0.0
Cntfr,0.0
Trgc1,0.0
Trgc4,0.0
H2-M2,0.0
Gpr55,0.0
H2-Ob,0.0
Hapln3,0.0
Havcr2,0.0
Pkp3,0.0
Mirt1,0.0
Mmp3,0.0
Klk1,0.0
Klk8,0.0
Klrb1f,0.0
Cd4,0.0
Wnt2b,0.0
Mall,0.0
9330159F19Rik,0.0
Lyz1,0.0
2810433D01Rik,0.0
Lypd1,0.0
1810008I18Rik,0.0
Card9,0.0
P2ry10,0.0
Padi2,0.0
Olfr78,0.0
Zap70,0.0
Sowaha,0.0
E230020A03Rik,0.0
Fads2b,0.0
Ccn3,0.0
Dscaml1,0.0
A230077H06Rik,0.0
Slc14a1,0.0
Fcer1a,0.0
Ms4a2,0.0
Slamf6,0.0
Mannr,0.0
Tnfsf15,0.0
Pianp,0.0
Pilrb1,0.0
Bcl2a1a,0.0
Cd226,0.0
Cd3d,0.0
Mpzl2,0.0
Flt3,0.0
4930430E12Rik,0.0
Gm13861,0.0
Gkn3,0.0
Il17re,0.0
Ifi206,0.0
Nipal4,0.0
Hoxa10,0.0
5830428M24Rik,0.0
Chst4,0.0
Edaradd,0.0
Col5a3,0.0
Gm44005,0.0
Gm44812,0.0
Ppp2r2c,0.0
Gm49364,0.0
Gm42517,0.0
Gm43287,0.0
8030453O22Rik,0.0
Gm26708,0.0
Gm26771,0.0
Gm30211,0.0
Gm32401,0.0
Gm35657,0.0
Ptchd1,0.0
Gm15987,0.0
Gm21188,0.0
4833412C05Rik,0.0
Gm28154,0.0
Gm28417,0.0
Gm28876,0.0
Gm16731,0.0
Ceacam1,0.0
Hspb7,0.0
Icos,0.0
Nudt17,0.0
Notum,0.0
Gm26902,0.0
