0.0,0.0,0.0,0.0,0.0,0.0,0.0,0.0,0.0,0.0,0.0,0.0,0.0,0.0,0.0,0.0,0.0,0.0,0.0,0.0,0.0,0.0
0.0,0.0,0.18387956761623134,0.0,0.0,0.0,0.0,0.0,0.0,0.0,0.0,0.0,0.0,0.0,0.0,0.0,0.0,0.6974941145186365,0.0,0.0,0.0,0.0
0.09403940486416125,0.3331702767315282,0.0,0.5181614677843186,0.0,0.0,0.0,0.0,0.0,0.0,0.1417006659742658,3.3930840794999306,0.0,0.0,0.0,0.0,0.0,0.0,0.0,0.0,0.0,0.0
0.0,0.0,0.0,0.0,0.0,0.0,0.0,0.0,0.0,0.0,0.09786841382706145,0.0,0.0,0.0,0.0,0.30762553282885785,0.0,0.0,0.0,0.0,0.0,0.0
0.674738498102235,0.21207606438524798,0.6126455914736537,0.43879130532337407,0.0,0.0,0.0,0.0,0.0,0.0,0.5417065632535497,0.0,0.0,0.0,0.0,0.0,0.0,0.0,1.763241983877934,0.0,0.5977480268559734,0.44784316832974513
0.04209791918897114,0.0,0.0,0.0,0.0,0.0,0.0,0.0,0.0,0.0,0.10509598427678227,0.0,0.0,0.0,0.0,0.06663434404698097,0.0,0.0,0.0,0.0,0.0,0.0
0.060689965969578596,0.0,0.0,0.0,0.0,0.4560121318488744,0.0,0.5132565227187791,0.0,0.0,0.16033828070219608,0.0,0.0,0.0,0.0,0.17344347989347572,0.0,0.0,0.0,0.0,0.0,0.25913785858446
0.0,0.0,0.06789126674338913,0.0,0.0,0.0,0.0,0.0,0.0,0.0,1.0762866280197525,0.7189667753056491,2.405520711959867,0.0,0.0,0.8265345671817036,0.2097124292353183,0.0,0.0,0.0,0.0,0.11476988375516287
0.18304190064049738,0.0,0.0,0.0,0.049985502640590075,0.0,0.0,0.0,0.0,0.0,1.273561492071815,0.0,0.8160015238225345,0.0,0.0,0.47813133082571485,0.0,0.0,0.7052568582007182,0.0,0.1959135772926402,0.0
0.07854255590450271,0.0,0.0,0.0,0.0,0.0,0.0,0.0,0.0,0.0,0.555915418151099,0.0,0.0,0.0,0.0,0.590488336620641,0.0,0.0,0.0,0.0,0.0,0.0
0.11648173080297146,0.0,0.0,0.0,0.0,0.0,0.0,0.0,0.0,0.0,0.27131325116589533,0.0,0.0,0.659259984413238,0.0,0.0,0.0,0.0,0.0,0.0,0.0,0.0
0.047484563097001206,0.0,0.0,0.09561153299852744,0.0,0.0,0.0,0.0,0.0,0.0,0.4179604248065282,0.0,0.0,0.0,0.0,0.565506904489681,0.0,0.20335568658119835,0.0,0.0,0.0,0.0
0.2135644425213281,0.07549185097085957,0.0,0.29269220824489384,0.0,0.0,0.0,0.0,0.0,0.0,2.5490448853591356,1.1512122614534612,0.5124933854728966,0.0,0.0,0.4723137458894912,0.16024303969790674,0.804684796872748,0.0,0.0,0.0,0.0
0.0934151206274564,0.0,0.3393536431532644,0.7373044963687811,0.0,0.0,0.0,0.0,0.0,0.0,0.7314480330263844,0.0,0.0,0.0,0.0,1.5790092946458971,0.0,0.0,0.0,0.0,0.0,0.0
1.4542931715012273,1.8372734214997501,1.345157991047825,0.7101611449194578,0.0,0.4280941042603803,0.0,1.3860798092623334,0.8140054759091674,0.0,0.21287123726045892,0.0,0.0,0.0,0.0,0.045625121568627865,0.0,0.0,0.0,0.0,0.0,0.0
0.08981743963855082,0.0,0.0,0.0,0.0,0.1643453139450959,0.0,0.49058136987327905,0.0,0.0,0.5111305129327972,0.0,0.0,0.0,0.0,0.6591741032762504,0.0,0.0,0.0,0.0,0.0,0.0
0.0,0.0,0.0,0.0,0.0,0.0,0.0,0.0,0.0,0.0,0.17940041753065505,0.0,0.0,0.0,0.0,0.3151753585636987,0.0,0.10957613472786136,0.0,0.0,0.0,0.0
0.16075677600536925,0.0,0.0,0.0,0.3575523714804826,0.0,0.0,0.0,0.0,3.6851869686166254,0.5182011698553701,0.0,0.0,0.0,0.0,0.18752672066828802,0.6296822191401248,0.0,0.404045044230503,0.0,0.0,0.0
0.22717228221758484,0.0,0.10257194358582898,0.3757105859141728,0.0,0.5087488152567597,0.0,0.2719516915608891,0.0,0.0,0.17690372574873647,0.0,0.5432101707333467,0.0,0.0,0.28159056543224137,0.0,0.0,0.0,0.0,0.0,0.0
0.09514271299984672,0.0,0.0,0.0,0.0,0.43881957721039966,0.0,0.0,0.0,0.0,0.18230903704834098,0.0,0.0,0.0,0.0,0.3620225914861671,0.0,0.0,0.0,0.0,0.0,0.0
0.0,0.0,0.0,0.0,0.0,0.0,3.4959998422367438,0.64321419810565,0.0,0.0,0.04529644562588277,0.0,0.0,0.0,0.0,0.0,0.0,0.0,0.0,0.0,0.0,0.0
0.1934009581471439,0.0,0.0,0.27171967837705285,0.0,0.0,0.0,0.0,0.0,0.0,0.8770640246727679,0.38712484259739477,0.5723402243604967,0.20646132874319423,0.0,0.5111482182108432,0.694431320970731,0.0673060952252615,0.0,0.0,0.0,0.4102146379700462
0.12389792296335708,0.14557972687753473,0.0,0.3356030490780414,0.0,0.0,0.0,0.0,0.0,0.0,1.2776666536695873,1.2120293143253593,1.2197617675888952,0.0,1.2375743178560756,0.4118933499621245,0.837069997019553,0.08324612971461304,0.0,0.0,0.0,0.0
0.11518989125451405,0.12019089414145022,0.028357251308190074,0.8564980959757418,0.0,0.0,0.0,0.40318834351299165,0.0,0.0,1.778397605446844,1.0039699522374321,1.040607039981254,0.0,1.080026699142743,1.280596830881023,0.4073956987691387,0.7892761346965337,0.0,0.0,0.0,0.0
0.3391245096291085,0.21829840741453094,0.0,0.49521235398693686,0.0,0.0,0.0,0.0,0.0,0.0,3.330752651273971,1.9235339957593836,1.3098599586230715,0.0,1.4096991580881835,1.1152097798907068,0.0,0.36035292636125593,0.27841601610441624,0.0,0.0,0.0
0.17694365409240326,0.052766996209381176,0.08394998659148456,0.0,1.6975642069096897,0.0,0.0,0.47916425810408003,0.0,0.0,1.5401860109773005,0.17923437394353384,0.0,0.0,0.0,1.1776734771993156,0.0,0.3917333199039178,0.0,0.0,0.0,0.8084289433074775
0.15769407426214727,0.0,0.09165677832415704,0.0,1.6203843071653132,1.148590064506054,0.0,0.5272489194517754,0.0,0.0,0.32318616388230953,0.0,0.3848949671221096,0.0,0.0,0.25950604122999754,0.4752986977244582,0.10505861115263808,0.5139021885603451,0.0,2.902842446051824,0.0
0.0,0.0,0.0,0.0,0.0,0.0,0.0,0.0,0.0,0.0,0.605428987839256,0.0,0.0,0.0,0.0,0.7452944612726851,0.0,0.0,0.0,0.0,0.0,0.0
0.0,0.16759929905650692,0.01732658463927861,0.0,0.0,0.0,0.0,0.0,0.0,0.0,1.4959701779837073,0.0,0.0,4.869872683549348,0.0,0.4683199229261597,1.1575860709725523,2.589037515569018,0.0,3.8309233039172645,0.0,0.0
0.03060583415821493,0.0,0.0,0.046302183647850784,0.0,0.0,0.0,0.0,0.0,0.0,0.912915215525988,0.0,0.0,1.829545471467248,0.0,0.7108142552906219,1.8033728254217245,1.8176696618616524,0.0,0.0,0.0,0.0
0.0,0.14556366010332825,0.0,0.0,0.0,0.0,0.0,0.8543651381294708,0.0,0.0,1.7182548651240785,0.0,0.0,1.0788163906116672,0.0,0.656187393279736,2.140032247200156,4.3193152188769774,0.0,0.0,0.0,0.7164676101576234
0.03616708458122263,0.011752816619763991,0.0,0.0,0.0,0.0,0.0,0.5621723207857728,0.0,0.0,1.2959480837925792,0.0,0.0,0.46548278006591104,0.0,1.080236217765002,0.8554910451902547,1.622557477159862,0.0,0.0,0.0,0.0
0.06295461258629234,0.0,0.0,0.0,2.0444038779582137,0.0,0.0,0.0,0.0,0.0,0.2220492264525894,0.0,0.0,0.0,0.0,0.9289684170864272,0.0,0.0,0.0,0.0,0.0,0.0
0.12664656569446978,0.0,0.0,0.0,0.0,0.0,0.0,0.0,0.0,0.0,0.6807429039924688,0.0,0.0,0.0,0.0,0.9408009326897075,0.0,0.5423720392528198,0.0,0.0,0.0,0.0
0.016765604603786673,0.0,0.0,0.0,0.0,0.0,0.0,0.0,0.0,0.0,0.09207680313595647,0.0,0.0,0.09488949171322714,0.0,0.26765264776973546,0.0,0.36833930348552685,0.0,0.3419710098242856,0.0,0.0
0.12798854174649613,0.0,0.0,0.0,0.0,0.0,0.0,0.0,0.0,0.0,1.0579005795472793,0.0,0.0,0.0,0.0,2.5893807873366645,0.0,0.0,0.8604341849124195,0.0,0.0,0.3404903265116729
0.19220847405319383,0.10992894448816465,0.12062759588964016,0.8590551526316512,0.0,0.0,0.0,0.094788935805987,0.0,0.0,2.0860807225465363,0.7383466676867207,1.3597466090140444,0.0,0.0,1.3513510007917628,0.7595570031678887,0.587814674321143,1.8457288930761093,0.0,0.0,0.0
0.11812913040553347,0.018665891686468077,0.0,0.4210348537815881,0.0,0.0,0.0,0.0,0.0,0.0,1.1910998561920014,0.5853186976414148,0.7720461052654535,0.4248414105866684,0.6537450116267198,0.3534614006937137,0.34340357077093053,0.03458807204873512,0.0,0.0,0.0,0.0
0.1543238445644972,0.19681945983889795,0.0,0.3714978834169717,0.8480500411260861,0.0,0.0,0.0,0.0,0.0,1.5740933122033678,0.0,0.0,0.0,0.0,2.285709337623219,0.0,0.0,0.0,0.0,0.0,0.0
0.30232243914904344,0.0,0.0,0.0,1.8811344472997367,0.0,0.0,0.0,0.0,0.0,1.898818094254337,4.794711685205007,0.0,0.8461202779680294,0.0,0.0,0.0,0.6402315584870597,0.0,0.0,0.0,0.0
0.05702078488755992,0.0,0.0,0.0,0.0,0.49731048288122415,0.0,0.2234165258391995,0.0,0.0,1.0073834857664754,0.0,0.0,0.5497140069749203,0.0,1.8302053620811054,0.7233292209294251,1.3548642482695248,0.0,0.0,0.0,0.3206162532049388
0.0,0.0,0.0,0.0,0.0,0.0,0.0,0.0,0.0,0.0,1.3553723670792148,0.0,0.0,1.1684889567470989,0.0,0.2363266994302488,2.6493479788333953,6.775444822226087,0.0,0.0,0.0,0.0
0.005603939418262609,0.0,0.0,0.0,0.0,0.0,0.0,0.0,0.0,0.0,0.5471818214449464,0.0,0.0,0.3227369788408381,0.0,0.16258338791729177,1.6376571579979642,1.8661994968220195,0.0,0.0,0.0,0.0
0.10754829767363658,0.0,0.14016922390437778,0.0,0.0,0.0,0.0,0.0,0.0,0.0,1.7128397705118863,0.0,0.0,0.2848218087197117,0.0,1.736710858301508,2.0553967259559274,3.0076971638817565,0.0,0.0,0.0,0.004260626184699514
0.0,0.0,0.0,0.0,0.0,0.0,0.0,0.0,0.0,0.0,0.7040989193209662,0.0,0.0,0.0,0.0,0.43851551905544073,2.2069481087355376,1.7646082989850287,0.0,0.0,0.0,2.7248338951749176
0.030958486651075496,0.0,0.0,0.0,0.0,0.0,0.0,0.34396000057656606,0.0,0.0,0.5232539418496864,0.0,0.0,0.0,0.0,0.9956369697388052,0.0,0.35137063155685205,0.0,0.0,0.0,0.0
0.05716796604510523,0.0,0.1311170602261794,0.0,0.0,0.0,0.0,0.0,0.0,0.0,0.44061850463267505,0.4058667928600887,0.0,0.0,0.0,0.5261867389274015,0.343144005497415,0.24482548068947463,0.0,0.0,0.0,0.0
0.1179138486394854,0.0,0.0,0.0,0.0,0.0,0.0,0.0,0.0,0.0,0.14786398749881502,0.40322986300010394,0.0,0.0,0.0,0.0,0.0,0.2849996088479053,0.0,2.187063826517574,0.0,0.5796918134036203
0.0549089170569883,0.0,0.0,0.0,0.0,0.0,0.0,0.14343156102013527,1.5217658998851762,0.0,0.14255495379487057,0.0,0.0,0.3984913217193364,0.0,0.06810576799832595,0.0,0.0,1.4373216343882789,0.0,3.4723786063706683,0.20583298174956566
0.1507075504414327,0.08655717509921278,0.0,0.6296940982080761,0.1714991601302515,0.0,0.0,0.6613972457225049,0.0,0.0,2.018857135393863,1.160138587123174,0.6732787211646981,0.05075324686672011,0.0,0.6419203584428691,0.5155467242082403,0.5779256424222601,0.0,0.0,0.0,0.0
0.10430821954293486,0.0,0.0,0.0,0.0,0.0,0.0,0.0,0.0,0.0,1.8888207698781916,0.4589698922450369,0.0,0.0,0.0,1.109687542797908,0.8171271999327231,0.44670663933213,0.0,0.0,0.0,0.0
0.13376747369721664,0.0,0.0,0.0,0.0,0.8186611890154551,0.0,1.4779373413140957,0.0,0.0,0.5989136489279676,0.0,0.2830399930020292,0.0,0.0,0.5831831334787146,0.0,0.2789723491157553,0.0,0.0,0.0,0.8102523485456696
0.18500053788430212,0.0,0.0,0.0,0.21995742523606374,0.0,0.0,0.47502571423096585,0.0,0.0,2.0215353388866797,0.0794280029195453,0.0,0.16469225397464235,0.0,2.075417328829228,0.0,0.0,0.14386833116597408,0.0,0.0,0.0
0.07622941086583239,0.0,0.0,0.0,0.45783538485387437,0.0,0.0,1.1916749850951702,0.0,0.0,0.8225929132619939,0.0,0.0,0.1134416052664383,0.0,1.4579464549005112,0.1186325524121347,0.012830964508808426,1.0339676147093955,0.0,0.0,0.0
0.005932725775802622,0.3410596095208634,0.0,0.0,0.0,0.0,0.0,0.0,0.0,0.0,1.0924295541832458,0.0,0.0,2.714397290619204,0.0,0.9858340142541079,3.556191272835731,2.611461219470555,0.6384476604643857,0.0,0.0,0.0
0.0,0.108267921114394,0.0,0.0,0.0,0.0,0.0,0.0,0.1202161882201795,0.0,0.6656675045973691,0.0,0.0,4.647712087568975,0.0,0.5558584733504348,0.4605371178095788,1.4216756003026418,0.0,0.0,0.0,0.0
0.05358148984850709,0.12940655749624047,0.0,0.0,0.0,0.0,0.0,0.0,0.0,0.0,1.14580287435818,0.020012230925202854,0.0,1.468876826028752,0.0,0.9553300661104641,2.5653496601169645,2.31015974350775,0.0,0.0,0.0,0.02866696060471355
0.08034038325771614,0.0,0.0,0.0,0.0,0.0,0.0,0.0,0.0,0.0,0.17764811141354256,0.31010394256284424,0.31025225989292715,0.0,0.0,0.0615358009909956,1.090323426247723,0.0,0.0,0.0,0.0,0.0
0.039375079725774344,0.09100132327148099,0.0,0.0,0.0,0.0,0.0,1.3805694361131082,0.0,0.0,0.5940019470925739,0.6180316222217903,0.0,0.0,0.0,0.36755380377516433,0.0,0.0,0.0,0.0,0.0,0.8850697203101369
0.0,0.0,0.0,0.0,0.0,0.0,0.0,0.0,0.0,0.0,0.3196358686557516,0.0,0.0,0.0,0.0,0.0,0.0,0.0,0.0,0.0,0.0,0.0
0.0,0.0,0.5833104718648325,0.0,0.0,0.0,0.0,0.0,0.0,0.0,0.40042719596037035,0.0,0.0,0.8182971471041439,0.0,0.22504286183935654,1.801814311633615,0.0,0.0,0.0,0.0,0.0
0.04984488294991937,0.0,0.0,0.0,0.0,0.0,0.0,0.5880773750050151,0.0,0.0,0.10077282894316682,0.0,0.0,0.0,0.0,0.0940164092049356,0.0,0.0,0.0,0.0,0.0,0.0
0.06697425313445898,0.0,0.0013228674150491122,0.0,0.0,0.0,0.0,0.0,0.0,0.0,0.5697396603798291,0.004094874871347197,0.0,0.0,0.0,0.22834379179527536,0.0,0.0,0.0,0.0,0.0,0.0
0.0569812881364177,0.14208640814128523,0.08962373919092637,0.0,0.0,0.0,0.0,0.0,0.0,0.0,1.2967463030027555,0.0,0.0,0.0,0.0,1.8068544023719992,0.0,0.0,0.889155717726093,0.0,0.0,1.427813003946548
0.0,0.0,0.0,0.0,0.0,0.0,0.0,0.0,0.0,0.0,1.2476447256713448,0.0,0.0,0.0,0.0,1.7089873678330538,0.0,0.0,0.21324384888544584,0.0,0.0,0.0
0.0,0.0,0.0,0.0,0.0,0.0,0.0,0.43131535979119473,0.0,0.0,1.835902977474996,0.4320947809369279,0.0,0.0,0.0,1.960820972997654,0.0,0.0,1.3121043736783446,0.0,0.0,0.2424101002934625
0.30739095656011983,0.0,0.0,0.0,0.5221529316947948,0.0,0.0,0.6310961642756124,0.0,0.0,1.5842494938749365,0.4308316558496892,0.0,0.0,0.0,3.1533840869585634,0.0,0.0,0.0,2.112538799432297,0.0,0.0
0.08460159664788147,0.0,0.0,0.0,0.0,0.26094174419689437,0.0,0.15172380749846331,0.0,0.0,1.1430414656911365,0.0,0.0,0.18050809659842626,0.0,1.100855924389145,0.0,0.2327371967587259,0.9488165623405811,0.0,0.0,0.3586485854156668
0.08481946226695498,0.1548259335268208,0.10755668242329863,0.0,0.2315266645880061,0.15054285798606803,0.0,0.0,0.0,0.0,0.4072351102702253,0.0,0.716243076923351,0.0,0.0,0.5493807889643745,0.5017564787047392,0.3631980613195683,0.0,0.0,0.0,0.07875713687518505
0.08580420521471058,0.0,0.219732465854529,0.24524893220764976,1.0903640680729412,0.3641144164019901,0.0,0.5509437036059098,0.0,0.0,0.4472367623490754,0.0,0.0,0.11684195348593286,0.0,0.2621940542549998,0.0,0.0,0.6330893716234017,0.0,0.0,0.7385156480731397
1.3504229164657853,0.47221652671792513,0.04833820976059253,0.44920246743397396,0.0,0.4986021989286551,0.0,0.6478597651990363,0.37933998568611943,0.0,0.22309125122907947,0.026788190222598367,0.0,0.0,0.6704222168849038,0.31464662700647483,0.0,0.029223025801468426,0.03973091305250869,0.0,0.0,0.531552250788674
0.09892299067931054,0.0,0.0,0.0,0.0,0.3069711320929288,0.0,1.0691761985364612,0.0,0.0,0.2644358517443439,0.7765732556674667,0.0,0.0,0.0,0.3078396765966457,0.0,0.0,0.0,0.0,0.0,0.0
0.13307897692171436,0.0,0.0,0.0,0.6149395739262163,0.0,0.0,0.3829542598650292,0.0,0.0,0.5216783634412867,0.10665458563805374,0.0,0.0,0.0,0.3553557911123248,0.0,0.0,0.0,0.0,0.0,0.0
0.0,0.0,0.0,0.0,0.0,0.0,0.0,0.0,0.0,0.0,0.36481548675383646,0.0,0.0,0.0,0.0,0.26466897862979694,0.0,0.0,0.0,0.0,0.0,0.0
0.0,0.0,0.0,0.0,0.0,0.0,0.0,0.0,0.0,0.0,0.30593655439280626,0.0,0.0,0.0,0.0,0.2609862364340424,0.0,0.5247503873704629,0.0,0.0,0.0,0.08411786072834772
0.0032246945335618056,0.0,0.025391444736133004,0.0,0.0,0.0,0.0,0.0,0.0,0.0,0.571322954214888,0.0,0.0,0.0,0.0,0.23550869592091395,0.0,0.281225715435551,0.0,0.0,0.0,0.0
0.13495501999470005,0.0,0.0,0.7436083984828135,1.5788749547867165,0.0,0.0,0.0,0.0,0.0,0.616580731153731,0.0,0.0,0.0,0.0,0.0,0.0,0.0,0.0,0.0,0.0,0.0
0.0,0.0,0.0,0.0,0.0,0.0,0.0,0.2432828158987443,0.0,0.0,0.9820042385617316,0.0,0.0,0.0,0.0,0.39824421323366177,0.0,0.0,0.39387866175942626,0.0,0.0,0.0
0.09452167471138534,0.047483012951003295,0.0,0.3282101239190824,0.6438581425885239,0.0,0.0,0.11292344194259252,0.0,0.0,1.0676868691104624,0.0,0.0,0.0,0.0,1.7127041787518917,0.0,0.0,0.0,0.0,0.0,0.0
0.13367417116572702,0.0,0.0,0.0,0.0,0.0,6.505908603530794,1.054754510752915,0.0,0.0,1.795655364368961,0.0,0.0,0.0,0.0,3.5198629008628037,0.0,0.16745127265732207,0.5559827696542031,0.0,0.0,0.0
0.1653250766148318,0.2112194718642021,0.08466682028262443,0.0,0.42594841950971796,0.0,0.0,0.5230967318277508,0.0,0.0,1.1767334007436325,0.0,0.0,0.0,0.0,2.3570640829570113,0.0,0.0,0.37944277943797006,0.0,0.0,0.0
0.26973364867375643,0.04116925654011149,0.045175985852681115,0.0,0.8514362852810174,0.0,0.0,0.0,0.0,0.0,2.0874692818790095,0.0,0.0,0.0,0.0,2.1170196385743236,0.0,0.0,0.0,0.0,0.0,0.0
0.08678743537649546,0.0,0.0,0.0,0.22646348171628936,0.0,0.0,0.5486889015783956,0.0,0.0,0.4018998322222451,0.0,0.0,0.0,0.0,0.2634137690115307,0.0,0.0,0.0,0.33383508650882004,0.0,1.6267059089158367
0.02806572708044479,0.0,0.0,0.0,0.0,0.0,0.0,0.5534184873211697,0.0,0.0,0.18243645823946003,0.0,0.0,0.0,0.0,0.3832608100716447,0.0,0.0,0.8944164865698966,0.0,0.0,0.0
2.2977077175255385,4.958804891044064,1.7203773395238482,1.4160000085884648,0.0,0.770872195777155,0.0,0.8909100775007497,0.5255656855593576,0.0,0.16100532337066975,0.0,0.20150183474220035,0.0,0.2609547374313687,0.03996611275707004,0.0,0.0,0.5796169412355604,0.0,0.0,0.0
3.2876501641976277,0.5237047426955045,3.814003870216858,4.847289818006635,0.4849358905968718,2.3403080129715583,0.0,1.606725167890019,0.0,0.0,0.1650016823370706,0.0,0.0,0.0,0.0,0.09089598067206742,0.0,0.0,0.0,0.0,0.0,0.0
2.5623150331027182,1.9419498386164062,1.4783449185923287,2.2560530960012732,0.0,0.8336111295243621,0.0,1.5147043353454028,1.7605340381327166,0.0,0.19719115223756217,0.0,0.0,0.0,0.8068096057781122,0.18158314835132966,0.4835325211685056,0.0,0.0,1.0129834943056997,0.0,0.0
0.0858669196151177,0.0,0.0,0.0,0.0,0.0,0.0,0.8145020386711724,0.0,0.0,0.7185204120007721,0.0,0.0,0.0,0.0,1.1794379631102023,0.0,0.0,0.0,0.0,0.0,0.0
0.03397462061775879,0.0,0.0,0.0,0.0,0.0,0.0,0.0,0.0,0.0,0.36573317560068225,0.9573102148385184,0.0,0.0,0.0,0.6479752406458364,0.0,0.0,1.1885901440707363,0.8667354448075252,0.0,0.0
0.0,0.0,0.0,0.0,0.0,0.0,0.0,0.0,0.0,0.0,0.0,0.0,0.0,0.0,0.0,0.0,0.0,0.0,0.0,0.0,0.0,0.0
0.0,0.0,0.0,0.0,0.0,0.0,0.0,0.0,0.0,0.0,1.3130331983632524,0.0,0.0,0.05202009404090428,0.0,0.9121987228331546,0.0,0.0,0.0,0.0,0.0,0.0
0.0,0.0,0.0,0.0,1.450392078042047,0.0,0.0,0.0,0.0,0.0,0.33341889522362544,0.0,0.0,0.36731952635066567,0.0,0.47625403533974064,0.0,0.14681667426631065,0.0,0.12696908817104616,0.0,0.7298211604008877
0.19883908018286225,0.0,0.008556625004615964,0.312742770370948,0.0,0.19320032143233778,0.0,0.3964586707012615,0.0,0.0,0.17575536194335065,0.0,0.0,0.0,0.0,0.0,0.0,0.0,0.0,0.0,0.0,0.5985211839042197
0.00948749801056559,0.0,0.0,0.0,0.0,1.0008036165444185,0.0,0.4794196348193199,0.0,0.0,0.3132566187598589,0.0,0.0,0.0,0.0,0.09537150076925871,0.0,0.0,1.0293880616354458,0.7992862082821206,0.0,0.10668983266695406
0.0,0.0,0.041865140116569895,0.44586223789474916,0.0,0.0,0.0,0.0,0.0,0.0,0.6272272083266694,0.050470664542262254,0.0,0.0,0.0,0.5958754218509117,0.0,0.0,0.0189570013970154,0.0,0.0,0.014992160508873165
0.20681167523641458,0.0,0.0,0.0,0.0,0.0,0.0,0.0,0.0,0.0,1.191326209139342,0.0,0.0,0.0,0.0,0.01585673894254298,0.0,0.0,0.0,0.0,0.0,0.0
0.056307394033071924,0.0,0.0,0.0,0.0,0.0,0.0,0.0,0.0,0.0,1.907900671306102,0.8838013870626298,0.0,0.0,0.0,1.506796417779569,0.0,0.0,0.0,0.0,0.0,0.0
0.07967695318807991,0.0,0.17873251340286336,0.0,0.0,0.0,0.0,1.1042624881896586,0.0,0.0,2.121194312023919,0.8756831743943216,0.0,0.0,0.0,0.8304510000809465,0.0,0.0,0.0,0.0,0.0,0.0
0.17939406862105786,0.3713849155826349,0.0,0.0,0.0,0.0,0.0,0.36824641290979254,0.0,0.0,1.7089238534754136,0.0,0.0,0.0,0.0,1.2826946023845474,0.0,0.0,0.6682118672462689,0.0,0.0,0.0
0.20463834306095324,0.0,0.13091735744874844,0.0,0.31901992030304027,0.0,0.0,0.19866998749459241,0.0,0.0,1.4948223411932962,0.30975653429322153,0.0,0.0,0.0,1.0024883401651663,0.0,0.16898149938930732,0.0,0.0,0.0,0.0
1.9332586295907344,1.5536189035009458,0.9938639596876424,2.3613263683876946,0.0,2.7026686301196943,0.0,0.14351940262412988,0.0,0.0,0.30145031361911,0.0,0.9172582789540353,0.0,0.37214325756334854,0.0,0.0,0.0,0.6639542947684224,0.0,0.0,0.5250888127956278
2.8854515270555288,0.6439086603788664,4.097767138385407,2.3441007928156665,0.0,1.4437113583341745,0.0,1.2401926271127734,2.2032284585392827,0.0,0.06543598425166099,0.0,0.0,0.0,2.7899363441558407,0.2272897338064402,0.20273384733358946,0.0,0.0,0.0,0.0,0.0
2.61552274940776,2.0336749887884182,1.7578494816840657,1.0872582041514296,0.0,2.8279543358790558,0.0,0.3688869459717569,0.6056398138523232,0.0,0.3229202382548534,0.21997419070301863,0.0,0.0,1.3682360735865184,0.30105937485758855,0.0,0.0,0.3527918510963234,0.0,0.0,0.0
0.051397283446019765,0.0,0.0,0.1694716938224658,0.0,0.0,0.0,0.5166892000197713,0.0,0.0,0.5935936501598964,0.03675341540146047,0.0,0.0,0.0,0.14686162797703653,0.0,0.0,0.06657164153823594,0.0,0.0,0.32068588288531874
0.03178662324114938,0.0,0.0,0.0,0.8309094215873023,1.29182818798034,0.0,0.0,0.9899629074982141,0.0,0.26893615647219915,0.8271878044333709,0.0,0.0,0.0,0.46849309404215994,0.0,0.0,0.37489582728317733,0.0,0.0,0.30321130051806666
0.10902581241781979,0.31024412207513,0.14006618593131492,0.0,0.0,0.0,0.0,0.0,0.0,0.0,0.530330645897408,0.0,0.0,0.0,0.0,0.41773864827465484,0.3084891822632866,0.0,0.0,0.0,0.0,0.0
0.08787587709581343,0.0,0.0,0.0,0.8373734500131266,0.0,0.0,0.0,0.0,0.0,0.36519736761682026,0.0,0.0,0.20996304949351746,2.2038785870771753,0.0,0.0,0.0,0.1605891192465269,0.0,0.0,0.0
0.018896059379844815,0.0,0.0,0.08822726595901967,0.0,0.0,0.0,1.1065555183239417,0.0,0.25772967751056003,0.46007139245285317,0.0,0.0,0.0,0.0,0.16539716859209216,0.0,0.0,0.0,0.0,0.0,0.44777251461705303
0.08291517569371759,0.0,0.0,0.0,0.7162633258698682,0.4657274717749388,0.0,0.0,0.0,0.0,0.4996827136997913,0.0,0.0,0.0,0.0,0.09228733085088416,0.0,0.5067700712405453,0.0,0.0,0.0,0.0
0.0,0.0,0.0,0.0,0.0,0.0,0.0,1.8372494220005606,0.0,0.0,1.5194840901946391,0.17924468910168795,0.0,0.5514837398201233,0.0,1.2814705295465443,0.0,0.7141082753180705,0.0,0.0,0.0,0.0
0.09832037150838002,0.0729500265373789,0.0,0.0,0.7656807166644426,0.0,0.0,0.0,0.0,0.0,1.112665015350684,0.0,0.0,0.0,0.0,2.6634860459306973,0.0,0.0,0.0,0.0,0.0,0.0
0.12466596919312117,0.0,0.0,0.0,0.0,0.021101231040359464,0.0,0.5263364686880232,0.0,0.0,0.599563190218172,0.0,0.0,0.0,0.0,0.3556586286382585,0.0,0.0,0.5021634938042384,0.0,0.0,0.9750045915861321
0.03004396867987954,0.0,0.0,0.0,0.0,0.0,0.0,0.7327075124728557,0.0,0.0,0.7962483110623112,0.0,0.0,0.0,0.0,0.23408193629028956,0.0,0.0,0.4272027656511051,0.0,0.0,0.0
1.147339131636266,1.914363459255255,0.605959707347577,0.7447713070026967,0.0,1.1018772586838992,0.0,0.792300714265574,2.9161255102932073,0.0,0.7533461321196695,0.0,1.060556946254986,0.0,0.0,0.21388177185898655,0.0,0.0,1.8595751098111648,0.0,0.0,0.0
3.6676614156387304,4.304432227306634,3.035927220766678,2.8962211135677998,0.377535412315756,1.7090398524077441,0.0,0.0,1.4987968590649308,0.0,0.16265841021428146,0.1031828087335069,0.0,0.0,0.0,0.39734393259579237,0.0,0.09232485280803898,0.6835215803637459,0.0,0.0,0.0
0.5060014775604669,1.1845467493604906,0.44123707802885587,0.48959087624555186,1.2808640930262474,1.3924567129841174,0.0,2.131687291997519,0.0,0.0,1.359868893696054,0.6682404338033167,0.0,0.0,0.0,0.3297283804441363,0.0,0.0,0.7819690289416805,0.0,0.0,1.5299075917094012
2.805153222632746,0.8183561555414147,0.6629798945876371,2.097398627931252,0.0,4.460073226811136,0.0,0.5131465839580848,0.0,0.0,0.24031736422047975,0.0,0.0,0.0,0.0,0.0,0.0,0.0,0.0,0.0,0.0,0.30389772532849535
0.546170548621863,0.012111985603795759,0.0,0.3627108894601954,0.0,0.5748677040377488,0.0,0.08211428528600397,0.0,0.0,0.37341832781078527,0.0,0.9505835668356104,0.0,0.0,0.535277057966016,0.0,0.0,0.0,0.0,0.0,0.7390655085570257
0.0,0.0,0.0,0.0,1.493980402634342,0.39334968523227737,0.0,0.8841029225935495,0.07074575296016794,0.0,0.877094316333043,0.1737930719691029,0.0,0.0,0.0,0.8081406837809655,0.0,0.0,0.0,0.0,0.0,1.3351572114418437
0.07115950209215462,0.0,0.0,0.0,1.1722659513433604,0.0,0.0,0.0,0.0,0.0,0.054966143534965824,0.0,0.0,0.0,0.0,0.2344425946756513,0.0,0.13049905670043438,1.2652931754544192,0.0,0.0,0.0
0.0,0.6987094936398556,0.0,3.330993450552253,0.0,0.0,0.0,0.0,0.0,0.0,0.2708535664345405,0.0,0.0,0.0,0.0,0.9408009326897075,0.0,0.0,0.0,0.0,0.0,0.0
0.011539394470395856,0.13945933303230934,0.0,0.0,0.14520101537935623,0.0,0.0,0.0,0.0,0.0,0.5552304306359304,0.0,0.0,0.0,0.0,0.8264364666261903,0.0903970284780149,0.0,0.6374328303609474,0.0,0.0,0.0
0.07472922870004364,0.006226247738994469,0.11745461243594721,0.0,0.0,0.0,0.0,0.3510195972990975,0.0,0.0,0.5001477877675704,0.0,0.0,0.0,0.0,0.0,0.0,0.0,0.0,0.0,0.0,0.0
0.10839916355181795,0.0,0.0,0.0,0.0,0.0,0.0,0.0,0.0,0.0,0.15118843225007245,0.0,0.0,0.0,0.0,0.26641182067963165,0.47280720403431037,1.2794532694800473,0.0,0.0,0.0,0.0
0.05436371839604273,0.1784315112159218,0.0,0.0,1.3467475555664703,0.0,0.0,0.0,0.0,0.0,0.3589610320597652,0.0,0.0,0.3606701539817729,0.0,0.33306340592528066,0.0,0.10818600343591242,0.0,0.6444647144953636,0.0,0.0
0.09396984962246561,0.0,0.0,0.0,0.0,0.0,0.0,0.0,0.0,0.0,0.892551908927665,0.5843737969476487,0.0,0.07910805639122868,0.4493218707058059,1.3983911791305288,0.0,0.059858480586080766,0.0,0.0,0.0,1.0962496300393336
0.13242884601848945,0.11411157513865992,0.0,0.0,0.0,0.0,0.0,0.0,0.0,0.0,1.012689293536087,0.0,0.0,0.0,0.0,0.5784743942259578,0.0,0.0,0.0,0.0,0.0,0.0
0.21511803575205052,0.0,0.0,0.0,0.0,0.0,0.0,0.0,0.0,0.0,1.0331328920313894,0.0,0.0,0.0,0.0,1.10758141523,0.0,0.0,3.086183274162773,0.0,0.6112339660056946,0.0
0.015310224239178806,0.20351106204098174,0.0,0.0,0.25786518601777786,0.0,0.0,0.0,0.0,0.0,0.9464699004845083,0.0,0.0,0.0,0.0,1.1322158606237127,0.0,0.0,0.0,0.0,0.0,0.0
2.5390274144544094,3.2710602247975578,3.793255547564275,2.4603574046827648,0.0,1.5670966055885036,0.0,0.2520776692314977,2.2119953929932055,0.0,0.1958187048904041,0.0,0.0,0.0,0.6536329114500771,0.0,0.0,0.16083540243549352,0.0,0.0,0.0,0.0
1.0797363057135576,0.45840191338779546,1.6392347812914376,1.6276709938209837,0.0,0.0,0.0,0.3565913998613988,0.25558985200545853,0.0,0.11082595619024088,0.0,0.0,0.0,0.9246351555060348,0.0,0.0,0.0,0.0,0.0,0.0,0.0
2.913711875109481,1.9205287749182465,4.780747380510823,3.040517734501318,0.0,1.2542955756587282,0.0,1.4231114235623714,0.6941325448153228,0.16822331071285143,0.13579329487936695,0.0,0.0,0.0,0.6893097019723504,0.11291471147711113,0.0,0.0,0.0,0.0,0.0,0.0
1.4163601176793932,1.4380434248061333,0.5034813572265816,0.5530652420414047,0.11173813221433611,1.2413543491890349,0.0,0.9158996414619678,0.9005851477240243,0.0,0.3493640616817596,0.19149820154410885,0.0,0.0,0.0,0.08125269607200172,0.0,0.0,0.0,0.0,0.0,0.0
0.07328117043487875,0.017995766861146987,0.019747174893363337,0.0,0.0,0.5166299159300787,0.0,0.0,0.0,0.0,0.420546515912877,0.5752777661991822,0.0,0.0,0.0,0.07715774891100015,0.0,0.0,1.1527221066610585,0.0,0.0,0.0
0.0,0.0,0.0,0.0,0.0,0.0,0.0,0.0,0.0,0.0,0.0,0.0,0.0,0.0,0.0,0.0,0.0,0.0,0.0,0.0,0.0,0.0
0.3023224391490434,0.0,0.0,0.0,0.0,0.0,0.0,0.0,0.0,0.0,0.2708535664345405,0.0,0.0,0.0,0.0,0.0,0.0,0.0,0.0,0.0,0.0,0.0
0.029781641740574374,0.0,0.0,0.0,0.0,0.0,0.0,0.0,0.0,0.0,0.4514176812766372,0.0,0.0,0.22549748923089555,0.0,0.460955566128721,0.2081457092209381,0.0,0.0,0.0,0.0,0.0
0.0,0.0,0.0,0.0,0.0,0.0,0.0,0.0,0.0,0.0,0.22128926414291689,0.0,0.0,0.6573084820364932,0.0,0.7372446849315153,2.8585967237523255,1.0668696139418676,0.0,0.0,0.0,0.7355774660305799
0.0,0.04534754705322478,0.2685760437688668,0.0,0.0,0.0,0.0,0.0,0.0,0.0,0.6607995287120787,0.0,0.0,3.098982465252157,0.0,1.4768721350618406,0.5638256291526123,1.051726270086033,0.2790000581132558,0.0,0.0,0.0
0.0,0.12565810743577827,0.265038547750262,0.0,0.0,0.03962299598197623,0.0,0.3881054879235339,0.0,0.0,1.3587424833166646,0.6309028018847382,0.0,0.5604305992165188,0.0,0.7426183733744035,5.346297652827557,3.6069785014631006,0.0,0.0,0.0,0.0
0.12386084064362943,0.0,0.0,0.0,0.0,0.0,0.0,0.0,0.0,0.0,0.45641992817000493,0.0,0.0,0.0,0.0,0.0,0.0,0.0,0.0,0.0,0.0,0.0
0.2676341037926166,0.0,0.11431204598170716,0.0,0.0,0.0,0.0,0.26961456115235427,0.0,0.0,1.3187818497824424,1.228475105949563,0.0,0.0,0.0,0.8146901115868105,0.0,0.0,0.0,0.0,0.0,0.0
0.0236614276657448,0.0,0.0,0.0,0.0,0.0,0.0,0.49454353678343504,0.0,0.0,0.8917150072820463,0.0,0.0,0.0,0.0,0.35714432073191804,0.0,0.0,1.7934432935229618,0.0,0.0,0.0
0.05791867205396696,0.8845283690652347,0.0,0.32364524287849605,0.3578512950849933,0.0,0.0,1.576573692031187,0.0,0.0,1.076134768055581,0.0,0.0,0.0,0.9175097785071733,0.980970817054639,0.0,0.0,0.40438283698658506,0.0,0.0,0.0
3.127555501142321,2.7140937959144953,4.5647175779648705,2.176642083729509,0.0,1.0518986975198508,0.0,0.6277798597836889,1.7315465198371285,0.0,0.08673789176439059,0.0,0.0,0.0,0.0,0.0,0.0,0.0,0.0,0.0,0.0,0.0
3.084758104218708,0.9965920644355036,2.4994349594870497,2.9827091070734486,0.0,0.5719965970813454,0.0,0.7178827320228315,0.0,0.0,0.21144870522367298,0.0,0.0,0.0,5.038864433075156,0.011302175896818747,0.0,0.0,0.0,0.0,0.0,0.0
5.049251380246712,5.8867338299967775,5.675158325166616,4.637506108757144,0.0,0.01919270577595384,0.0,0.4050032437792217,0.10119920530224585,0.0,0.4126126660142918,0.0,0.0,0.25309025544604136,1.8144184770055183,0.08842310338692842,0.0,0.15516344088346606,0.0,1.9895371215062105,0.0,0.0
0.3369243707933677,0.01222008465010732,0.27803659635058786,0.0,0.03236608842244341,0.0,0.40395289764788705,0.0,0.0,0.0,0.6589843439818238,0.0,0.0,0.0,0.0,0.0,0.0,0.0,0.03657466338166452,0.0,0.0,0.0
0.0,0.0,0.15233181433549978,0.0,0.05909915217962942,0.0,0.0,0.0,0.0,0.0,0.29488976654033616,0.0,0.0,0.0,0.0,0.5727117100402928,0.0,0.0,0.0,0.0,0.0,0.0
0.16065515165396316,0.0,0.10366452213275267,0.0,0.0,0.3003464930110268,0.0,0.0,0.0,0.0,0.27615265867396505,0.0,0.0,0.0,0.0,0.1272027881483949,0.0,0.0,0.581227332818474,0.0,0.0,0.0
0.014226974638642186,0.0,0.0,0.0,0.0,0.0,0.0,0.5692095000937614,0.0,0.0,0.18274275897639142,0.0,0.0,0.0,0.0,0.45206806340045685,0.0,0.0,0.0,0.0,0.0,0.0
0.41038870896320323,0.0,0.0,0.0,0.0,1.548327081079366,0.0,0.0,0.0,0.0,0.11560649751982137,0.0,0.0,0.5496933452126493,0.0,0.0,0.0,0.8787802458398585,0.0,0.0,0.0,0.0
0.14927766942746304,0.17250516975847227,0.5236499861334774,0.0,1.3298740285974442,0.0,0.0,0.0,0.0,0.0,0.3781989804943408,0.44915651446869204,0.0,1.5801776727349595,0.0,0.6309082504243835,0.9936482635041357,0.7561775481358419,0.0,0.0,0.0,0.9361455275383517
0.027466854776382794,0.15917826071113458,0.0,0.3348208096676167,0.0,0.0,0.0,0.0,0.0,0.0,1.0407912012199474,0.0,0.0,2.274122743074724,0.0,0.4209108386518519,0.8295620643670236,0.8312700520451093,0.0,0.0,0.0,0.0
0.08967998016153558,0.42299868264290263,0.0,0.0,0.0,0.0,0.0,0.0,0.0,0.0,1.3623176613601324,0.0,1.714957269317503,4.233513238323668,0.0,0.37124010837080307,4.702614335653872,5.168136036533051,0.0,0.0,0.0,0.0
0.15642430197384993,0.16827593362998938,0.0,0.4607143121352364,0.0,0.0,0.0,0.0,0.0,0.0,1.4408304378390198,0.0,0.0,0.0,0.0,0.7650000684165993,1.1403292335305129,3.5243787677890728,0.0,0.0,0.0,0.30836778268539605
0.07109057772397433,0.0,0.0,0.0,0.0,0.0,0.0,0.6222131026598764,0.0,0.0,0.5726076586850383,0.5482396356901009,0.0,0.0,0.0,0.22122764693358626,0.024451290327758682,0.14196644085301408,0.0,0.0,0.0,0.7994354078516175
0.09087700256203579,0.0,0.19395258352028968,0.0,1.2168746917603415,0.48734765403663927,0.0,0.0,0.0,0.0,0.8000340672699121,0.9349370178513777,0.0,0.0,0.0,0.8449169577599027,0.0,0.176632618925958,0.0,0.0,0.0,0.0
2.162655062918348,0.35677486762321375,0.14937426757038688,2.071387336069524,0.0,2.9571021590253577,0.0,0.6704019001510053,0.0,0.0,0.3828314336363222,0.0,0.0,0.0,0.0,0.0,0.0,0.05010567018248725,0.0,0.0,0.0,0.0
2.506719237145132,0.5000022450105746,1.3526599030104385,4.3759689006457565,0.0,3.066302941928072,0.0,1.3600130328435656,0.4164679808504323,0.0,0.22522926886709832,0.0,0.30232091159352315,0.0,4.394412258876934,0.0,0.0,0.0,0.0,0.0,0.0,0.0
0.6183747793373847,0.3643730959809497,0.0,0.4665056057772281,0.0,0.0,0.0,0.9801208827812014,0.0,0.0,0.18071669840079108,0.0,0.0,0.0,0.0,0.6366493374308133,0.0,0.0,0.0,0.0,0.0,1.2005757152044234
2.293376542196406,2.705080618186304,0.6556525822812924,2.384331282324909,0.0,1.0133360115151533,0.0,0.01371728757491409,0.03783511240728834,0.0,0.18791317287754908,0.0,0.30800107833013,0.0,0.0,0.20374287635846747,0.0,0.0,0.0,0.0,0.0,0.7648173709680282
0.5246703275663049,1.6093446356053696,0.6833832020181366,0.0,0.0,0.4582124561119177,0.0,0.26588900733699383,0.0,0.0,0.7181638985629956,0.1947016925577652,0.0,0.0,0.0,0.5310028167326445,0.0,0.0,0.06401733659733813,0.0,0.0,2.4579123812092454
0.0,0.0,0.0,0.0,0.0,0.0,0.0,0.0,0.0,0.0,0.38047202437203625,0.0,0.0,0.0,0.0,0.4277223215206827,0.0,0.0,0.0,0.0,0.0,0.0
0.0,0.0,0.0,0.0,0.0,0.0,0.0,0.2345620447702378,0.0,0.0,0.3041615202129426,0.0,0.0,0.0,0.0,0.19873684585086904,0.0,0.0,0.7387545560307568,0.0,0.0,2.9414118774193554
0.5010075488388366,0.26601564543775413,0.07644582810552757,0.06560037463319979,0.0,4.941610010094196,0.0,1.1972732024837442,0.0,0.0,0.3741214908512466,0.23663452358680287,0.0,0.09646407395846293,0.0,0.09380376504203951,0.0,0.34436085124337906,0.0,1.5345693528871704,0.0,0.0
0.0,0.0,0.0,0.0,0.0,0.5594386853650715,0.0,0.0,0.0,0.0,0.5885273199879208,0.0,0.0,0.0,0.0,0.0,0.12261875969004787,0.0,0.9722623643103376,0.0,0.0,0.0
0.06694968971005305,0.0,0.0,0.0,0.0,0.0,0.0,0.0,0.0,0.0,0.059980867714268395,0.0,0.0,0.0,0.0,0.0,0.0,0.0,0.0,0.0,0.0,0.0
0.17407591812455803,0.0,0.0,0.0,0.0,0.0,0.0,0.0,0.0,0.0,0.27411842013114684,0.0,0.0,1.079637902100835,0.0,0.2271059943442158,0.0,0.35138433826892923,0.0,0.0,0.0,0.0
0.08522202239324758,0.0,0.366623327990538,0.0,0.0,0.0,0.0,0.0,0.0,0.0,0.20586721711052205,0.0,0.0,1.4459743690925557,0.0,0.44986952682730286,0.0,0.0,0.0,0.0,0.0,0.0
0.3875294297025612,0.13992006555770717,0.0,0.4067293942268671,0.0,0.0,0.0,0.9157150625177127,0.0,0.0,0.29590148806161776,0.0,0.0,0.49255260469780837,0.0,0.0,0.0,0.0772555018521559,0.0,0.0,0.0,1.5531328074279551
2.217000053009942,1.5504914099975673,0.2975832844631503,1.1024840897137642,0.0,0.0,0.0,0.6111705766958182,0.0,0.0,0.061176978483062285,0.0,0.0,0.0,0.0,0.13882313581819822,0.0,0.0,0.0,0.0,0.0,0.5016557909481295
0.12920398218670276,0.04166701868100731,0.0,0.0,0.0,0.14750676579195585,0.0,0.5886739992345338,0.3896673758542649,0.0,0.7936577144351074,0.5952694600137027,0.0,0.0,0.0,1.6241710285806068,0.0,0.5112705523798203,0.0,0.0,0.0,0.4472983205787126
0.007810783726949573,0.0,0.01980867782730415,0.0,0.6165605478990238,0.0,0.0,0.13987463594715485,0.0,0.0,0.660902508887924,0.17372982465385495,0.0,0.0,0.0,0.35715408849680286,0.0,0.2318999050004024,0.0,0.0,0.0,0.0
1.2595482388554524,0.1514106898970204,0.06050441147240844,1.4054063658228186,0.0,1.4781234554069413,0.0,0.32645542798408245,1.1321526478780792,0.0,0.16058736367559445,0.0,1.0043908528593553,0.0,0.0,0.16923324836219886,0.0,0.0,0.2531420917455342,0.0,0.0,0.0
1.9945066409688335,0.18567181798071122,0.11053309191286606,1.468277429221903,0.37881234121133944,0.3839856012739805,0.0,1.2262530820824449,0.650676866686674,0.0,0.0946828315718245,0.0,0.0,0.0,0.0,0.09368387419668205,0.0,0.0,0.0,0.0,0.0,0.0
2.0941771280939365,0.29159050016629506,1.8759287874519002,2.686423984369968,0.0,0.6289696783943388,0.0,1.262912736887089,0.0,0.0,0.10069464779383873,0.0,0.0,0.0,0.7812610930498611,0.34408348540811423,0.0,0.0,0.0,0.0,0.0,0.0
0.0,0.10347292478238211,0.0,0.0,0.0,0.0,0.0,0.35083390664337727,0.0,0.0,0.8986397668343704,0.0,0.0,0.0,0.0,0.3863600075320812,0.0,0.0,0.0,0.0,0.0,0.780328578860323
0.17383438038460589,0.0,0.0,0.0,1.0583153669821392,0.0,0.0,0.7044076156206655,0.0,0.0,1.0364651256224997,1.6943046835541307,0.0,0.0,0.0,0.7586097431188343,0.0,0.0,0.9723698369850413,0.0,0.0,0.5194507456416686
0.03333466717284752,0.0,0.2866681457255182,0.21545415428318337,0.0,0.6886988726307586,0.0,0.8857673283550959,0.0,0.0,0.15023370423594737,0.0,0.0,0.0,0.0,0.060627175750650616,0.0,0.0,0.0,0.0,0.0,1.8428459977758882
0.0,0.0,0.0,0.0,0.0,0.0,0.0,0.06829434125864753,0.0,0.0,0.7156756686958892,0.6683032129066032,0.0,0.49217977522948997,0.0,0.0,0.0,0.1400641925166002,1.2365213460268434,0.0,0.0,0.09800651821614365
0.15293717756424516,0.0,0.0,0.0,0.0,0.0,0.0,0.34617785134836854,0.0,0.0,0.9807077360312169,0.0,0.0,0.0,0.0,0.5628222063062638,0.0,0.0,0.5224296912396713,0.0,0.0,0.0
0.0,0.19081878844158506,0.0,0.0,0.0,0.0,0.0,0.0,0.0,0.0,0.2708535664345405,0.0,0.0,0.4672978397267664,0.0,0.7185958147035472,0.0,0.0,1.1740095445916157,0.0,0.0,0.0
0.0,0.0,0.0,0.0,0.0,0.0,0.0,0.0,0.0,0.0,0.0,0.0,0.0,0.0,0.0,0.0,0.0,0.0,0.0,0.0,0.0,0.0
0.0,0.0,0.0,0.0,0.0,0.0,0.0,0.0,0.0,0.0,0.0,0.0,0.0,0.0,0.0,0.0,0.0,0.0,0.0,0.0,0.0,0.0
0.0,0.0,0.0,0.0,0.3795178849885991,0.0,0.0,0.0,0.0,0.0,0.07163437033624448,0.0,0.0,0.0,0.0,0.09385836184472879,0.0,0.0,0.08212873533206896,0.0,0.0,0.0
0.0,0.0,0.0,0.0,0.0,0.0,0.0,1.5917561877702224,0.0,0.0,0.08886687617130999,0.0,0.0,0.0,0.0,0.0,0.0,0.0,0.0,0.0,0.0,0.0
0.05972981823951418,0.34551078630602716,0.05070607797451297,0.6362934221228698,0.0,0.0,0.0,0.0,0.0,0.0,0.33539867365868703,0.0,0.0,0.0,0.0,0.17256570022594117,0.0,0.0,0.0,0.0,0.0,0.0
0.5011139832148865,0.0,0.0,0.0,0.0,1.1959806183342043,0.0,0.29511156952881024,0.0,0.0,0.10044383996744606,0.0,0.0,0.0,0.0,0.26952928700857354,0.0,0.01436012948009501,0.0,0.0,0.0,0.0
0.2014053694339861,0.0,0.11899392995642408,0.0,0.0,0.4309218719484121,0.0,0.0,0.0,0.0,0.24426546147234743,0.0,0.0,0.0,0.0,0.07422572892558374,0.0,0.0,0.0,1.7120153895988373,0.0,0.0
3.792812619508182,1.6367458147691283,1.261141212901803,2.7837353938926994,0.0,1.2435641723119315,0.0,0.42024179536983525,0.9676414765302203,0.0,0.4811208682056265,0.0,0.0,0.0,0.0,0.5522898323498124,0.0,0.014882909624666263,0.0,0.0,0.0,0.0
3.937889527489406,4.961816164536574,0.33162429553829864,2.1012157824680773,0.0,2.693732252951086,0.0,1.1933919224995209,0.5756457252673476,0.0,0.6206227893110843,0.0,0.0,0.35038179371654005,1.2578917350537084,0.37239823465822997,0.0,0.0,0.0,1.579336135945065,0.0,0.0
0.06717460824045848,0.17612064160539978,0.0,0.0,0.4029313286508684,0.0,0.0,0.25092590440185325,0.0,0.0,1.0570406099051262,0.4572950391767389,0.0,0.0,0.0,0.7354678474918223,0.0,0.15365001905145256,0.0,0.0,0.0,0.043365745699701023
0.05558998214689535,0.0,0.0,0.12055546757100745,0.6323142367780027,0.26066887734103633,0.0,0.0,0.0,0.0,1.1772321173735723,0.0,0.0,0.0,0.0,1.0126425552815606,0.0,0.0,0.0,0.0,0.0,0.0
0.3153175667117848,0.0,0.0,0.5414059833023415,0.0,0.9707810502438299,0.0,0.0,0.0,0.0,0.41838522447923576,0.6055067719933775,0.0,0.0,0.0,0.12872990580265312,0.0,0.0,0.0,0.0,0.0,0.0
0.4670274693695574,0.0,0.10316637805123521,0.0,0.0,0.2637659959482973,0.0,1.142521908408884,0.0,0.0,0.25890357723120994,0.0,1.0335198168500033,0.0,0.0,0.0,0.0,0.0,0.0,0.0,0.0,0.0
0.1109983275572344,0.0,0.0,0.0,0.49578551985129604,0.0,0.0,0.3729357008316602,0.0,0.0,0.8915988039184731,0.43531086968116667,0.0,0.0,0.0,0.6959444740097355,0.0,0.0,0.0,0.0,0.0,0.0
0.16212563267569557,0.0,0.0,0.0,0.7250692998135713,0.0,0.0,0.4515376613154469,0.0,0.0,2.333391715252259,1.6706024422399586,0.0,0.0,0.0,1.1698411456186322,0.0,0.0,0.4938374217144473,0.0,0.0,0.8572743247657119
0.547129562499496,0.0,0.0717166674295363,0.0,0.5629925572277185,0.0,0.0,0.0,0.0,0.0,0.20007639597575652,0.0,0.2716050317885388,0.0,0.0,0.13923338330618007,0.0,0.0,0.6361986965563573,0.4416266782785591,0.0,0.0
0.2990598455258885,0.0,0.10411197741261666,0.0,0.48688470120089467,0.33588112122367464,0.0,0.0,0.0,0.0,0.27716370506052734,0.0,0.0,0.0,0.0,0.0,0.0,0.1073755319072247,0.0,0.0,0.6183657591800217,0.0
0.06743296012986619,0.0,0.0,0.0,0.0,0.0,0.0,0.5552867925721289,0.0,0.0,0.5118166574944821,0.0,0.0,0.0,0.0,0.7261219249569136,0.0,0.0,0.0,0.0,0.0,0.0
0.05667601170476955,0.0,0.0,0.0,0.0,0.0,0.5817730363327093,0.0,0.0,0.0,0.06442115087640213,0.0,0.0,0.3207732777966045,0.0,0.0890839697978217,0.4439871656385626,0.23716446801947885,0.0,0.0,0.0,0.1711696848423981
0.0,0.0,0.0,0.0,0.0,0.0,0.0,0.0,0.0,0.0,0.004438031621222648,0.0,0.0,0.0,0.0,0.16311002986940043,0.0,0.0,0.0,0.0,0.0,0.0
0.04062043233581086,0.0,0.0,0.0,0.0,0.0,0.0,0.0,0.0,0.0,0.22015084387696382,0.0,0.0,0.0,0.0,0.3025184655984327,0.0,0.0,0.0,0.0,0.0,0.0
0.05104864495239647,0.0,0.0,0.0,2.0219263156469833,0.0,0.0,0.0,0.0,0.0,0.1033140621082399,0.0,0.0,0.0,0.0,0.0,0.0,0.0,0.0,0.0,0.0,0.0
0.057626296184079086,0.0,0.0,0.0,0.0,0.0,0.0,0.4515665905127915,0.0,0.0,0.043389691076820426,0.0,0.0,0.0,0.0,0.06595224511307826,0.0,0.0,0.0,0.0,0.0,0.0
0.6592095658986026,0.09745080200617491,0.0,0.4820936301044631,0.0,2.4735241660553244,0.0,0.0,0.0,0.0,0.7504045733079376,0.0,0.0,0.0,0.0,0.0,0.0,0.0,0.0,1.4656980177900552,0.0,0.0
1.0896392969036817,0.4231300809649488,0.0,0.0,0.0,0.0,0.0,0.5019902237446191,0.0,0.0,0.29669073431864035,0.029460851186804214,0.0,0.035308329973165374,1.214825723063202,0.0,0.0,0.09396484431828048,0.0,0.0,0.0,0.0
2.1180374942573277,1.341383984727892,0.21041322770524998,0.8627708776272812,0.0,0.32272287643433756,0.0,0.2709103569648889,0.0,0.0,0.29474033781335596,0.0,0.0,0.0,0.0,0.0,0.0,0.0,0.0,0.0,0.0,0.0
1.396696730150676,1.1350761062159735,0.0,0.5687087979638757,1.0751118813852865,0.31888495283650964,0.0,0.26959515620739544,0.0,0.760290080748245,0.23176275132005816,0.0,0.0,0.0,2.393207755160464,0.0,0.0,0.0,0.0,0.0,0.0,0.1470734068451097
0.9448464976415127,0.4263772141185461,0.0,0.4053199197377484,0.0,1.200206774197359,0.0,0.3672964810061339,0.0,0.0,0.07423340018644628,0.22047595584756235,0.0,0.0,0.0,0.0,0.0,0.08045709607392362,0.0,0.0,0.0,0.0
0.09879906914843244,0.0,0.0,0.0,0.05595226758932465,0.0,0.0,1.230847167444566,0.0,0.0,0.3992384774813734,0.6030897150909589,0.0,0.011413731711367212,0.0,1.3062102175793062,0.0,0.0,0.6318066902510824,0.0514470764777451,0.0,0.0
0.0,0.0,0.0,0.0,0.0,0.0,0.0,0.6164307091823054,0.0,0.0,1.1930263991142587,0.9328584012754868,0.0,0.0,0.0,1.2629924707566371,0.0,0.0,0.0,0.0,0.0,0.0
0.5323364613315886,0.053308246180486615,0.014698759472838305,0.6152832542001552,0.0,0.631389877791779,0.0,0.04541725721021112,1.332248804686469,0.0,0.1310731615049153,0.0,0.0,0.31093947780529557,0.0,0.29231814405676604,0.4303760537168077,0.0,0.0,0.0,0.0,0.6178005638874353
0.1675967683276948,0.0,0.10989842030952354,0.0,0.24508650288010364,0.1331766549804308,0.0,0.15262787482371376,0.0,0.0,0.16296543240663894,0.0,0.0,0.0,0.0,0.10790092601142413,0.0,0.13553944561852593,0.0,0.0,0.0,0.0
0.0,0.0,0.0,0.0,0.5527711717253792,0.0,0.0,0.6211942927633722,0.0,0.0,0.9098073297260774,0.0,0.34481909348642564,0.0,0.0,0.519871527733425,0.0,0.0,0.8657728953369175,0.0,0.0,0.0
0.11779577627989257,0.0,0.09413525179696572,0.0,0.0,0.0,0.0,0.4498546845643419,0.0,0.0,1.183640738599089,0.0,0.0,0.0,0.0,0.6379775659595168,0.0,0.0,0.0,0.0,0.0,0.0
0.033220748896849436,0.0,0.0,0.0,0.0,0.2718035930184538,0.0,1.4765932906799875,0.0,0.0,0.19511275203391726,0.0,0.0,0.0,0.0,0.5167833550267845,0.0,0.14226998755069187,0.0,0.0,1.1455622305720776,0.3735775371893304
0.18284625731403634,0.06411238173806849,0.0,0.0,0.0,0.0,0.0,0.6215165178865193,0.0,0.0,1.3165019578953405,0.19014671939961075,0.0,0.0,0.0,0.46311920422278474,0.0,0.0,0.6990289063376145,0.0,0.0,0.8162174520709252
0.3291976821718139,0.0,0.16333303509597258,0.013629470451789886,0.0,0.4463759455623785,0.0,0.0,0.0,0.0,0.17170076535355372,0.42829223481565437,0.0,0.0,0.0,0.1737560027632127,0.0,0.0,0.0,0.9808284121534423,0.0,0.0
0.0,0.0,0.0,0.0,0.0,0.0,0.0,1.107492081217462,0.0,0.0,0.033483881872552156,0.0,0.0,0.0,0.0,0.3846839597007002,0.0,0.0,0.0,0.0,0.0,0.0
0.06752587141847476,0.0,0.0,0.0,0.5092595982565801,0.0,0.0,0.0,0.0,0.0,0.13664032883637567,0.2747916288423115,0.0,0.0,0.0,0.08664732628488224,0.0,0.0,0.0,0.0,0.0,0.0
0.007925894232776249,0.0,0.0,0.0,0.7321287916786742,0.0,0.0,0.0,0.0,0.0,0.09631940783391255,0.0,0.0,0.0,0.0,0.0,0.0,0.0,0.0,0.0,0.0,0.2759475983628208
0.0,0.0,0.0,0.0,0.0,0.0,0.0,0.0,0.0,0.0,0.06807485337703083,0.0,0.0,0.0,0.0,0.0,0.0,0.0,0.0,0.0,0.0,0.0
0.0,0.0,0.0,0.0,1.2846266982658172,0.0,0.0,0.0,0.0,0.0,0.05815211414502242,0.0,0.0,0.0,0.0,0.023635252557165625,0.0,0.0,0.0,0.0,0.0,0.5316251690633454
0.0,0.0,0.11565942690084899,0.0,0.7487210117238235,0.0,0.0,0.002834341082121981,0.0,0.0,0.0003240523621491601,0.22790004496990152,0.0,0.0,0.0,0.0011255851955854267,0.0,0.0,0.0,0.0,0.0,0.6525521961447818
0.0,0.0,0.20815145896316425,0.0,0.0,0.0,0.0,0.20843141355183648,0.0,0.0,0.085789810231944,0.6443232096021311,0.0,0.0,0.0,0.0851418775991658,0.0,0.0,0.0,0.0,0.0,0.0
0.0,0.0,0.0,0.0,0.0,0.0,0.0,0.0,0.0,0.0,0.2708535664345405,0.0,0.0,0.0,0.0,0.0,0.0,0.0,0.0,0.0,0.0,0.0
0.0,0.2788472640893536,0.0,0.0,0.0,0.0,0.0,0.0,0.0,0.0,0.13428539676380924,0.0,0.0,0.0,0.0,0.0,0.0,0.0,0.0,0.0,0.0,0.0
0.8526063283631659,0.13616151913913593,0.0,0.3246260512373403,0.0,0.06735236032513305,0.0,0.23739214779372433,0.0,0.0,0.3607749441307299,0.0,0.0,0.0,0.0,0.0,0.0,0.0,0.0,1.9266352806946887,0.0,0.0
0.8143583027137258,0.24180432885955028,0.0,0.0,0.0,0.5689855683402112,0.0,0.9369863611246152,0.32306282190566593,0.0,0.8573589320419617,1.2682859076836301,0.0,0.0,0.3037104491177413,0.0,0.0,0.0,0.0,0.0,0.0,0.0
0.09775448523857652,0.0,0.0,0.0,0.0,0.0,0.0,0.43874184933168026,0.0,0.0,0.4959934518081044,0.30769292812341437,0.0,0.0,0.0,0.12197186909710747,0.0,0.2195565700658123,0.9117422548509678,0.0,0.0,0.0
0.0,0.0,0.06808622861919991,0.0,0.0,0.0,0.0,0.0,0.0,0.0,0.047461422753576975,0.0,0.0,0.0,0.0,0.0,0.0,0.0,0.0,0.0,0.0,0.0
0.0,0.0,0.0,0.3440497025496277,0.0,0.0,0.0,0.0,0.0,0.0,0.28317058175692666,0.32624797943596445,0.0,0.0,0.0,0.0,0.0,0.0,0.0,0.0,0.0,0.0
0.2162558031863736,0.0,0.0,0.0,1.002051177443271,0.1923316416306207,0.0,0.62402841397017,0.9181278507274514,0.0,0.07134564109829485,0.0,0.0,0.0,0.0,0.0,0.0,0.0,0.0,0.0,0.0,0.5283977997316784
0.4188686473269118,0.0,0.0,0.0,0.37628823774048453,0.5621518136262504,0.0,0.2343338917997712,0.0,0.0,0.22641025512864882,0.0,0.0,0.0,0.0,0.0,0.0,0.0,0.0,0.0,0.0,0.6721869031680663
0.2564117727363311,0.0,0.0,0.0,0.0,0.0,0.0,1.3323774190901854,0.0,0.0,0.5529462839016938,0.0,0.9108037031438878,0.0,0.0,0.2566784506997867,0.0,0.06861098752764826,0.0,0.0,0.0,0.0
0.0,0.05870383695753125,0.0,0.0,0.0,0.0,0.0,0.3712244034984282,0.0,0.0,0.9557505655708662,0.16029341439569428,0.0,0.0,0.0,1.2553316712041953,0.0,0.1875644304463486,0.0,0.5832351996366533,1.007018832147351,0.0
0.20029417627515367,0.0,0.0,0.061080796569449335,0.0,0.0,0.0,0.0,0.0,0.0,1.6163974713429325,1.1368963959595613,3.7778258608694997,0.0,0.0,0.7643667064702074,0.08684015394974232,0.6063432332677772,0.0,0.0,0.0,0.0
0.252726979039219,0.18805107378926597,0.12896823221853743,1.265932931776145,0.0,0.0,0.0,0.21257444411365906,0.0,0.0,3.583389441900814,0.3124335161165709,4.319712944309273,0.0,0.1880709659050104,2.5959213515982595,0.6830935494615775,1.184356121432753,0.0,0.0,0.0,0.0
0.17018685814152107,0.036463042803769434,0.0,0.35684556973235293,0.0,0.0,0.0,0.0,0.0,0.0,2.2898187894795425,0.5018878763543895,3.0533538739302553,0.0,0.0,1.0156804976435774,0.24678167046698057,0.6384473451318435,0.0,0.0,0.0,0.3642069672178095
0.0,0.0,0.0,0.0,0.0,0.0,0.0,0.0,0.0,0.0,0.15466338193702656,0.0,0.0,0.0,0.0,0.0,0.0,0.0,0.0,0.0,0.0,0.0
0.03588878842093148,0.13046491854755685,0.0,0.0,0.8230652595551768,0.0,0.0,0.5546897105406997,0.0,0.0,0.3225604018803608,0.0,0.0,0.0,0.0,0.45055683475188,0.0,0.0,0.0,0.0,0.0,0.0
0.0,0.0,0.0,0.0,0.8197227366665818,0.0,0.0,0.5104831876576419,0.0,0.0,0.09697356199904025,0.0,0.0,0.0,0.0,0.6081067486767321,0.0,0.0,0.9263116002330226,0.0,3.2128278249632722,0.0
0.07895000691284337,0.0,0.0,0.0,0.993433511382404,0.0,0.0,0.7822703300083741,0.0,0.0,0.0,0.0,0.0,0.44683900185880815,0.0,0.24568550170648795,0.0,0.0,0.0,0.0,0.0,0.0
0.0,0.0,0.0,0.0,0.0,0.0,1.921134176672593,0.0,0.0,0.0,0.05858868385462817,0.0,0.0,0.0,0.0,0.0,0.0,0.0,0.0,0.0,0.0,0.0
0.0,0.0,0.0,0.0,0.0,0.0,0.0,0.8783851911664681,0.0,0.0,0.06909356554722602,0.0,0.0,0.0,0.0,0.0,0.0,0.0,0.0,0.0,0.0,0.0
0.0,0.0,0.0,0.0,1.8544373840409496,0.0,0.0,0.0,0.0,0.0,0.0,0.0,0.0,0.0,0.0,0.0,0.0,0.0,0.0,0.0,0.0,0.0
0.0,0.0,0.0,0.0,0.0,0.0,0.0,0.0,0.0,0.0,0.37633655911429703,0.786571201554629,0.0,0.0,0.0,0.3118029400828308,0.0,0.0,0.0,0.0,0.0,0.0
0.0,0.0,0.0,0.0,0.0,0.0,0.0,0.0,0.0,0.0,0.7926117841425235,0.0,0.0,0.0,0.0,0.0,0.0,0.0,0.0,0.0,0.0,0.0
0.0,0.0,0.0,0.0,0.4448138728701143,0.19106036359825923,0.0,0.0,0.0,0.0,0.2731434703448994,0.0,0.0,0.0,0.0,0.4811034267710127,0.0,0.0,0.5211561627679664,1.7996385884760688,1.7434070372358876,0.0
0.010136341643012558,0.0,0.0,0.0,0.0,0.0,0.0,0.0,0.0,0.0,0.26422854720437583,0.0,0.0,0.0,0.0,0.24974648508492436,0.0,0.0,0.0,0.0,0.0,0.0
0.0,0.0,0.355602884615473,0.0,0.0,0.0,0.0,1.0987667160020091,0.0,0.0,0.7476789547425279,1.1007522748123755,0.0,0.0,0.0,0.8726441518458278,0.0,0.0,0.0,0.0,0.0,0.0
0.03671678002349885,0.0,0.0,0.0,0.23101077041369808,0.0,0.0,0.0,0.0,0.0,0.23139063057160114,0.0,0.0,0.0,0.0,0.7177448657675141,0.0,0.1957659045182976,0.0,0.0,0.0,0.0
0.12911939393828736,0.0,0.1090049486742114,0.0,0.0,0.0,0.0,0.0,0.0,0.0,0.08802419772800024,0.0,0.0,0.0,0.0,0.0,0.0,0.15813754850380107,0.0,0.0,0.0,0.09426551393600827
0.4438737169849982,0.0,0.12787583610208553,0.3595390325284,1.7282287222326445,0.6121117926219221,0.0,0.0,0.0,0.0,0.37414270907692226,0.0,0.0,0.0,0.0,0.0,0.0,0.044928382312191456,0.0,1.26799049302119,2.4867648218693748,0.0
0.3174034564129019,0.33055397118051727,0.0,0.0,0.0,0.0,0.0,0.024076996366526653,0.0,0.0,4.424256729939991,1.5285845803956084,0.9143180764704656,0.0,1.1840866554856015,1.8066811357224886,1.3514057108774535,0.9471631643452049,0.0,0.0,0.0,0.0
0.10420241492729687,0.0,0.0,1.4970651499105243,0.0,0.0,0.0,0.28769790308268745,0.0,0.0,1.6468737383939052,0.5070333413661264,0.0,0.0,0.0,1.043017805778474,0.2876118234569442,0.08763781760854211,0.0,0.0,0.0,0.0
0.13526409602194642,0.0,0.0,0.06772145549686322,0.0,0.0,0.0,0.0,0.0,0.0,1.8838230020825457,0.6329733142389095,0.964733108826906,0.0,0.0,2.1553227672399764,0.0,0.6532888237811438,0.0,0.0,0.0,0.0
0.24509777908595712,0.0,0.12613741083927357,0.5869988602422833,0.8026233733890722,0.0,0.0,0.4998345413747347,0.0,0.0,2.1442010384472847,1.3633812087333737,1.431690949273845,0.0,0.0,1.8684702761530019,0.0,0.877716927767402,0.6078233180950485,1.6272606053093253,0.0,0.0
0.05854777594844954,0.0493447784437912,0.12959655042608398,0.0,0.771217300179213,0.0,0.0,0.0,0.0,0.0,0.8222726446070269,0.0,0.0,0.0,0.0,0.7303666616880018,0.0,0.0,0.0,0.0,0.0,0.0
0.12207322217820231,0.0,0.0,0.0,1.3473202596040281,0.0,0.0,1.0655872543042102,0.0,0.0,0.8668332825267743,0.8405613155307226,0.0,0.0,0.0,0.38056223109881815,0.0,0.0,0.05028230977049305,0.0,0.0,0.0
0.0,0.0,0.0,0.0,0.0,0.0,0.0,0.0,0.0,0.0,2.5511263157802038,0.0,0.0,0.0,0.0,1.881495421872633,0.0,0.0,0.0,0.0,0.0,0.0
0.0,0.0,0.0,0.0,0.192154838084892,0.0,0.0,0.0,0.0,0.0,0.0,0.0,0.0,0.0,0.0,0.0,0.0,0.0,0.0,0.0,0.0,0.0
0.0,0.07590800973649106,0.0,0.0,0.0,0.0,0.0,0.0,0.8513372944343388,0.0,0.06671846776958276,0.0,0.0,0.0,0.0,0.0,0.5833819973546771,0.0,0.0,0.0,0.0,0.0
0.0,0.0,0.0,0.6712398626041675,0.0,0.0,0.0,0.0,0.0,0.0,1.2697274190483914,1.0520531769047234,0.0,0.0,0.0,0.14466230427150337,0.0,0.5217066499670973,0.0,0.0,0.0,1.0449224475271974
0.0,0.0,0.0,0.0,0.0,0.0,0.0,0.0,0.0,0.0,0.5634457211799847,0.2618844892923264,0.0,0.0,0.0,0.0,0.0,0.0,0.0,0.0,0.0,0.0
0.0678290560552543,0.1639309455002243,0.0,0.0,0.0,0.0,0.0,0.2669308429560223,0.0,0.0,0.4667917033392814,0.06942935478297181,0.0,0.0,0.0,0.13685891743502404,0.0,0.061814526173498835,0.0,0.0,0.0,1.7729924737280611
0.04686193518969793,0.0,0.0,0.0,0.9251439816295888,0.0,0.0,0.0,0.0,0.0,0.35361256163430177,0.0,0.0,0.0,0.0,0.31239585898688627,0.0,0.26291910972264826,0.6663416717715094,0.0,0.0,0.5637620074376859
0.0,0.0,0.17349999567922877,0.0,0.0,0.0,0.0,2.989048199261466,0.0,0.0,1.0235434511087702,0.0,0.0,0.0,0.0,1.658931656620351,0.0,0.0,0.0,0.0,0.0,0.0
0.04810574263709766,0.0,0.0,0.15137773031409724,0.0,0.0,0.0,0.16018064555137768,0.0,0.0,0.5633148131593545,0.0,1.107402166604716,0.0,0.0,0.4528386064156667,0.0,0.2574853537631384,0.0,0.0,0.0,0.2692458408657409
0.1319561214811193,0.5339241820571099,0.1256939074003336,0.05531093180121873,0.0,0.0,0.0,0.0,0.0,0.0,2.088472276397449,0.2120036237542829,0.7776206831043246,0.6675467054299892,0.4468562660133759,1.5187831061893993,0.0,0.6483342794033656,0.0,0.0,0.0,0.0
0.06799047458845904,0.0,0.4196740652058103,0.48064140133721256,0.0,0.0,0.0,0.9769757096736819,0.0,0.0,1.3533428076927332,0.26909696930843435,1.3861004888811221,0.0,0.0,1.4020546264337572,0.5016439478866325,0.29117356755864887,0.0,0.0,0.0,0.0
0.25735478419640134,0.0,0.0,1.5292245200249128,0.0,0.0,0.0,0.0,0.0,0.0,2.4938928996846865,2.4001680341467644,1.9033513146754286,0.0,1.0701605402604528,0.9664680538190286,0.49310926225619933,0.2255548529263814,0.0,0.0,0.0,0.0
0.09097788843014558,0.15638442496439753,0.343172380512546,0.37283998204616886,0.0,0.0,0.0,0.0,0.0,0.0,0.827139739451421,0.0,0.0,0.0,1.3748897327299328,0.2815239737399772,0.0,0.6132211504430785,0.9621526739222439,0.0,0.0,0.0
0.1237740344005882,0.0,0.0,0.0,0.0,0.0,0.0,0.0,0.0,0.0,1.2241525281979766,0.0,0.0,0.0,0.0,1.8447387866142848,0.0,0.0,0.0,0.0,0.0,0.0
0.0,0.0,0.0,0.0,0.0,0.0,0.0,0.0,0.0,0.0,0.7262019287268751,0.4914599211444521,0.0,0.0,0.0,1.2515528670552443,0.0,0.0,1.405313662857365,0.0,0.0,0.0
0.013960426523129931,0.0,0.0,0.0,0.8781142609329744,1.0483206769061557,0.0,1.5508830045245858,0.0,0.0,0.6676261730666917,0.0,0.0,0.0,0.0,3.137624648318847,0.0,0.0,0.0,0.0,0.0,0.0
0.0,0.0,0.0,0.0,3.80414459779698,0.0,0.0,0.0,0.0,0.0,0.0,0.0,0.0,0.0,0.0,0.0,0.0,0.0,0.0,0.0,0.0,0.0
0.0,0.0,0.34314924536674335,1.6658106146023073,0.0,0.0,0.0,0.0,0.0,0.0,1.4754126802546073,0.0,0.0,0.0,0.0,0.0,0.0,0.0,0.0,0.0,0.0,0.0
0.0,0.0,0.0,0.0,0.0,0.5703546805828288,0.0,0.0,0.0,0.0,1.3119730180497085,0.0,0.0,0.0,0.0,0.19396819192090414,0.0,0.0,0.0,0.0,0.0,0.0
0.20165014943068724,0.0,0.0,0.0,0.0,0.0,0.0,0.7344412785035374,0.0,0.0,0.34921001360905024,0.599238200656062,0.482766874317761,0.0,0.0,0.9233113153084582,0.0,0.1317731372419671,0.0,0.0,0.0,0.0
0.09380291912953054,0.0,0.0,0.0,0.0,0.0,0.0,0.0,0.0,0.0,0.9363608748348784,0.8648173914453774,0.0,0.0,0.0,2.7228386711021466,0.0,0.0,0.0,0.0,0.0,0.6510365845732063
0.41081956543832965,0.0,0.0,0.0,0.0,0.0,0.0,0.0,0.0,0.0,1.3472028837453767,0.41508160138101746,0.0,0.0,0.0,0.6170750927911092,0.0,0.5056575018541271,0.0,0.0,0.0,0.0
0.10504543131320784,0.0,0.0833237195772821,0.680078903109872,0.0,0.0,0.0,1.004337679995258,0.0,0.0,2.146972884468479,1.2371110964907237,1.8363407757988925,0.0,1.4519715904460888,1.7191072786474884,0.0,0.39203037463141094,0.0,0.0,0.0,0.0
0.08528223609187763,0.17513746419243895,0.03520705667434204,0.398834014081499,0.0,0.0,0.0,0.0,0.0,0.0,1.4447634407871384,1.5656253750013525,1.510734218155783,0.0,0.0,0.8623841446917837,0.0,0.3245313608196055,1.6768619031028398,0.0,0.0,0.0
0.06954347750823507,0.0,0.0,0.0,0.0,0.05848576255455778,0.0,0.19090411420339073,0.28981066250322196,0.0,0.231782797119449,0.0,0.0,0.0,0.0,0.14643922404213275,0.0,0.0,0.0,0.0,0.0,0.0
0.09458018146060095,0.0,0.0,0.0,0.0,0.0,0.0,0.0,0.0,0.0,0.9403918834448736,0.0,0.0,0.0,0.0,1.471830768354655,0.0,0.0,0.0,0.0,0.0,0.0
0.12691410560558608,0.0,0.0,0.0,1.1063445708281354,0.0,0.0,0.0,0.0,0.0,0.7584358924947918,0.0,0.0,0.0,0.0,0.607080516664128,0.0,0.1509789248477965,0.0,2.7645712982282804,0.0,0.0
0.09010697023434942,0.0,0.0,0.0,0.736208872470184,0.0,0.0,0.5370422597826593,0.0,0.0,0.030707397060850655,0.0,0.0,0.0,0.0,0.22689834615974774,0.0,0.0,0.9494188992827289,0.0,0.0,0.0
0.0,0.0,0.0,0.0,2.057792086636701,0.0,0.0,1.0500528315315714,0.0,0.0,0.5595848312269778,1.0519503604798308,0.0,0.0,0.0,0.4467759940258868,0.0,0.0,0.0,0.0,0.0,0.0
0.0,0.0,0.0,0.0,0.0,0.0,0.0,0.0,0.0,0.0,0.5566099830695238,0.0,0.0,0.0,0.0,0.9408009326897075,0.0,0.0,0.0,0.0,0.0,0.0
0.017076694145969087,0.0,0.0,0.0,0.0,0.0,0.0,0.0,0.0,0.0,0.5854549437966561,0.0,0.0,0.0,0.0,0.23323355002988982,0.0,0.0,0.0,0.0,0.0,0.6114702712839069
0.14904456356707638,0.0,0.12397236099753656,0.0,0.0,0.0,0.0,0.0,0.0,0.0,0.7695512317361429,2.1803445996529773,0.7669701263874023,0.0,0.0,0.5004183989605772,0.0248087958271757,0.6382269315339566,0.0,0.0,0.0,0.5708343237737149
0.0,0.0,0.0,0.0,0.0,0.0,0.0,0.0,0.0,0.0,0.05831623199391132,0.0,0.0,0.0,0.0,0.7382414236050059,0.0,0.0,0.0,0.0,0.0,0.0
0.0,0.0,0.0,0.0,0.0,0.0,0.0,0.0,0.0,0.0,0.4853309549187893,0.32762730424265607,0.0,0.0,0.0,0.0,0.0,0.0,0.0,0.0,0.0,0.0
0.1529317568428397,0.1767278306046623,0.22105718455455825,0.0,1.096807451130176,0.0,0.0,0.0,0.0,0.0,1.8599965393581972,0.0,0.0,0.0,0.0,0.6530660586245869,0.0,0.0,0.0,0.0,0.0,0.47554123919920155
0.0018909108543085469,0.0,0.004795478305706298,0.0,0.023793464790707354,0.0,0.0,0.0,0.0,0.0,0.09587231529860035,0.0,0.0,0.010702123429526462,0.0,0.3036364108483825,0.0,0.0,1.0578022637082232,0.0,0.0,0.26254127995959
