dimension,smoothness,bandwidth,decay_true,decay_pseudo,decay_shift,relative_decay_shift,variance_factor,variance_loss,covariance_factor,smoothed_correlation,asymptotic_scale,scaled_decay_shift,leading_coefficient,leading_shift,coefficient_ratio,quadrature_order
2,0.25,0.003,1.0,0.9613333032280379,0.038666696771962106,0.038666696771962106,0.9546356239287266,0.045364376071273416,0.199805165496932,0.2092999260541418,0.05477225575051661,0.7059540682071945,0.6917210087691387,0.03788712000030861,1.0205763006437847,96
2,0.25,0.003933401812264694,1.0,0.9555918860206254,0.04440811397937461,0.04440811397937461,0.9480569437396187,0.051943056260381315,0.19980526927360487,0.2107523926626931,0.06271683834716714,0.7080732248260803,0.6917210087691387,0.04338255468831345,1.0236399008410038,96
2,0.25,0.005157216605575726,1.0,0.9489751925130844,0.051024807486915624,0.051024807486915624,0.9405249693418622,0.05947503065813775,0.19980544766982972,0.21244034361963268,0.07181376334363578,0.7105157160857454,0.6917210087691387,0.04967508882356793,1.0271709360831043,96
2,0.25,0.006761801714204376,1.0,0.9413425130450129,0.05865748695498707,0.05865748695498707,0.9319020788012817,0.06809792119871827,0.1998057543358655,0.2144063833325475,0.08223017520475301,0.7133328709191001,0.6917210087691387,0.05688033974389477,1.0312436110454677,96
2,0.25,0.008865627705608666,1.0,0.9325282153322612,0.06747178466773884,0.06747178466773884,0.9220311413636632,0.07796885863633685,0.19980628148750207,0.21670231353790623,0.09415746229380158,0.7165845703997965,0.6917210087691387,0.06513069480101057,1.0359444939729394,96
2,0.25,0.011624025361368395,1.0,0.9223366313788802,0.07766336862111978,0.07766336862111978,0.9107329986571652,0.08926700134283483,0.1998071876122814,0.2193916196150662,0.10781477339107287,0.7203406933798773,0.6917210087691387,0.07457774381028902,1.04137460659416,96
2,0.25,0.015240654140739066,1.0,0.9105357068351452,0.08946429316485482,0.08946429316485482,0.8978037898501423,0.10219621014985769,0.1998087450492511,0.22255279751336576,0.12345304427489452,0.7246827625055847,0.6917210087691387,0.08539506432145118,1.0476518037164995,96
2,0.25,0.01998253887242747,1.0,0.8968490772397406,0.10315092276025939,0.10315092276025939,0.8830122348786869,0.11698776512131315,0.19981142163647025,0.2262838653237024,0.14135960834845104,0.7297057763911785,0.6917210087691387,0.09778141088600091,1.0549134219439578,96
2,0.25,0.026199784871485294,1.0,0.8809461480423839,0.11905385195761609,0.11905385195761609,0.8660970915359045,0.13390290846409547,0.19981602063881607,0.23070856904099485,0.1618634760268211,0.7355201734200285,0.6917210087691387,0.11196436692015199,1.0633191186846078,96
2,0.25,0.03435142709814845,1.0,0.8624296571523545,0.13757034284764547,0.13757034284764547,0.8467651672754957,0.15323483272450433,0.199823920022369,0.23598504962752695,0.18534137988627486,0.7422537963840475,0.6917210087691387,0.1282045262615982,1.0730537123700028,96
2,0.25,0.0450393218672452,1.0,0.840820105851965,0.15917989414803502,0.15917989414803502,0.8246905274000563,0.17530947259994367,0.1998374800242761,0.24231814648616085,0.21222469664778695,0.7500535831238043,0.6917210087691387,0.14680028125093164,1.0843296265621072,96
2,0.25,0.05905258341859836,1.0,0.8155364001119166,0.18446359988808336,0.18446359988808336,0.7995159409020147,0.20048405909798528,0.199860732672057,0.24997717049465445,0.24300737317743748,0.7590864321363326,0.6917210087691387,0.16809330531263558,1.0973881413361513,96
2,0.25,0.07742584621254225,1.0,0.7858721613705741,0.21412783862942586,0.21412783862942586,0.770858193947392,0.22914180605260803,0.19990053419336515,0.2593220591840885,0.27825500213390997,0.7695381466183923,0.6917210087691387,0.19247483077112704,1.1124978667161243,96
2,0.25,0.10151565460284703,1.0,0.7509677225732239,0.24903227742677614,0.24903227742677614,0.7383197224204154,0.26168027757958456,0.1999684485359844,0.27084262070154747,0.31861521401660503,0.7816082423917067,0.6917210087691387,0.22039283724876105,1.1299472366503875,96
2,0.25,0.13310061992935832,1.0,0.7097795229043163,0.29022047709568366,0.29022047709568366,0.7015100688501372,0.2984899311498628,0.20008369577923263,0.2852185658677642,0.3648295765550791,0.7954960226528357,0.6917210087691387,0.25236028272349703,1.1500243777015768,96
2,0.25,0.1745127398812307,1.0,0.6610532448211214,0.3389467551788786,0.3389467551788786,0.6600818314697152,0.3399181685302848,0.2002773600358656,0.3034129262275482,0.4177472200760057,0.811368068750308,0.6917210087691387,0.288964528481478,1.1729701114529854,96
2,0.25,0.2288095757707033,1.0,0.6033192338594008,0.3966807661405992,0.3966807661405992,0.6137866483199714,0.38621335168002857,0.20059706135180622,0.32681887411671673,0.47834043919650293,0.829285449515679,0.6917210087691387,0.33087813113607784,1.198872723254893,96
2,0.25,0.3,1.0,0.5349604383958297,0.46503956160417026,0.46503956160417026,0.5625564496063071,0.43744355039369287,0.20110736915053357,0.35748833613279907,0.5477225575051661,0.8490421934097246,0.6917210087691387,0.37887120000308605,1.2274344463247202,96
2,0.5,0.003,1.0,0.9975884135351956,0.0024115864648044383,0.0024115864648044383,0.9975913190672323,0.002408680932767693,0.36787944116905835,0.368767684860202,0.003,0.8038621549348127,0.804092278642869,0.0024122768359286072,0.9997138093298884,96
2,0.5,0.003933401812264694,1.0,0.9968383687286069,0.0031616312713931283,0.0031616312713931283,0.9968433614025813,0.0031566385974186595,0.3678794411643973,0.36904438090131086,0.003933401812264694,0.8037905666120564,0.804092278642869,0.0031628180260419086,0.9996247793458211,96
2,0.5,0.005157216605575726,1.0,0.9958551619734194,0.004144838026580611,0.004144838026580611,0.9958637399026391,0.0041362600973609,0.36787944115062354,0.3694074062648263,0.005157216605575726,0.8036967115361061,0.804092278642869,0.004146878051832227,0.9995080575734038,96
2,0.5,0.006761801714204376,1.0,0.9945663942125088,0.005433605787491191,0.005433605787491191,0.9945811293813471,0.005418870618652871,0.3678794411099183,0.3698837935309993,0.006761801714204376,0.803573665296474,0.804092278642869,0.005437112548105854,0.9993550325501567,96
2,0.5,0.008865627705608666,1.0,0.9928772452116775,0.007122754788322472,0.007122754788322472,0.9929025514187232,0.007097448581276811,0.3678794409896252,0.37050911034922346,0.008865627705608666,0.8034123499023538,0.804092278642869,0.0071287827834022235,0.9991544145385118,96
2,0.5,0.011624025361368395,1.0,0.990663572807617,0.009336427192383034,0.009336427192383034,0.9907070204720301,0.009292979527969925,0.36787944063413436,0.3713302046238204,0.011624025361368395,0.8032008621911625,0.804092278642869,0.009346789039825212,0.998891400308916,96
2,0.5,0.015240654140739066,1.0,0.9877629192709423,0.012237080729057714,0.012237080729057714,0.9878374836023361,0.012162516397663858,0.36787943958358016,0.3724088685540037,0.015240654140739066,0.8029235895031144,0.804092278642869,0.012254892316034752,0.9985465733588101,96
2,0.5,0.01998253887242747,1.0,0.9839628127963879,0.016037187203612135,0.016037187203612135,0.9840907112401396,0.015909288759860418,0.36787943647895405,0.3738267542586157,0.01998253887242747,0.802560040343059,0.804092278642869,0.01606780521499991,0.9980944496788402,96
2,0.5,0.026199784871485294,1.0,0.97898559043987,0.02101440956013001,0.02101440956013001,0.9792048176449537,0.020795182355046293,0.3678794273040433,0.3756920111859901,0.026199784871485294,0.8020832866838223,0.804092278642869,0.021067044717265577,0.997501540541544,96
2,0.5,0.03435142709814845,1.0,0.9724687786692096,0.027531221330790445,0.027531221330790445,0.9728442002108411,0.02715579978915894,0.36787940018980136,0.3781483202655391,0.03435142709814845,0.8014578623510632,0.804092278642869,0.027621717289984585,0.9967237388521476,96
2,0.5,0.0450393218672452,1.0,0.9639398584429498,0.036060141557050174,0.036060141557050174,0.9645819627014269,0.03541803729857307,0.3678793200592426,0.3813873100311275,0.0450393218672452,0.8006368671211028,0.804092278642869,0.03621577094876279,0.9957027176935486,96
2,0.5,0.05905258341859836,1.0,0.9527840438614041,0.04721595613859586,0.04721595613859586,0.9538804507332755,0.04611954926672446,0.36787908324535656,0.3856658168878052,0.05905258341859836,0.7995578415918276,0.804092278642869,0.04748372636080886,0.9943608001575461,96
2,0.5,0.07742584621254225,1.0,0.9382035984786271,0.06179640152137289,0.06179640152137289,0.9400715618719708,0.05992843812802917,0.36787838335645284,0.39133019046326023,0.07742584621254225,0.7981365983619364,0.804092278642869,0.06225752510689545,0.9925932875627353,96
2,0.5,0.10151565460284703,1.0,0.9191674103405607,0.08083258965943929,0.08083258965943929,0.9223402506573211,0.07765974934267894,0.36787631478967575,0.39885098208335007,0.10151565460284703,0.7962573848898012,0.804092278642869,0.08162795402752572,0.9902562256084696,96
2,0.5,0.13310061992935832,1.0,0.8943505867421505,0.10564941325784949,0.10564941325784949,0.8997174298853401,0.10028257011465991,0.36787020071071946,0.4088730400139084,0.13310061992935832,0.7937559818573479,0.804092278642869,0.10702518076777619,0.9871453848518897,96
2,0.5,0.1745127398812307,1.0,0.8620671517417532,0.1379328482582468,0.1379328482582468,0.8710925128962128,0.1289074871037872,0.36785212900009256,0.4222882455699865,0.1745127398812307,0.7903884172130968,0.804092278642869,0.1403243466633091,0.9829573522918272,96
2,0.5,0.2288095757707033,1.0,0.8202084700753524,0.17979152992464764,0.17979152992464764,0.8352610455616056,0.16473895443839437,0.3677987212212016,0.44033984725566155,0.2288095757707033,0.785769255150501,0.804092278642869,0.183984013156773,0.9772127851752372,96
2,0.5,0.3,1.0,0.7662267702552684,0.23377322974473158,0.23377322974473158,0.791028205797276,0.20897179420272405,0.367640976743708,0.4647634231615841,0.3,0.7792440991491053,0.804092278642869,0.2412276835928607,0.9690978508888283,96
2,0.75,0.003,1.0,0.9997934917168956,0.00020650828310442293,0.00020650828310442293,0.999827101141775,0.0001728988582250235,0.5005345341736631,0.5006210909886984,0.00016431676725154983,1.256769388532838,1.3124233445314233,0.00021565316123887046,0.957594509248496,96
2,0.75,0.003933401812264694,1.0,0.9996919474379709,0.00030805256202914855,0.00030805256202914855,0.999741992663912,0.0002580073360880508,0.5005343704579162,0.500663545325522,0.0002466905256142591,1.248740952908905,1.3124233445314233,0.00032376240469088064,0.9514772486424685,96
2,0.75,0.005157216605575726,1.0,0.9995409142887581,0.0004590857112418689,0.0004590857112418689,0.9996153453321808,0.00038465466781922864,0.5005340890127539,0.5007266958736234,0.0003703591328246838,1.2395690305798006,1.3124233445314233,0.00048606797177952915,0.9444887091842809,96
2,0.75,0.006761801714204376,1.0,0.9993165920886669,0.0006834079113331448,0.0006834079113331448,0.9994271452189458,0.0005728547810541773,0.500533605170548,0.5008205025899066,0.000556024139658825,1.229097556362359,1.3124233445314233,0.0007297390610112423,0.936509977122653,96
2,0.75,0.008865627705608666,1.0,0.998983963916242,0.0010160360837579985,0.0010160360837579985,0.9991479269808193,0.0008520730191806658,0.5005327733586992,0.5009596275410256,0.0008347650064017306,1.2171522236391294,1.3124233445314233,0.0010955650815995543,0.927408239658897,96
2,0.75,0.011624025361368395,1.0,0.9984916739194943,0.001508326080505662,0.001508326080505662,0.99873445313543,0.001265546864570033,0.5005313432599225,0.5011655918032596,0.0012532416602280174,1.203539691005192,1.3124233445314233,0.0016447836112225681,0.917036180452043,96
2,0.75,0.015240654140739066,1.0,0.9977646827548887,0.002235317245111279,0.002235317245111279,0.9981235259481374,0.0018764740518626422,0.5005288843613391,0.5014698795781583,0.0018815051504150143,1.1880473697444955,1.3124233445314233,0.0024693312822607716,0.9052318176865911,96
2,0.75,0.01998253887242747,1.0,0.9966938186786669,0.0033061813213330904,0.0033061813213330904,0.9972232082669441,0.0027767917330558944,0.5005246559909985,0.5019183787959078,0.0028247238688140462,1.170444076971383,1.3124233445314233,0.003707233547286672,0.8918190017332164,96
2,0.75,0.026199784871485294,1.0,0.9951210499057682,0.004878950094231782,0.004878950094231782,0.9959005162588024,0.004099483741197618,0.5005173831392452,0.5025776922171782,0.00424078825045353,1.1504818930089244,1.3124233445314233,0.005565709499109785,0.8766088303768194,96
2,0.75,0.03435142709814845,1.0,0.9928189556040042,0.0071810443959957615,0.0071810443959957615,0.9939644290452376,0.00603557095476237,0.5005048688280314,0.5035440446382938,0.006366740899433608,1.1278995815008892,1.3124233445314233,0.008355859384999659,0.8594022547683232,96
2,0.75,0.0450393218672452,1.0,0.9894624912468384,0.010537508753161617,0.010537508753161617,0.991142901777234,0.008857098222766036,0.5004833210953723,0.5049557638943363,0.00955845642049815,1.1024278701071322,1.3124233445314233,0.012544741343948038,0.8399941030466307,96
2,0.75,0.05905258341859836,1.0,0.9845907889598933,0.01540921104010673,0.01540921104010673,0.9870526034081544,0.012947396591845628,0.5004461763951664,0.5070106442829854,0.014350213175895089,1.0737966642886185,1.3124233445314233,0.01883355477104713,0.8181785768768064,96
2,0.75,0.07742584621254225,1.0,0.9775565386113724,0.022443461388627628,0.022443461388627628,0.9811605797474687,0.01883942025253127,0.5003820189822121,0.5099899336671277,0.02154412900309073,1.041743733775818,1.3124233445314233,0.028275017841252775,0.7937558700982673,96
2,0.75,0.10151565460284703,1.0,0.9674607470175188,0.03253925298248117,0.03253925298248117,0.9727384001403261,0.027261599859673913,0.5002708333326542,0.5142912351979584,0.032344432017321866,1.0060233231195703,1.3124233445314233,0.04244958764514281,0.7665387295276682,96
2,0.75,0.13310061992935832,1.0,0.9530720038377768,0.04692799616222321,0.04692799616222321,0.9608122637322043,0.0391877362677957,0.5000770590714709,0.520473226610325,0.048559042808046314,0.9664110626671405,1.3124233445314233,0.0637300213693807,0.7363561968734866,96
2,0.75,0.1745127398812307,1.0,0.9327332954420092,0.06726670455799078,0.06726670455799078,0.944117956510077,0.05588204348992298,0.4997361780639551,0.5293154045191822,0.07290221195323121,0.9226977173359874,1.3124233445314233,0.09567856483539841,0.7030488456188043,96
2,0.75,0.2288095757707033,1.0,0.904269744871927,0.09573025512807298,0.09573025512807298,0.9210784656444153,0.07892153435558469,0.4991273658438016,0.5418945122059676,0.10944887296652372,0.8746572946196829,1.3124233445314233,0.14364325591391994,0.6664444809399236,96
2,0.75,0.3,1.0,0.8649378166466559,0.13506218335334408,0.13506218335334408,0.8898348556205887,0.11016514437941127,0.49801415034805263,0.5596703109598101,0.1643167672515498,0.8219622720947256,1.3124233445314233,0.21565316123887046,0.626293547367669,96
2,1.0,0.003,1.0,0.9999683244411292,3.1675558870847276e-05,3.1675558870847276e-05,0.9999771256660293,2.2874333970746008e-05,0.6019067979402952,0.6019205664723566,5.228228691282625e-05,0.6058564141171187,0.5718501593041606,2.9897634099885523e-05,1.0594670723784314,96
2,1.0,0.003933401812264694,1.0,0.9999479435772907,5.205642270933453e-05,5.205642270933453e-05,0.9999623537842702,3.764621572976967e-05,0.601906487113903,0.6019291474684427,8.568587428943164e-05,0.6075263063022173,0.5718501593041606,4.8999480862527764e-05,1.0623872292725565,96
2,1.0,0.005157216605575726,1.0,0.999914629860736,8.537013926401826e-05,8.537013926401826e-05,0.999938165267438,6.183473256204941e-05,0.6019059527761166,0.6019431737712843,0.0001400953120435093,0.6093718484848724,0.5718501593041606,8.011352650984688e-05,1.0656145470456264,96
2,1.0,0.006761801714204376,1.0,0.9998603213069821,0.00013967869301789726,0.00013967869301789726,0.9998986555650878,0.00010134443491216505,0.6019050341967679,0.6019660401049386,0.00022844822606283706,0.6114238461167879,0.5718501593041606,0.00013063815446678626,1.0692028954941297,96
2,1.0,0.008865627705608666,1.0,0.9997720472852277,0.00022795271477227264,0.00022795271477227264,0.9998342973793759,0.00016570262062409746,0.6019034550508331,0.6020032085601156,0.00037142703001744444,0.6137213943787737,0.5718501593041606,0.00021240060628534684,1.073220640745406,96
2,1.0,0.011624025361368395,1.0,0.9996290353903221,0.0003709646096778929,0.0003709646096778929,0.999729783376716,0.0002702166232839698,0.601900740261696,0.6020634278081611,0.0006019074572171446,0.616315025224988,0.5718501593041606,0.00034420087529598637,1.0777561485248746,96
2,1.0,0.015240654140739066,1.0,0.9993981919889147,0.0006018080110853363,0.0006018080110853363,0.9995606390888179,0.0004393609111821295,0.6018960729789238,0.6021606388258763,0.0009718001662752139,0.6192713604814349,0.5718501593041606,0.0005557240798962908,1.0829259210751596,96
2,1.0,0.01998253887242747,1.0,0.9990271079057862,0.0009728920942138064,0.0009728920942138064,0.9992879519145141,0.0007120480854858613,0.6018880485065665,0.6023169271213791,0.001562426826904928,0.6226801008921782,0.5718501593041606,0.0008934740298666773,1.0888868189699703,96
2,1.0,0.026199784871485294,1.0,0.9984333531864042,0.0015666468135957512,0.0015666468135957512,0.9988502557915377,0.0011497442084622556,0.6018742506790749,0.6025670486534743,0.0024999762249925087,0.6266646850213329,0.5718501593041606,0.0014296118025185801,1.0958547004408843,96
2,1.0,0.03435142709814845,1.0,0.9974883075241969,0.0025116924758030734,0.0025116924758030734,0.9981511997498622,0.0018488002501377832,0.6018505218220787,0.6029652841903141,0.003977981079185731,0.631398798990065,0.5718501593041606,0.002274809113841297,1.1041332921168798,96
2,1.0,0.0450393218672452,1.0,0.9959931250707206,0.004006874929279425,0.004006874929279425,0.9970411151287011,0.002958884871298917,0.6018097024519176,0.6035956725558245,0.006288920557609615,0.6371323810778772,0.5718501593041606,0.0035963202227202685,1.114159663526462,96
2,1.0,0.05905258341859836,1.0,0.993643703070655,0.006356296929345029,0.006356296929345029,0.9952900350434617,0.004709964956538304,0.6017394490634203,0.6045870328010908,0.009866450597895206,0.6442333913576791,0.5718501593041606,0.005642131346173004,1.126577270069481,96
2,1.0,0.07742584621254225,1.0,0.9899808695203782,0.010019130479621774,0.010019130479621774,0.9925492775893154,0.007450722410684563,0.6016184366021182,0.606134577079455,0.015337205796399895,0.6532565718048567,0.5718501593041606,0.008770583577951976,1.1423561944963925,96
2,1.0,0.10151565460284703,1.0,0.984321798636664,0.015678201363335975,0.015678201363335975,0.9882987670010439,0.01170123299895609,0.601409694607971,0.6085302488365198,0.02357410235197755,0.665060375544725,0.5718501593041606,0.01348085418543095,1.1629976222337413,96
2,1.0,0.13310061992935832,1.0,0.9756697136685614,0.024330286331438633,0.024330286331438633,0.9817786021516266,0.0182213978483734,0.6010487545714971,0.6122039666114771,0.03572651586237865,0.6810148077456198,0.5718501593041606,0.020430213787283852,1.190897294798856,96
2,1.0,0.1745127398812307,1.0,0.9626029897436824,0.03739701025631759,0.03739701025631759,0.9719073392784547,0.02809266072154526,0.6004221210165348,0.6177771241672987,0.05316651559436698,0.7033940411223756,0.5718501593041606,0.030403280412285894,1.2300320803937177,96
2,1.0,0.2288095757707033,1.0,0.9431557774952147,0.05684422250478527,0.05684422250478527,0.9571980895842043,0.04280191041579573,0.5993269568159256,0.6261263612386296,0.07721482843778953,0.7361827210505757,0.5718501593041606,0.044155311942793374,1.2873699675914727,96
2,1.0,0.3,1.0,0.9147298283423301,0.08527017165766992,0.08527017165766992,0.9356992978455894,0.06430070215441064,0.597392552496383,0.6384450152648995,0.10835755238933424,0.7869333496135998,0.5718501593041606,0.06196428359564971,1.3761180910942774,96
2,1.5,0.003,1.0,0.9999946163621684,5.383637831646304e-06,5.383637831646304e-06,0.9999964081898269,3.591810173064758e-06,0.7357582201592094,0.7357608628725617,9e-06,0.5981819812940338,0.6000000000000001,5.400000000000001e-06,0.9969699688233895,96
2,1.5,0.003933401812264694,1.0,0.9999907538609978,9.246139002216935e-06,9.246139002216935e-06,0.9999938297913067,6.170208693312418e-06,0.7357577440004939,0.7357622838073337,1.5471649816727183e-05,0.5976181668887353,0.6000000000000001,9.282989890036311e-06,0.9960302781478919,96
2,1.5,0.005157216605575726,1.0,0.999984124845981,1.587515401901829e-05,1.587515401901829e-05,0.9999894028107108,1.0597189289196507e-05,0.735756925447637,0.7357647224856735,2.6596883116826013e-05,0.5968802415413547,0.6000000000000001,1.595812987009561e-05,0.9948004025689244,96
2,1.5,0.006761801714204376,1.0,0.9999727535982651,2.724640173490389e-05,2.724640173490389e-05,0.9999818048268785,1.819517312151575e-05,0.7357555182913103,0.7357689057339275,4.5721962422217237e-05,0.5959149671507605,0.6000000000000001,2.7433177453330347e-05,0.993191611917934,96
2,1.5,0.008865627705608666,1.0,0.9999532606421109,4.673935788912509e-05,4.673935788912509e-05,0.9999687710448137,3.122895518625768e-05,0.7357530992736103,0.7357760767917396,7.859935461445599e-05,0.5946532019046475,0.6000000000000001,4.71596127686736e-05,0.9910886698410791,96
2,1.5,0.011624025361368395,1.0,0.9999198743149136,8.012568508641849e-05,8.012568508641849e-05,0.9999464272985883,5.3572701411708223e-05,0.7357489407650506,0.7357883589351061,0.00013511796560173564,0.5930054136737923,0.6000000000000001,8.10707793610414e-05,0.988342356122987,96
2,1.5,0.015240654140739066,1.0,0.9998627573965448,0.0001372426034551566,0.0001372426034551566,0.9999081566305519,9.18433694481191e-05,0.7357417918630791,0.7358093710749901,0.00023227753863762682,0.590856112304802,0.6000000000000001,0.00013936652318257613,0.9847601871746696,96
2,1.5,0.01998253887242747,1.0,0.9997651877173206,0.00023481228267940857,0.00023481228267940857,0.9998426803224747,0.00015731967752530274,0.7357295020136321,0.7358452649534231,0.00039930185978807496,0.5880570724214322,0.6000000000000001,0.000239581115872845,0.9800951207023869,96
2,1.5,0.026199784871485294,1.0,0.9995988378024319,0.000401162197568139,0.000401162197568139,0.9997308246434968,0.0002691753565031707,0.7357083737798145,0.7359064616639859,0.0006864287273121097,0.5844193018246686,0.6000000000000001,0.0004118572363872659,0.9740321697077808,96
2,1.5,0.03435142709814845,1.0,0.9993159375029894,0.0006840624970105846,0.0006840624970105846,0.9995401081232836,0.00045989187671635623,0.7356720495862217,0.736010534852378,0.0011800205436794076,0.5797038879319997,0.6000000000000001,0.0007080123262076447,0.9661731465533326,96
2,1.5,0.0450393218672452,1.0,0.9988364044799756,0.0011635955200244297,0.0011635955200244297,0.9992157576421802,0.0007842423578198199,0.7356095961302542,0.7361869451158881,0.0020285405142613116,0.5736121668973174,0.6000000000000001,0.001217124308556787,0.9560202781621957,96
2,1.5,0.05905258341859836,1.0,0.9980270210733638,0.001972978926636171,0.001972978926636171,0.9986659678533372,0.0013340321466628335,0.7355022059908336,0.7364847002565011,0.003487207608410518,0.5657761590900697,0.6000000000000001,0.0020923245650463114,0.942960265150116,96
2,1.5,0.07742584621254225,1.0,0.9966684056756736,0.0033315943243263924,0.0033315943243263924,0.9977380889964498,0.002261911003550221,0.735317511768439,0.7369845051300387,0.005994761661728244,0.5557509226089765,0.6000000000000001,0.0035968569970369468,0.9262515376816273,96
2,1.5,0.10151565460284703,1.0,0.9944040357222255,0.005595964277774534,0.005595964277774534,0.9961809719939138,0.0038190280060862447,0.7349997660389034,0.7378175117797712,0.010305428129444539,0.5430113341711458,0.6000000000000001,0.006183256877666724,0.905018890285243,96
2,1.5,0.13310061992935832,1.0,0.9906645558587499,0.009335444141250093,0.009335444141250093,0.9935871680444216,0.006412831955578402,0.7344528287444496,0.7391931501993929,0.017715775025579496,0.5269565755814132,0.6000000000000001,0.0106294650153477,0.878260959302355,96
2,1.5,0.1745127398812307,1.0,0.9845617297657022,0.01543827023429778,0.01543827023429778,0.9893079064819587,0.010692093518041346,0.7335105519545895,0.7414380772139983,0.030454696380854088,0.5069257641328296,0.6000000000000001,0.018272817828512457,0.8448762735547158,96
2,1.5,0.2288095757707033,1.0,0.9747535745915498,0.025246425408450235,0.025246425408450235,0.9823357739926049,0.017664226007395145,0.731884871512895,0.7450455240352519,0.05235382196436921,0.4822269790662535,0.6000000000000001,0.03141229317862153,0.8037116317770892,96
2,1.5,0.3,1.0,0.9593038736260817,0.040696126373918284,0.040696126373918284,0.9711588011732095,0.028841198826790482,0.7290740970443759,0.7507259329407477,0.09,0.4521791819324254,0.6000000000000001,0.054000000000000006,0.7536319698873756,96
2,2.5,0.003,1.0,0.9999985000097185,1.499990281539354e-06,1.499990281539354e-06,0.9999988000038487,1.1999961513353696e-06,0.8583847005507121,0.8583857306102852,9e-06,0.166665586837706,0.16666666666666666,1.5e-06,0.999993521026236,96
2,2.5,0.003933401812264694,1.0,0.9999974214203965,2.5785796035071584e-06,2.5785796035071584e-06,0.999997937124724,2.062875276043208e-06,0.8583842243939939,0.8583859951372406,1.5471649816727183e-05,0.16666481170736722,0.16666666666666666,2.5786083027878635e-06,0.9999888702442035,96
2,2.5,0.005157216605575726,1.0,0.999995567270847,4.432729152958892e-06,4.432729152958892e-06,0.9999964537824779,3.5462175220768444e-06,0.8583834058470401,0.8583864498721093,2.6596883116826013e-05,0.16666348208879447,0.16666666666666666,4.432813852804335e-06,0.9999808925327669,96
2,2.5,0.006761801714204376,1.0,0.9999923799228448,7.620077155157112e-06,7.620077155157112e-06,0.9999939038374076,6.0961625923949825e-06,0.8583819987081576,0.8583872315762885,4.5721962422217237e-05,0.1666612006892854,0.16666666666666666,7.620327070369539e-06,0.9999672041357124,96
2,2.5,0.008865627705608666,1.0,0.9999869008445796,1.3099155420359665e-05,1.3099155420359665e-05,0.9999895203783644,1.0479621635584024e-05,0.8583795797420095,0.8583885753294953,7.859935461445599e-05,0.16665728980362987,0.16666666666666666,1.3099892435742664e-05,0.9999437388217793,96
2,2.5,0.011624025361368395,1.0,0.9999774825111561,2.251748884385396e-05,2.251748884385396e-05,0.9999819851333918,1.8014866608240254e-05,0.8583754213857909,0.8583908851830853,0.00013511796560173564,0.16665059115991246,0.16666666666666666,2.2519660933622606e-05,0.9999035469594748,96
2,2.5,0.015240654140739066,1.0,0.9999612934728939,3.870652710613598e-05,3.870652710613598e-05,0.9999690322027079,3.096779729205856e-05,0.8583682729339956,0.8583948555318783,0.00023227753863762682,0.16663913064156208,0.16666666666666666,3.8712923106271135e-05,0.9998347838493725,96
2,2.5,0.01998253887242747,1.0,0.9999334685030343,6.653149696567162e-05,6.653149696567162e-05,0.9999467672362785,5.323276372148911e-05,0.8583559844147869,0.8584016795085703,0.00039930185978807496,0.1666195519374302,0.16666666666666666,6.655030996467916e-05,0.9997173116245811,96
2,2.5,0.026199784871485294,1.0,0.9998856504680143,0.00011434953198574682,0.00011434953198574682,0.9999084981888677,9.15018111322663e-05,0.858334860111473,0.8584134064928672,0.0006864287273121097,0.1665861690164282,0.16666666666666666,0.00011440478788535162,0.9995170140985693,96
2,2.5,0.03435142709814845,1.0,0.999803491895819,0.0001965081041810368,0.0001965081041810368,0.9998427286201377,0.00015727137986232265,0.8582985475301401,0.8584335545597859,0.0011800205436794076,0.16652939241914153,0.16666666666666666,0.0001966700906132346,0.9991763545148492,96
2,2.5,0.0450393218672452,1.0,0.9996623836207209,0.00033761637927909316,0.00033761637927909316,0.999729717656801,0.0002702823431990353,0.8582361283745611,0.85846815715964,0.0020285405142613116,0.16643314585315808,0.16666666666666666,0.0003380900857102186,0.9985988751189485,96
2,2.5,0.05905258341859836,1.0,0.99942017958993,0.0005798204100699866,0.0005798204100699866,0.9995355940880165,0.0004644059119834898,0.8581288395172859,0.8585275447846846,0.003487207608410518,0.16627068852211838,0.16666666666666666,0.0005812012680684196,0.9976241311327104,96
2,2.5,0.07742584621254225,1.0,0.9990048815740137,0.0009951184259863188,0.0009951184259863188,0.9992023175930027,0.000797682406997291,0.8579444441845081,0.8586293577172905,0.005994761661728244,0.16599799660749712,0.16666666666666666,0.0009991269436213739,0.9959879796449829,96
2,2.5,0.10151565460284703,1.0,0.9982940026347377,0.001705997365262335,0.001705997365262335,0.998630646856302,0.0013693531436980155,0.857627579598651,0.8588035849875728,0.010305428129444539,0.16554357022664407,0.16666666666666666,0.001717571354907423,0.9932614213598643,96
2,2.5,0.13310061992935832,1.0,0.9970805580659365,0.0029194419340634603,0.0029194419340634603,0.9976514916203822,0.002348508379617753,0.85708323538883,0.85910084091265,0.017715775025579496,0.1647933511149317,0.16666666666666666,0.002952629170929916,0.9887601066895902,96
2,2.5,0.1745127398812307,1.0,0.9950185347964811,0.004981465203518942,0.004981465203518942,0.9959784008254791,0.00402159917452094,0.8561485662882791,0.859605555279806,0.030454696380854088,0.1635696886031224,0.16666666666666666,0.005075782730142348,0.9814181316187345,96
2,2.5,0.2288095757707033,1.0,0.9915393779663189,0.008460622033681142,0.008460622033681142,0.9931305535663555,0.0068694464336445105,0.8545450856241548,0.8604559416236496,0.05235382196436921,0.16160466831703793,0.16666666666666666,0.008725636994061535,0.9696280099022277,96
2,2.5,0.3,1.0,0.9857339282106952,0.014266071789304835,0.014266071789304835,0.9883125447697241,0.011687455230275923,0.8517984763771402,0.8618715616683875,0.09,0.15851190877005372,0.16666666666666666,0.015,0.9510714526203223,96
