dimension,smoothness,bandwidth,decay_true,lag,exact_pseudo_decay,exact_decay_shift,leading_decay_shift,transition_pseudo_decay,transition_decay_shift,exact_to_leading_ratio,exact_to_transition_ratio,leading_relative_error,transition_relative_error,exact_variance_factor,transition_variance_factor,transition_variance_loss_relative_error,quadrature_order
2,0.55,0.01,1.0,1.0,0.9946444968939796,0.0053555031060202,0.0053885357485515,0.9946445972692224,0.0053554027307777,0.993869829565448,1.0000187428000484,0.00616798121061,1.874244876252392e-05,0.9948470184644488,0.9948471155280888,1.8836403591533542e-05,96
2,0.55,0.02,1.0,1.0,0.9885733562767298,0.0114266437232701,0.0115505792344514,0.988574212007248,0.011425787992752,0.9892701908133212,1.000074894660977,0.0108461867003767,7.488905218682827e-05,0.9890362311622096,0.9890370593605328,7.553956448710316e-05,96
2,0.55,0.05,1.0,1.0,0.9690507859401692,0.0309492140598307,0.0316473808287783,0.9690652486890218,0.0309347513109782,0.9779391927336774,1.0004675243290997,0.0225584652197598,0.0004673058522445,0.9705727134045216,0.9705867061180586,0.0004755013171765,96
2,0.5750000000000001,0.01,1.0,1.0,0.9956074660935283,0.0043925339064715,0.0044344838938101,0.9956075480862112,0.0043924519137886,0.9905400519331776,1.0000186667229316,0.0095502933458975,1.8666374491648518e-05,0.9958463888820122,0.9958464669597096,1.879754632791554e-05,96
2,0.5750000000000001,0.02,1.0,1.0,0.9903185439560958,0.0096814560439042,0.0098407359058965,0.9903192655272484,0.0096807344727515,0.9838142326432232,1.000074536818952,0.0164520565160868,7.45312636286627e-05,0.9908658494230436,0.9908665383006956,7.541781210175622e-05,96
2,0.5750000000000001,0.05,1.0,1.0,0.9726832555581014,0.0273167444418985,0.0282266011670188,0.972695941344019,0.0273040586559809,0.9677659835934004,1.0004646117296134,0.0333076559344561,0.0004643959658005,0.9744264984622352,0.974438650800239,0.0004751925732861,96
2,0.6000000000000001,0.01,1.0,1.0,0.996385725593386,0.0036142744066138,0.0036640153745742,0.996385792788034,0.0036142072119659,0.9864244652722922,1.0000185918083873,0.0137623662081013,1.8591462738396743e-05,0.9966412543758852,0.9966413173939916,1.8762393301655998e-05,96
2,0.6000000000000001,0.02,1.0,1.0,0.9917733410431931,0.0082266589568067,0.0084176968669146,0.9917739513394548,0.0082260486605453,0.9773052043654904,1.0000741906942934,0.0232218098636279,7.418519044250986e-05,0.9923683290141112,0.992368903795542,7.53152791487149e-05,96
2,0.6000000000000001,0.05,1.0,1.0,0.9758314373195492,0.0241685626804508,0.0252767534617502,0.9758425952719224,0.0241574047280777,0.9561577089804542,1.0004618853928542,0.0458525728630004,0.0004616721532302,0.977724115481386,0.9777346975099156,0.0004750441456462,96
2,0.625,0.01,1.0,1.0,0.9970160705065586,0.0029839294934413,0.0030409765216091,0.997016125761996,0.002983874238004,0.9812405561955684,1.000018518018163,0.0191180885115113,1.851767525278473e-05,0.9972747886172416,0.9972748396650758,1.8731697150524515e-05,96
2,0.625,0.02,1.0,1.0,0.9929885263560536,0.0070114736439462,0.0072327018321075,0.9929890441618046,0.0070109558381954,0.9694127874621876,1.000073856655609,0.0315523097419482,7.385120120642191e-05,0.9936044432838204,0.9936049244547696,7.523519383052202e-05,96
2,0.625,0.05,1.0,1.0,0.9785650100591328,0.0214349899408673,0.0227366026765526,0.9785748517646736,0.0214251482353262,0.9427525407290662,1.0004593529731034,0.0607237390489153,0.0004591420648309,0.9805500075079372,0.9805592477310348,0.0004750759210489,96
2,0.65,0.01,1.0,1.0,0.9975277509934138,0.0024722490065861,0.0025365925209035,0.997527796594612,0.0024722034053881,0.974633878406902,1.0000184455688157,0.0260263080886952,1.844522858271368e-05,0.9977808479705208,0.9977808894827468,1.870634613518033e-05,96
2,0.65,0.02,1.0,1.0,0.9940056415672884,0.0059943584327114,0.0062458234220857,0.9940060823375858,0.0059939176624141,0.9597386969850724,1.000073536261605,0.0419502757796518,7.353085442064335e-05,0.9946233739567618,0.994623778178081,7.518122256297869e-05,96
2,0.65,0.05,1.0,1.0,0.9809429466491788,0.019057053350821,0.0205547270106192,0.980951652317708,0.019048347682292,0.9271372634127224,1.0004570301148563,0.0785889419642948,0.0004568213337497,0.9829753542162708,0.982983446193776,0.000475309595739,96
2,0.675,0.01,1.0,1.0,0.9979440606769548,0.0020559393230452,0.002127958149157,0.9979440984540272,0.0020559015459726,0.9661559010733558,1.0000183749424456,0.0350296457218187,1.8374604813375476e-05,0.998186016547967,0.9981860504465508,1.8687372081502364e-05,96
2,0.675,0.02,1.0,1.0,0.994858738217808,0.0051412617821919,0.0054244233469976,0.994859114696648,0.0051408853033519,0.9477987710965906,1.0000732322971193,0.0550762783148719,7.322693454276886e-05,0.9954649666425904,0.9954653074843288,7.515749315115942e-05,96
2,0.675,0.05,1.0,1.0,0.983015280411282,0.016984719588718,0.0186884201049207,0.9830230039294038,0.0169769960705962,0.908836567958244,1.000454940207898,0.1003078388962276,0.0004547333314215,0.9850602083254004,0.9850673162108536,0.0004757687126976,96
2,0.7000000000000001,0.01,1.0,1.0,0.9982835812303666,0.0017164187696333,0.0017968525240209,0.9982836126521536,0.0017163873478465,0.9552363072025278,1.0000183069322193,0.0468613812728345,1.83065970816885e-05,0.998511196225356,0.9985112240302096,1.8675969410006312e-05,96
2,0.7000000000000001,0.02,1.0,1.0,0.9955757792214588,0.004424220778541,0.0047419222398758,0.9955761019396612,0.0044238980603388,0.9330015455202612,1.00007294883333,0.0718095857412316,7.294351218586644e-05,0.9961615404078484,0.9961618289395496,7.51686176139498e-05,96
2,0.7000000000000001,0.05,1.0,1.0,0.9848245541291656,0.0151754458708344,0.0171029269232206,0.984831427225276,0.015168572774724,0.8873010999205463,1.0004531142258692,0.1270131414122504,0.0004529090063554,0.9868552809815816,0.9868615441599762,0.0004764786821085,96
2,0.7250000000000001,0.01,1.0,1.0,0.9985611600676472,0.0014388399323527,0.0015288133525459,0.9985611863154324,0.0014388136845676,0.9411481983438716,1.000018242657363,0.0625319176721468,1.824232457437811e-05,0.9987728440284755,0.9987728669437644,1.8673493452672467e-05,96
2,0.7250000000000001,0.02,1.0,1.0,0.9961797671256424,0.0038202328743576,0.0041768411692829,0.9961800448031178,0.0038199551968821,0.9146224909034392,1.000072691291166,0.0933472661624876,7.268600752625215e-05,0.996739340750057,0.996739586015867,7.521969981967336e-05,96
2,0.7250000000000001,0.05,1.0,1.0,0.9864070147897304,0.0135929852102697,0.0157710632486854,0.9864131504833782,0.0135868495166218,0.8618940267963681,1.0004515906090246,0.160235445321471,0.0004513867669994,0.9884034347339856,0.9884089717086624,0.000477466780021,96
2,0.75,0.01,1.0,1.0,0.9987886801056166,0.0012113198943833,0.0013124233445314,0.9987887021313996,0.0012112978686005,0.9229643006813942,1.0000181836222413,0.0834655243563947,1.818329160313718e-05,0.9989839360262676,0.998983955007846,1.868147951297436e-05,96
2,0.75,0.02,1.0,1.0,0.9966896551639,0.0033103448361,0.0037120937868228,0.9966898950356612,0.0033101049643387,0.8917729524644824,1.0000724665120675,0.1213616618853754,7.246126105259928e-05,0.9972197072127726,0.9972199166142492,7.531633990670552e-05,96
2,0.75,0.05,1.0,1.0,0.9877936031387564,0.0122063968612436,0.0146733390681495,0.9877990986098448,0.0122009013901552,0.8318758807761298,1.0004504151711977,0.2021024086754533,0.0004502123887075,0.9897409328028576,0.9897458444557264,0.0004787621305387,96
2,0.775,0.01,1.0,1.0,0.998975667038432,0.0010243329615678,0.0011387780919583,0.9989756856110328,0.0010243143889673,0.8995018158510084,1.0000181317384278,0.1117264939080877,1.8131409673824364e-05,0.9991547189273414,0.999154734735478,1.8701633206825955e-05,96
2,0.775,0.02,1.0,1.0,0.997121084879406,0.002878915120594,0.0033345374305849,0.9971212929604654,0.0028787070395346,0.8633626643947898,1.0000722828188229,0.1582618072800169,7.22775943946675e-05,0.9976200124830634,0.9976201920879212,7.546462180870122e-05,96
2,0.775,0.05,1.0,1.0,0.9890107765839296,0.0109892234160704,0.013798840993789,0.9890157155686476,0.0109842844313523,0.7963874227565051,1.000449641007474,0.2556702572458246,0.0004494389213046,0.9908984851136587,0.9909028574419978,0.0004803956696817,96
2,0.8,0.01,1.0,1.0,0.9991297692981406,0.0008702307018594,0.0010011247610336,0.999129785039774,0.0008702149602258,0.869252999956709,1.0000180893621369,0.1504130558649812,1.808903491750972e-05,0.9992932967394944,0.9992933099801647,1.8735827751086915e-05,96
2,0.8,0.02,1.0,1.0,0.9974869847448632,0.0025130152551368,0.0030348427708848,0.9974871660459984,0.0025128339540014,0.8280545138106348,1.00007215006588,0.2076499594188396,7.2144860623623e-05,0.9979544183544032,0.9979545731457944,7.567108924421925e-05,96
2,0.8,0.05,1.0,1.0,0.990081195955157,0.009918804044843,0.0131474101026596,0.9900856507537852,0.0099143492462149,0.7544302617316645,1.0004493283943772,0.3255035630525643,0.0004491265890479,0.9919021247510382,0.9919060311668396,0.0004824000964948,96
2,0.825,0.01,1.0,1.0,0.9992571380299866,0.0007428619700133,0.0008946933403736,0.9992571514453392,0.0007428485546607,0.8302978646327616,1.0000180593372934,0.2043870550507765,1.8059011159677384e-05,0.9994060891720062,0.9994061003292772,1.878610488496906e-05,96
2,0.825,0.02,1.0,1.0,0.9977980570009172,0.0022019429990828,0.0028078486694051,0.9977982157048066,0.0022017842951933,0.7842099978804516,1.0000720796718463,0.2751686444992816,7.207447674199195e-05,0.9982344848133604,0.9982346188913812,7.594271728763162e-05,96
2,0.825,0.05,1.0,1.0,0.9910243004712204,0.0089756995287795,0.0127342892948945,0.9910283336360576,0.0089716663639425,0.7048449521543466,1.0004495446746884,0.4187517367380116,0.0004493426750817,0.9927739428303728,0.99277744609384,0.0004848098188225,96
2,0.8500000000000001,0.01,1.0,1.0,0.9993627283844364,0.0006372716155637,0.0008168111615837,0.999362739883786,0.0006372601162139,0.7801945486739987,1.0000180449858906,0.2817315907930627,1.80446602749417e-05,0.9994981902115128,0.9994981996729538,1.8854636342539872e-05,96
2,0.8500000000000001,0.02,1.0,1.0,0.9980631743442104,0.0019368256557895,0.0026538272934676,0.9980633139494944,0.0019366860505054,0.7298235497679295,1.00007208462315,0.3701942069668507,7.207942733173403e-05,0.9984696612379994,0.9984697779827344,7.628685752476897e-05,96
2,0.8500000000000001,0.05,1.0,1.0,0.991856790482882,0.0081432095171178,0.0126000036536207,0.991860456241388,0.0081395437586119,0.6462862822089623,1.0004503641253957,0.5473019117504218,0.0004501613888553,0.9935327050913172,0.9935358589381476,0.0004876608960768,96
2,0.875,0.01,1.0,1.0,0.9994505387755964,0.0005494612244035,0.0007675734557406,0.9994505486932638,0.0005494513067362,0.7158418784472027,1.0000180501297065,0.3969565487970477,1.804980390526481e-05,0.9995736489263028,0.9995736570029712,1.8943704037469763e-05,96
2,0.875,0.02,1.0,1.0,0.998289703724746,0.0017102962752538,0.0025817990695047,0.9982898271640976,0.0017101728359023,0.6624436020042115,1.000072179459834,0.5095624698835003,7.217425033556108e-05,0.99866768289913,0.9986677851027576,7.671118805377839e-05,96
2,0.875,0.05,1.0,1.0,0.9925930338236656,0.0074069661763342,0.0128326826720948,0.9925963792816096,0.0074036207183902,0.5771954598737994,1.000451867818633,0.7325153600803522,0.00045166372633,0.9941943696214236,0.9941972201336552,0.0004909909942093,96
2,0.9,0.01,1.0,1.0,0.9995238011507668,0.0004761988492331,0.0007519237267896,0.9995238097598516,0.0004761902401483,0.6333073851336641,1.000018079086996,0.5790120618740974,1.8078760148756493e-05,0.9996356896222404,0.9996356965644244,1.905568598828441e-05,96
2,0.9,0.02,1.0,1.0,0.9984837710748592,0.0015162289251409,0.0026183504956497,0.998483880811918,0.0015161191880819,0.5790779071251247,1.0000723802322786,0.7268833566187567,7.237499375967151e-05,0.998834891331206,0.9988349813051588,7.722365754676083e-05,96
2,0.9,0.05,1.0,1.0,0.9932454086493272,0.0067545913506726,0.013624475645347,0.9932484748105126,0.0067515251894874,0.4957689034424967,1.000454143485987,1.0170688259312903,0.0004539373333041,0.9947725218818466,0.9947751086437834,0.0004948393619821,96
2,0.925,0.01,1.0,1.0,0.9995851325126788,0.0004148674873212,0.0007863108948779,0.9995851400368486,0.0004148599631513,0.5276125385310854,1.0000181366497398,0.8953302413624937,1.813632080767548e-05,0.9996868846559894,0.9996868906656182,1.9193019152705796e-05,96
2,0.925,0.02,1.0,1.0,0.9986504780739202,0.0013495219260798,0.0028346522310588,0.9986505761830284,0.0013494238169714,0.4760802440924925,1.0000727044440445,1.1004862361096437,7.269915849230452e-05,0.9989764934480444,0.9989765731100444,7.78324279843038e-05,96
2,0.925,0.05,1.0,1.0,0.9938245933012714,0.0061754066987286,0.0154414756590412,0.9938274159338498,0.0061725840661501,0.3999233515685942,1.0004572854007654,1.500479144510474,0.0004570763864068,0.9952787405180152,0.9952810975918868,0.0004992468387514,96
2,0.95,0.01,1.0,1.0,0.9996366557505278,0.0003633442494721,0.0009258000419872,0.9996366623734584,0.0003633376265415,0.3924651468930922,1.0000182280341052,1.5479969569690242,1.822770185015805e-05,0.9997292902538972,0.9997292954943326,1.9358133552203703e-05,96
2,0.95,0.02,1.0,1.0,0.9987940798944136,0.0012059201055865,0.003455207930961,0.998794168126284,0.0012058318737161,0.3490152053601877,1.0000731709554944,1.865204680604068,7.316560189742266e-05,0.9990967713297328,0.9990968422745596,7.8545809314357e-05,96
2,0.95,0.05,1.0,1.0,0.9943398118513131,0.0056601881486867,0.0197042634003788,0.9943424222254428,0.0056575777745573,0.2872570282722622,1.0004613942986604,2.481202900463762,0.0004611815121399,0.9957229052024534,0.9957250619527694,0.0005042559068936,96
2,0.975,0.01,1.0,1.0,0.999680096126942,0.000319903873058,0.001454593057534,0.999680101999908,0.0003198980000921,0.2199267151737678,1.000018358870295,3.546969199307519,1.835853325326729e-05,0.9997645533921372,0.999764557995942,1.955349849655635e-05,96
2,0.975,0.02,1.0,1.0,0.9989181311530612,0.0010818688469388,0.0056201771122959,0.998918210989002,0.001081789010998,0.1924972870644782,1.0000737999184088,4.1948784071177245,7.379447238279136e-05,0.9991992522499954,0.9991993158071424,7.937224549108707e-05,96
2,0.975,0.05,1.0,1.0,0.9947990424717364,0.0052009575282636,0.0335531284078792,0.9948014679891384,0.0051985320108616,0.155006635001055,1.0004665773716446,5.451336744347709,0.0004663597787248,0.9961134558972804,0.9961154376881396,0.0005099108119753,96
2,1.0,0.01,1.0,1.0,0.999716858430168,0.0002831415698321,0.000263346730448,0.9997168636781172,0.0002831363218828,1.0751664520399835,1.0000185350620594,0.0699114559400223,1.8534718517173923e-05,0.999793996014924,0.9997940000899824,1.978145476822013e-05,96
2,1.0,0.02,1.0,1.0,0.9990256059137992,0.0009743940862008,0.0008948363915422,0.999025678610502,0.000974321389498,1.0889075314890193,1.000074612651998,0.0816483759345876,7.460708536533305e-05,0.999286846628164,0.9992869039088196,8.032024765391813e-05,96
2,1.0,0.05,1.0,1.0,0.9952091945485813,0.0047908054514187,0.0042827749446611,0.9952114592810032,0.0047885407189969,1.1186218078983774,1.000472948347883,0.1060428172066835,0.0004727247734822,0.9964576113764356,0.9964594401619968,0.0005162577445747,96
2,1.025,0.01,1.0,1.0,0.9997480887493768,0.0002519112506232,0.0011519392708652,0.9997480934758728,0.000251906524127,0.218684488839476,1.0000187628971136,3.5727980311125016,1.8762545073849457e-05,0.9998186814859552,0.9998186851203762,2.0044401513842292e-05,96
2,1.025,0.02,1.0,1.0,0.9991189964829263,0.0008810035170736,0.0046077570834611,0.9991190631096082,0.0008809368903918,0.1912000787185342,1.000075631617389,4.230123369729888,7.562589768044255e-05,0.999361960080648,0.9993620120161122,8.139845559073161e-05,96
2,1.025,0.05,1.0,1.0,0.9955762594563796,0.0044237405436204,0.0287984817716321,0.9955783846072704,0.0044216153927295,0.1536101999647109,1.0004806277123115,5.509984364513108,0.000480396820287,0.9967615535588272,0.9967632483840068,0.0005233451317158,96
2,1.05,0.01,1.0,1.0,0.9997747240061616,0.0002252759938383,0.0005797426651364,0.9997747282973336,0.0002252717026663,0.3885792910986613,1.0000190488726393,1.5734773388788166,1.9048509786590465e-05,0.9998394670949292,0.9998394703609134,2.0344640616648904e-05,96
2,1.05,0.02,1.0,1.0,0.9992003948477616,0.0007996051522384,0.0023189706605457,0.9992004563169488,0.0007995436830511,0.3448103789507323,1.0000768803363704,1.9001447202460324,7.687442623861668e-05,0.9994265845384868,0.9994266319115636,8.26156254868281e-05,96
2,1.05,0.05,1.0,1.0,0.995905439095132,0.0040945609048679,0.0144935666284112,0.9959074433964058,0.0040925566035942,0.282508854434871,1.000489743079416,2.539712063186103,0.0004895033485385,0.9970305831303738,0.9970321605559234,0.0005312240142669,96
2,1.075,0.01,1.0,1.0,0.9997975317231668,0.0002024682768331,0.0003887865706596,0.9997975356509156,0.0002024643490844,0.5207697284646938,1.0000193997051807,0.9202345016254072,1.9399328839503653e-05,0.9998570456055328,0.9998570485624624,2.0684425974400783e-05,96
2,1.075,0.02,1.0,1.0,0.9992715598918512,0.0007284401081488,0.0015551462826384,0.9992716169849744,0.0007283830150255,0.468406166211592,1.0000783833809443,1.134899307769301,7.837723747146484e-05,0.9994823724284904,0.9994824158992196,8.398070643858877e-05,96
2,1.075,0.05,1.0,1.0,0.9962012556173588,0.0037987443826411,0.0097196642664901,0.9962031556712972,0.0037968443287028,0.3908308228029882,1.000500429771095,1.5586518300376848,0.0005001794663994,0.9972692510378218,0.9972707255017752,0.000539948553927,96
2,1.1,0.01,1.0,1.0,0.999817142000108,0.0001828579998919,0.0002931458670369,0.9998171456247028,0.000182854375297,0.6237781952726519,1.0000198223030792,0.6031339466152748,1.982191016322748e-05,0.9998719781812576,0.9998719808781672,2.106601697334288e-05,96
2,1.1,0.02,1.0,1.0,0.9993339729394712,0.0006660270605288,0.0011725834681476,0.9993340263282062,0.0006659736717937,0.567999702043375,1.000080166435042,0.7605643038235882,8.01600088998334e-05,0.9995306971385884,0.999530737265368,8.550295124155948e-05,96
2,1.1,0.05,1.0,1.0,0.9964676452184308,0.0035323547815691,0.007328646675923,0.9964694557932036,0.0035305442067965,0.4819927795365034,1.0005128316391192,1.0747198764297374,0.0005125687776326,0.9974814696911172,0.9974828538166368,0.0005495766776209,96
2,1.125,0.01,1.0,1.0,0.99983407326068,0.00016592673932,0.000235635494469,0.9998340766328716,0.0001659233671285,0.7041670003661218,1.0000203237891343,0.4201176702118445,2.03233760865668e-05,0.9998847205186464,0.999884722996198,2.1491694421089595e-05,96
2,1.125,0.02,1.0,1.0,0.9993888837135776,0.0006111162864222,0.000942541977876,0.9993889339776502,0.0006110660223498,0.6483703652111105,1.000082256369396,0.5423283568403042,8.224960384225252e-05,0.9995727023641764,0.9995727396211314,8.71920459021323e-05,96
2,1.125,0.05,1.0,1.0,0.9967080384027616,0.0032919615972383,0.0058908873617253,0.9967097726887264,0.0032902273112734,0.5588227027776979,1.0005271021728184,0.7894763312753319,0.0005268244824888,0.9976706070883749,0.9976719119464292,0.0005601708703134,96
2,1.15,0.01,1.0,1.0,0.999848753013772,0.000151246986228,0.0001971937340475,0.9998487561765154,0.0001512438234846,0.7669969178207952,1.0000209115541223,0.3037862040452746,2.0911116838654217e-05,0.9998956436223252,0.9998956459143928,2.1963848284715044e-05,96
2,1.15,0.02,1.0,1.0,0.9994373484074692,0.0005626515925306,0.0007887749361901,0.9994373960495816,0.0005626039504184,0.7133233660393752,1.0000846814392608,0.4018887472484679,8.467426892189746e-05,0.99960934243113,0.9996093772224308,8.905830479852066e-05,96
2,1.15,0.05,1.0,1.0,0.9969254287581027,0.0030745712418971,0.0049298433511885,0.9969270985910156,0.0030729014089844,0.6236650990453682,1.000543405951079,0.6034246609769895,0.0005431108214263,0.9978395665575228,0.9978408018915328,0.0005717991518212,96
2,1.175,0.01,1.0,1.0,0.9998615346197688,0.0001384653802313,0.0001696512478541,0.9998615376096246,0.0001384623903754,0.8161766092658301,1.000021593270998,0.2252250170456653,2.159280473866895e-05,0.9999050503476048,0.9999050524825508,2.24850322661626e-05,96
2,1.175,0.02,1.0,1.0,0.9994802612641056,0.0005197387358943,0.0006786049914166,0.9994803067224838,0.0005196932775162,0.7658928868315674,1.0000874715532018,0.3056656057179397,8.746390259828821e-05,0.9996414152883336,0.9996414479600216,9.111288680402577e-05,96
2,1.175,0.05,1.0,1.0,0.9971224319496153,0.0028775680503847,0.0042412811963539,0.997124048005962,0.0028759519940378,0.678466698425581,1.0005619204876173,0.4739116928222925,0.0005616049103122,0.9979908543744724,0.9979920287929088,0.0005845362434552,96
2,1.2,0.01,1.0,1.0,0.9998727108518034,0.0001272891481965,0.0001489233390399,0.9998727137000816,0.0001272862999183,0.8547293460998063,1.0000223769430152,0.1699609994240568,2.2376442298912496e-05,0.999913188595268,0.999913190596963,2.3057973063906747e-05,96
2,1.2,0.02,1.0,1.0,0.999518380802358,0.0004816191976421,0.0005956933561597,0.9995184244613092,0.0004815755386906,0.8085018787971667,1.0000906585736742,0.2368555055032537,9.06503554422818e-05,0.9996695895383846,0.999669620388162,9.336804094974822e-05,96
2,1.2,0.05,1.0,1.0,0.9973013363815704,0.0026986636184297,0.0037230834759981,0.9973029083505434,0.0026970916494566,0.7248463903179658,1.0005828385451487,0.3796026487230398,0.0005824990422543,0.9981266371545288,0.9981277582965664,0.0005984649692196,96
2,1.225,0.01,1.0,1.0,0.9998825248809514,0.0001174751190485,0.0001327407052375,0.9998825276146798,0.0001174723853202,0.884996948286106,1.000023271242406,0.1299473991821215,2.32707008678779e-05,0.9999202618544402,0.9999202637431048,2.368583498926957e-05,96
2,1.225,0.02,1.0,1.0,0.9995523516253928,0.0004476483746072,0.0005309628209502,0.9995523938242932,0.0004476061757069,0.8430879845901073,1.0000942768499483,0.1861158245377916,9.42679626616592e-05,0.9996944266140986,0.9996944558994786,9.583746936439544e-05,96
2,1.225,0.05,1.0,1.0,0.9974641467502854,0.0025358532497146,0.0033185176309388,0.997465683486372,0.0025343165136278,0.7641524113274509,1.000606371018952,0.3086394614169251,0.0006060035559584,0.9982487906101714,0.9982498652887314,0.0006136779338171,96
2,1.25,0.01,1.0,1.0,0.9998911791896176,0.0001088208103824,0.0001197417399765,0.999891181832301,0.000108818167699,0.9087959670848572,1.0000242853143122,0.1003569956496369,2.4284724549956108e-05,0.9999264376417724,0.999926439434646,2.4372157833053582e-05,96
2,1.25,0.02,1.0,1.0,0.999582722578754,0.000417277421246,0.0004789669599063,0.9995827636196866,0.0004172363803134,0.8712029350160398,1.0000983637443637,0.1478381899408876,9.8354069888993e-05,0.99971639899815,0.9997164269432406,9.85366422601023e-05,96
2,1.25,0.05,1.0,1.0,0.9976126215259526,0.0023873784740473,0.0029935434994144,0.9976141311855532,0.0023858688144469,0.7975091975494405,1.0006327504644426,0.2539040340509758,0.0006323503444684,0.9983589410142634,0.9983599753401182,0.0006302795108791,96
2,1.275,0.01,1.0,1.0,0.9998988428154304,0.0001011571845696,0.000109059942466,0.9998988453877234,0.0001011546122765,0.9275374833527976,1.0000254293203972,0.0781235453528734,2.5428673763289333e-05,0.9999318542692096,0.9999318559811008,2.5121031845812068e-05,96
2,1.275,0.02,1.0,1.0,0.9996099618886788,0.0003900381113211,0.0004362397698643,0.999610002043018,0.000389997956982,0.8940911358044373,1.0001029603831433,0.1184542156323624,0.0001029497833942,0.9997359052133772,0.9997359320145724,0.0001014832424593,96
2,1.275,0.05,1.0,1.0,0.9977483052433308,0.0022516947566693,0.0027264985616523,0.997749795408568,0.0022502045914321,0.8258558388179524,1.0006622354442256,0.210865084433259,0.000661797178677,0.9984585004948971,0.9984594999850264,0.0006483882258923,96
2,1.2999999999999998,0.01,1.0,1.0,0.9999056572483686,9.434275163144878e-05,0.0001001176225329,0.9999056597686276,9.434023137233628e-05,0.9423191366773244,1.0000267145742157,0.0612116013329219,2.671386056620972e-05,0.9999366262817716,0.9999366279255189,2.593736131212676e-05,96
2,1.2999999999999998,0.02,1.0,1.0,0.9996344697995828,0.000365530200417,0.0004004704901318,0.9996345093137138,0.0003654906862862,0.9127518991392428,1.000108112552081,0.0955879696805179,0.0001081008650205,0.9997532821743674,0.9997533080051544,0.0001046976925912,96
2,1.2999999999999998,0.05,1.0,1.0,0.9978725563491284,0.0021274436508715,0.002502940563324,0.997874034141698,0.002125965858302,0.8499776950540833,1.000695115852292,0.1765014609428908,0.0006946330018809,0.9985486971098388,0.9985496667828112,0.000668139627535,96
2,1.325,0.01,1.0,1.0,0.999911741239764,8.825876023610402e-05,9.25148187106058e-05,0.9999117437244952,8.825627550490545e-05,0.9539959269896524,1.000028153592301,0.0482225046342852,2.815279969856778e-05,0.999940848835346,0.9999408504221812,2.6826775195721837e-05,96
2,1.325,0.02,1.0,1.0,0.9996565891379608,0.0003434108620391,0.0003700592748424,0.9996566282382996,0.0003433717617004,0.9279887990522064,1.0001138717364262,0.0775992135048845,0.0001138587711302,0.9997688153802432,0.9997688403952708,0.0001082036833123,96
2,1.325,0.05,1.0,1.0,0.9979865712422265,0.0020134287577736,0.0023128704677651,0.9979880434299488,0.0020119565700512,0.8705324339755067,1.0007317194338634,0.1487222772771909,0.0007311844120193,0.998630600499098,0.9986315449598748,0.0006896897335636,96
2,1.35,0.01,1.0,1.0,0.999917194730877,8.280526912296526e-05,8.596582290476478e-05,0.9999171971951512,8.280280484884717e-05,0.9632347638281684,1.000029760756566,0.0381685104737249,2.9759870889828027e-05,0.9999446012282094,0.9999446027680712,2.7795953463174903e-05,96
2,1.35,0.02,1.0,1.0,0.999676614154998,0.0003233858450019,0.000343863291619,0.9996766530524948,0.0003233469475052,0.9404488728042728,1.0001202964709213,0.0633220251709748,0.000120282001421,0.9997827473389548,0.9997827716775336,0.0001120289100346,96
2,1.35,0.05,1.0,1.0,0.9980914050483374,0.0019085949516626,0.0021491455726191,0.9980928781471228,0.0019071218528771,0.8880715089656107,1.000772419855232,0.1260354486146718,0.0007718236832944,0.9987051437886244,0.9987060673050038,0.0007132192527381,96
2,1.375,0.01,1.0,1.0,0.9999221020679516,7.789793204848738e-05,8.02610952350514e-05,0.9999221045257486,7.789547425141041e-05,0.970556554459626,1.000031552501613,0.0303366613775198,3.1551506084158904e-05,0.9999479497558328,0.9999479512576293,2.8852820538508048e-05,96
2,1.375,0.02,1.0,1.0,0.9996947979384728,0.0003052020615271,0.0003210443809402,0.9996948368327352,0.0003051631672646,0.9506538025470704,1.000127453987406,0.0519076422149862,0.0001274377449574,0.9997952845410032,0.99979530833015,0.0001162059132768,96
2,1.375,0.05,1.0,1.0,0.998187989590974,0.001812010409026,0.0020065273808762,0.9981894699648184,0.0018105300351816,0.9030579030696676,1.0008176466645855,0.1073487055490102,0.0008169786647052,0.998773142312978,0.99877404888567,0.0007389387550867,96
2,1.4,0.01,1.0,1.0,0.9999265346384152,7.346536158481243e-05,7.524346085144392e-05,0.999926537102952,7.346289704801556e-05,0.9763687203311652,1.0000335480480065,0.0242032330376371,3.354692257274661e-05,0.9999509500235656,0.9999509514954004,3.0006841658063984e-05,96
2,1.4,0.02,1.0,1.0,0.9997113586344384,0.0002886413655617,0.0003009738434057,0.999711397717596,0.0002886022824039,0.959024752103049,1.0001354222062822,0.0427259544731208,0.0001354038695913,0.9998066032417244,0.9998066265988552,0.000120773123455,96
2,1.4,0.05,1.0,1.0,0.9982771489529456,0.0017228510470544,0.001881086521286,0.9982786429149062,0.0017213570850937,0.9158808101376348,1.0008678977613847,0.0918451275878618,0.0008671451680347,0.9988353096362784,0.9988362030645468,0.0007670950975246,96
2,1.4249999999999998,0.01,1.0,1.0,0.9999305530363168,6.944696368316183e-05,7.079270791345444e-05,0.9999305555203524,6.944447964751799e-05,0.98099035522221,1.0000357700951386,0.0193780139392746,3.5768815684713784e-05,0.9999536488242536,0.9999536502736288,3.126944191028142e-05,96
2,1.4249999999999998,0.02,1.0,1.0,0.9997264846769984,0.0002735153230015,0.0002831708316538,0.9997265241374672,0.0002734758625326,0.9659021778625492,1.000144292328131,0.0353015273377952,0.0001442715108588,0.999816854263644,0.999816877299018,0.0001257761961102,96
2,1.4249999999999998,0.05,1.0,1.0,0.99835961296503,0.0016403870349699,0.0017698176978363,0.9983611268823616,0.0016388731176383,0.9268677994210044,1.0009237550578594,0.0789025151425906,0.0009229025219867,0.998892271276448,0.9988931552212312,0.0007979794729907,96
2,1.45,0.01,1.0,1.0,0.9999342088447029,6.579115529725676e-05,6.681531961381678e-05,0.999934211360781,6.578863921902212e-05,0.9846717141745404,1.0000382448742595,0.0155668997136871,3.824341164524063e-05,0.9999560856660936,0.9999560871000664,3.265386471311335e-05,96
2,1.45,0.02,1.0,1.0,0.9997403391909692,0.0002596608090307,0.0002672612784552,0.9997403792171804,0.0002596207828197,0.971561651323115,1.0001541718293026,0.0292707607779252,0.0001541480640135,0.9998261669917724,0.999826189810742,0.0001312694857866,96
2,1.45,0.05,1.0,1.0,0.9984360289099176,0.0015639710900825,0.0016703829903454,0.9984375693171176,0.0015624306828824,0.9362949090849728,1.000985904345713,0.0680395570849415,0.0009849332956964,0.9989445764752238,0.9989454545217124,0.0008319375756793,96
