alpha_matrix_11,nu_matrix_11,sigma_matrix_11,alpha_matrix_12,nu_matrix_12,sigma_matrix_12,alpha_matrix_13,nu_matrix_13,sigma_matrix_13,alpha_matrix_22,nu_matrix_22,sigma_matrix_22,alpha_matrix_23,nu_matrix_23,sigma_matrix_23,alpha_matrix_33,nu_matrix_33,sigma_matrix_33,distance_K
0.02666560066353718,1.7949999992054553,1.0319648105197257,0.9006066614089456,3.4574999983537986,-1.1761702741707622e-32,0.9009078404748587,1.7675000000432752,-4.039570117773761e-33,0.038388317097613256,3.4999999975021416,1.1486326564142773,0.9011194378907235,2.6199999991916183,-5.593964271963589e-33,0.0505847783369624,0.12000000088109508,0.9309149054212358,0.13706119558675398
0.05135601873672169,3.4999999975011056,1.0235908603911947,0.7059282653584826,3.9229572996451063,-2.2027265114816867e-05,0.7064056832023574,4.134884459918249,-4.753427167520054e-05,2.220446049250313e-16,1.3761456786545572,1.0718989409250526,0.7054716641583461,3.0729573004949744,-2.040220673578411e-05,0.03672256604740931,1.7999999992008415,1.025087016585278,0.13717108556280955
2.220446049250313e-16,1.0307600507365877,1.0861342556167282,0.9719495415698013,2.9736505251482646,-1.4555444276808618e-06,0.9714932015918937,1.741231615506342,-3.3663857130792706e-05,0.04211580744753918,3.499999997501029,0.9496373757972908,0.9719495415698013,2.9758515888885624,-1.4753151381576387e-06,2.220446049250313e-16,1.0351621782171843,0.9135346682869488,0.13331746343467366
0.033862870613096785,1.7949999992055279,0.9613478772286788,0.6720230178237927,2.9286968604650454,-1.0457492229984543e-16,0.6723700426706432,2.9286968604579044,-0.03741538590073916,0.010568885040204479,3.499999997516081,1.0372203649921055,0.671985102471282,3.781196859613181,-4.163575243273926e-16,0.03232300918607345,3.4999999975017997,0.9263601844979398,0.12490391573375308
0.10543025135464201,0.18043180801412606,1.0333380279585662,0.2974724361567198,3.493390602193232,-2.969018233429831e-17,0.29456076137260645,2.263842486416138,-2.488576802469847e-18,0.05871640541797746,3.4224073741299614,0.8258509364698532,0.28797930710844877,3.8848302694740555,-0.005728672684351681,2.220446049250313e-16,0.9633111425757739,1.1528640707167483,0.16569275223870467
2.220446049250313e-16,0.968831841669893,0.8809218053358068,1.0266809649951618,2.8586575900106936,-7.3169538336860985e-06,1.0266328894218613,1.623738345192355,-3.2927829109408663e-05,0.014050924575771617,3.499999997504555,1.0805044232738172,1.0266809649951618,2.8893224231096863,-7.499156759469354e-06,2.220446049250313e-16,1.030161507867878,0.9165301646178421,0.13213918943551303
2.220446049250313e-16,1.0460276558376225,1.0568334702942814,0.9,1.8525759877334866,-4.082708376907658e-33,0.9,1.84959915071692,-4.08125694818805e-33,2.220446049250313e-16,1.0391243174547928,1.0185790841488493,0.9,1.8461474815255052,-4.0796163683271906e-33,2.220446049250313e-16,1.0331706434216597,0.9350095131105391,0.12786238330420494
2.220446049250313e-16,1.0598305359773412,1.0586467407894253,0.9745936171223047,1.7429932501898935,-3.812625221385239e-19,0.9745936171223047,1.7429932501750343,-5.009322944655574e-05,2.220446049250313e-16,1.0351621782101652,1.0927454526667273,0.9745936171223047,1.7306590712914462,-6.753181044419834e-19,2.220446049250313e-16,1.0351621781804465,1.2311776753534673,0.14651968870506452
2.220446049250313e-16,1.0351621782190672,1.0290351474685575,0.9,1.8426618505808738,-4.078005861741424e-33,0.9,1.8109957749359733,-4.06551511987246e-33,2.220446049250313e-16,1.0301615078703872,1.0081189001571165,0.9,1.808495439761633,-4.06469408999947e-33,2.220446049250313e-16,0.9668293565805854,0.952918818498158,0.12653661978542355
0.08902192545588317,0.18204828172483106,1.149033229801338,0.4070746940173033,1.841024139612977,-0.00040643950600897265,0.40563425724589913,0.6105862995778827,-6.064876000726167e-05,0.04838710278263875,3.499999997501123,1.130087135730599,0.4021782625942688,2.2695621574660287,-5.127268186955743e-05,2.220446049250313e-16,1.0391243174309344,1.0191490175359708,0.15774702783473984
0.03138017879596433,3.499999997502845,0.9877178614295214,0.7794954859223874,3.684279363650074,-8.125895618931282e-08,0.7795706130896964,4.918695283248814,-4.016842939442763e-08,2.220446049250313e-16,1.0311681583142622,1.0279014208780959,0.7792547612831198,3.684279363654523,-1.1015331957224011e-06,0.015305438227402823,3.4999999975117433,0.9997882472551098,0.1250977987988197
2.220446049250313e-16,1.0401120416656378,1.0549148508793857,0.9001287677740741,3.0800560195838376,-8.115937735770606e-33,0.9000631954350243,3.0800560195850633,-8.119687187726158e-33,0.02153130625266464,3.499999997502618,0.9822978100737862,0.9001919541693204,4.309999997503553,-3.356590144049871e-32,0.015083486116071243,3.4999999975050686,1.0870636997729348,0.12725332250343482
0.05191569116968363,0.1850000008148616,1.0433725211518918,0.12286846527847055,1.8424999991597295,-2.0654590205477358e-17,0.12304975161127743,1.8424999991583662,-4.0331034726577074e-17,0.027409862462577206,3.4999999975045974,1.0929616319516857,0.11903475188739122,3.499999997503234,-0.5094660935267751,0.02899075341618601,3.4999999975018707,1.0999942491298267,0.48667346361945046
2.220446049250313e-16,1.0301615078799466,0.9922013850668286,0.9395418431507697,4.0404825740966865,-2.6913041234868685e-19,0.9397356925925363,4.045482574091556,-2.3296544709344902e-05,0.03240608764788677,1.7949999992058308,1.0327637306860258,0.9400150260451665,4.4279018197544975,-3.433958280719335e-19,0.04217520976947675,1.8049999991955694,0.980954160473076,0.12937671231812983
0.02305984870654121,3.499999997502587,1.0109555963474488,0.6537941057138595,3.83465053074538,-0.020982068903985483,0.6531901345495588,2.504745798308846,-0.062076773375610995,0.05688141632902799,2.8798094656532935,0.9245782117250836,0.6542241369159996,2.194650532384199,-0.0017054823163264131,0.04070299665831789,0.22000000078022564,0.9736991441805963,0.13172715711934282
0.01776199070660267,3.499999997503954,0.9323623293143155,1.022753641458612,3.662472709707644,-0.0031676804386086953,1.0239249803199604,3.692472709678131,-0.027568469385984038,0.014933365286017741,1.7999999991993554,0.9641235053944099,1.0239023995800005,2.842472710525832,-0.002719404523985956,0.07083582293956703,1.8599999991403293,0.9577818593107909,0.14083054401021916
0.029783343489124148,3.499999997502489,0.8517973220997015,0.7851641849024064,4.070763888539372,-1.1454089248680945e-16,0.785026791560441,4.070763888539594,-0.04611179783348879,0.025836340150321213,3.499999997503651,1.0692414670478125,0.7849568764774063,4.070763888540175,-1.1401773229089246e-16,0.015363882998867484,3.4999999975040956,1.0707860296659713,0.1349161523378487
0.04085996290762883,3.476274895893838,0.8612375363893406,0.900471563489499,2.6031374483841434,-5.552912750497907e-33,0.9007805472280358,4.29813744669741,-3.2837713589449146e-32,0.005341978812464343,0.11000000087444861,0.9511502262707598,0.9003249937377333,2.6149999991877166,-5.6019241991350455e-33,0.03378834059355862,3.499999997500984,1.0962934993848819,0.136981679913073
0.013701768062582165,3.499999997507067,0.9878219587897806,0.9000521480581114,3.078077434292493,-8.105716959048074e-33,0.9000521480581114,3.0775810880111356,-8.102060309076577e-33,2.220446049250313e-16,1.0361548707763728,0.9041310116275779,0.9,1.8456585246457886,-4.079387651144045e-33,2.220446049250313e-16,1.0351621782136573,0.9936611209296895,0.1269579719453288
2.220446049250313e-16,1.0250423678873815,0.9042242995025459,0.9,1.8370963713364135,-4.0755308900166616e-33,0.9006496129424867,1.3880404091602134,-4.3132558222479186e-33,2.220446049250313e-16,1.0291503737107062,0.9168587396098726,0.9006496129424867,1.3900944120718757,-4.3096895356150635e-33,0.04836786729743292,0.13103844935830544,0.926187605567006,0.1320500469500668
2.220446049250313e-16,1.0331706434224266,0.8358371065862921,1.0408558838469202,2.830783384547283,-3.771018514040155e-05,1.0405718177081666,1.563699606944464,-4.590896908673631e-05,0.03438787955880507,3.499999997501594,0.98933568799701,1.0408558838469202,2.797114283984048,-3.6967694134005016e-05,2.220446049250313e-16,0.9658324422959558,1.1128102263110446,0.13876435355599182
2.220446049250313e-16,1.025042367886738,0.9333531813228629,0.6950798864631836,3.718588288496891,-1.9650585591312993e-05,0.6949951451048572,2.018588290182453,-4.162288285033975e-05,0.016057851066527573,3.4999999975228047,0.949490796538307,0.6950878930104875,3.2560671050004864,-1.6286338474034594e-05,0.004718144568912175,0.10000000089392924,0.9484301431921836,0.1256750343191022
0.014122117632669351,3.499999997506255,1.1246251701532353,0.6258847310807124,6.377021069523943,-0.045947748455182326,0.6256363785018818,6.377021069526638,-4.347970710867424e-16,0.02850753350675994,3.4999999975017966,0.9050550892306777,0.625881379124714,6.3770210695244085,-5.544611977582776e-16,0.013821811624656233,3.499999997507187,0.9845938847949329,0.12261917377906767
2.220446049250313e-16,0.9668293566142526,0.9971899241850116,1.0127253228881752,1.5148595615541869,-2.9702073685303398e-05,1.012837294674372,2.7809450650039658,-5.409995061939004e-19,2.220446049250313e-16,0.9678289906043827,0.980385528492167,1.012837294674372,2.7814448819990307,-5.413636712248309e-19,0.021298162565909662,3.4999999975039406,1.0473915917461163,0.12589992958568955
2.220446049250313e-16,1.0321710093893381,0.8497505802895718,0.8957601954155531,1.8903493849933628,-5.467162974717824e-19,0.8957601954155531,1.8740587555894703,-7.269533409925698e-19,2.220446049250313e-16,1.0667488165093382,1.0670937802238303,0.8957601954155531,1.8913476591494705,-5.4455147727396626e-05,2.220446049250313e-16,1.034167557701553,0.833646610115592,0.14100473638170605
0.04306192132133263,3.499999997501113,1.096954115943199,0.4979193160702462,4.749785675815454,-5.518831493391653e-17,0.49855640634384163,4.284704922319385,-1.7169534821524426e-18,2.220446049250313e-16,1.030161507891389,1.1170534362063405,0.49762568841705046,3.0497856775145227,-2.9516415179659973e-05,0.035632709428949916,0.10000000089925143,0.9078691453445454,0.13902557180567457
0.026987693116341804,1.9699999990307189,1.1174907789947206,0.5083245769894192,3.9445205919658166,-0.0001540763112859202,0.5071021994170897,2.9166043718554073,-4.300354667864009e-06,0.04982438996760974,3.0899999979246116,1.1607665056493013,0.5079662466951924,3.4766043713023533,-1.0255440016155135e-05,2.220446049250313e-16,1.0341675577037923,1.0907439892611304,0.14940933039613083
0.03829180791198694,3.499999997500986,0.8203505137233813,0.9004072030345961,3.0459330247515104,-7.854687797366514e-33,0.9007124525058514,3.457499998353431,-1.175190490707451e-32,2.220446049250313e-16,0.9718660520020221,1.1018747961606614,0.9003053875338753,2.193433025603949,-4.462369517821943e-33,0.033159940365488194,1.794999999205863,1.0008848092371185,0.13984725032814796
2.220446049250313e-16,1.036154870773375,1.0119144017640285,0.8160089227776949,2.23513098597592,-0.0011445537345589954,0.8161689979230877,3.0076309852071588,-0.0023059256718589434,0.031856954872544696,1.95499999904558,0.8716731951966704,0.8164798013163908,3.467053549343261,-0.002726191731703968,0.03920979226772281,3.4999999975080573,0.9798044639776582,0.13275124959522347
0.05199035909563651,2.984999998015967,1.141024907825331,0.24879133312932528,6.026760518167427,-1.3389945558961938e-12,0.24722220062997163,4.331760519849767,-2.921318553203938e-15,0.03967850101262024,3.4999999975008014,0.9285384346532695,0.24607825886531215,4.589260519592184,-0.06525967519058042,0.004214443109899962,0.11000000086548045,0.9638429643848941,0.1701595523092657
2.220446049250313e-16,1.0321710093913106,1.0338542542788722,1.0166548412530811,1.682543885305718,-2.214350095798621e-05,1.0167318453859981,2.910515364577477,-8.167055174461755e-06,2.220446049250313e-16,1.044057038959896,1.057656058355063,1.0167318453859981,2.916458379361769,-8.113502682592639e-06,0.017696280891168814,3.499999997503413,0.7602020818891189,0.14177151708667524
2.220446049250313e-16,1.032171009388014,0.868342553157616,0.9,1.8431692859773823,-4.0782374353524076e-33,0.9,1.843666596238672,-4.078465333753704e-33,2.220446049250313e-16,1.0341675576935359,0.950121337162262,0.9,1.844664870391433,-4.0789256619428785e-33,2.220446049250313e-16,1.0351621782161153,1.0878203603634393,0.1341667529992828
0.02720124226439735,3.4999999975017038,0.7594550138758502,0.8360330371118216,4.913606962201749,-6.843848328809124e-19,0.8359870937769419,3.679692468145541,-2.6025703616744744e-06,0.012395013577976233,3.499999997505573,1.067246194621605,0.8358117523414309,3.6796924681474756,-1.7881995378676883e-19,2.220446049250313e-16,1.032171009393158,0.8486999489403687,0.14770707278929912
2.220446049250313e-16,1.0442562490095106,0.8934251620031678,0.9,1.8472088791238899,-4.080116004652303e-33,0.9,1.851690283901879,-4.08227299796019e-33,2.220446049250313e-16,1.0301615078946296,1.0158142365253577,0.9,1.8446429133444382,-4.0789154998834736e-33,2.220446049250313e-16,1.039124317450608,1.0552162534465417,0.13034108208350356
0.0074167978104454635,0.1650000008396354,1.0499583291576964,0.9000152801174437,1.4075807571320782,-4.289501219895236e-33,0.9000152801174437,1.4090853248918895,-4.287083278753012e-33,2.220446049250313e-16,1.0301615078914834,1.1705052985324575,0.9,1.8416660784178136,-4.0775543288026296e-33,2.220446049250313e-16,1.033170643411106,1.1461371106551916,0.1410814817109959
0.039969417697751086,3.499999997501347,0.9228634054505302,0.9004436557472926,3.0790678484589136,-8.090689310587173e-33,0.9004436557472926,3.0780774399998476,-8.08341220824644e-33,2.220446049250313e-16,1.038135687681347,0.8434497492282388,0.9,1.8471452850898475,-4.08008593608158e-33,2.220446049250313e-16,1.0361548707632149,0.934115877036336,0.13728505117592543
2.220446049250313e-16,1.0341675576981282,0.9960340337854532,1.0315083730824988,1.6274298269519178,-2.5648834185497512e-05,1.0317656936979562,2.8608445039943637,-4.065097161183569e-19,2.220446049250313e-16,1.0331706434160908,0.9522377204182695,1.0317656936979562,2.860346046853345,-4.0637309933000877e-19,0.0325859771288497,3.4999999975009826,1.015010298392139,0.12729257612182676
0.03435463078490497,3.499999997501564,0.8854108307300933,0.5160757701211393,3.6062993078073697,-7.006662369206937e-06,0.5158772018142168,4.028176200804699,-4.294268721181519e-05,0.020244167281503633,0.19635825567191434,0.9340108154515663,0.5155037149991679,2.376355329889874,-5.736220712959081e-05,2.220446049250313e-16,1.040112041666572,0.9823539884937325,0.12987528943490526
0.02428849238849029,3.499999997501674,0.9482398205109378,0.9008917778708841,4.3099999975013965,-3.333714063847137e-32,0.9004467631440437,4.309999997501766,-3.348240683606021e-32,0.051206054409796975,3.4999999975011202,0.949775691881734,0.9010107867442222,4.309999997501489,-3.329841160442836e-32,0.031918891751833045,3.499999997501858,1.0223686393104157,0.13345412346202942
2.220446049250313e-16,1.0301615078934854,1.0610593409695173,0.6303056404415943,2.5937650737232767,-4.760417902349242e-19,0.6306089199610532,2.1403320481872417,-1.4048385774427832e-05,2.220446049250313e-16,0.9718660520074565,0.9397030665132272,0.6306089199610532,2.1111843202442273,-5.50227814944487e-19,0.02765536338425245,0.06500000093538683,0.8654104665256139,0.13164369461774406
2.220446049250313e-16,1.0341675576764284,1.0057117749876905,0.7819754158394895,2.2642664511049158,-3.3989496565909955e-06,0.7822793142913449,2.7131960926450933,-3.6018003068582676e-06,2.220446049250313e-16,1.3921407156325798,0.9833585802231014,0.7822793142913449,2.892182671623169,-4.569740247037204e-06,0.03083422094992072,2.289999998712935,1.1986516032882382,0.13950338733377773
