0.9323330393147738,1.3352876080028584,-0.0021840540735359
0.1491751551941205,0.3180863752237773,0.0337901390030671
-0.5718105287215784,0.2699727307348314,-0.8950522868995655
2.132532045518267,-0.1742338565839306,0.0147005942104664
-1.2511454308211498,1.4208453476180631,0.308867392873645
0.07080636818374686,0.06556839324748182,0.2762516711613967
-0.5233361237455677,0.11776103363576743,0.6365536220963679
-0.10469087497035445,-0.10759035299978138,0.8599779814866135
0.3284249434822746,-0.7951252442863388,-0.015454038406632967
0.18332846167286115,-0.05624745053745381,0.46479395143588664
0.02719784260109162,-0.1602621196215616,0.08633748888700124
0.5291598109255112,0.34451021974953855,0.678278757477353
-0.178098648085171,0.8426980827318401,1.110643618534895
-0.06902784831869753,0.3539702667911728,-0.3789701495620057
0.5306540360859968,0.9167799311050744,0.7278913586396856
-0.7877955242532724,-0.5400271497161987,-1.2713420521208512
0.6231007339770464,1.366861568228692,0.22091356627892098
0.4016458175316135,0.39383282197834624,0.4851667463614738
0.04541005241940044,0.10434959076177369,-0.5622865912120354
0.24818307862048447,1.0861026829095783,0.6040533764741883
0.17217505233787492,-0.04356714264523173,0.005121205148135577
0.6213348919030474,0.15751869551437248,-0.041156102024567376
0.15310208585871415,-0.1018953994845311,0.38524171106288446
-0.3316827516064227,0.20343197831777157,-0.43473493383099343
0.06903008316770576,-0.5012594829169335,-0.39431483798547484
0.006382720426047192,0.025620734450902613,0.2183379079932319
0.6768593238603475,0.5664269767757734,-0.3455201745491347
0.03623116605351037,0.691582603023067,0.0606875578065719
-0.6098685212989841,0.574122050808942,0.17337296416114045
-0.1349388703901771,0.4655809426554782,-0.3590687829348026
-0.7193658743242162,0.9103861135919618,0.3142595608931374
0.3069782418023077,-0.8444372685275467,-0.09601969057570699
-0.0034994842249496533,-0.8226535932413146,-0.24267380306942857
0.4592062505086303,-0.1291273046610308,-0.12917044843633585
0.5142269816139768,0.8497955157135388,-0.027923137497776196
-0.4782619804192655,0.14944071181216376,0.265154081594451
-0.1166460705905665,-0.24075644373614202,0.10310615969033643
0.493624933533461,-0.698350202238103,-0.5750040377764687
-0.57682250382298,0.5281925099355231,-0.019745608128291486
0.04583159785250118,-0.6006598934092834,0.7191046886238546
0.26381115194331195,0.6001194915068606,0.335174467601448
-0.714132631226655,1.0862242653982068,0.03955710013520611
0.4750128285792959,1.0557727953209155,0.3891229535468093
-0.013812358322649432,-0.3578938798990524,0.273502517159786
0.9112901622973785,0.0851389664716589,-0.1434370324951249
0.11852511438391361,0.07355245302000907,0.39313223697566757
-0.08658770881975769,-0.521464028812064,-0.3540740971880105
0.44705125053796896,-0.3753670116310974,-0.4313460816512758
0.4357302409491614,-1.2459570488504652,-0.3459009906962957
0.2832714106838338,0.249824954370235,0.7519157845337981
-0.3949781427748489,-0.334804375090643,-0.04268245579052654
-0.03684752326378213,0.03972551507386257,-0.371257453109735
-0.25310690264922503,0.19059900164068605,0.36222134713810933
0.0738264512667347,0.20795751818811786,0.19008225052178573
-0.1659377670569314,0.6145681130758016,0.12629626070384814
0.40133479987518655,0.28256037164792147,-0.12901034514830095
-0.5446401029821306,-0.2177489715587026,-0.161260995545151
-0.10424102543422333,0.09460019843652759,-0.32076678794171165
0.45299072994357853,0.3727067054406576,0.03915811593715912
0.5865453190653978,0.40023281717036496,0.3870064614624525
0.040566547543377046,0.6831785736731701,0.04537354710009009
0.35274786225159394,0.5832136977624517,-0.6189693002498848
-0.39682703647230666,0.10082265715235955,0.3846769077674702
0.03669911489041383,0.6223128865932759,0.17318735843845232
-0.9096268170662565,0.5128113495916231,0.07566402628305655
0.20808085098255488,0.2670091191361256,0.6084498389205204
-0.2847308781088799,0.31919551851102257,-0.7281429383595597
-0.7644146416662664,2.0466752988747223,0.10305106828073433
0.4284020262182383,-0.16468801164330465,-0.26735816831636106
-0.6223359453254943,0.21313941555758517,0.8842143122532171
0.5954569934619158,-0.4504661148881786,0.825141289571276
0.18519116919360848,-0.12544949530458566,0.3253823733101016
0.25794665809103856,0.18357205823264205,0.3161887409748122
0.7908962602027166,0.09959579409946184,-0.6119680558837297
0.011678246766089704,0.26958854090428286,-0.5072126506845597
0.5241914720614237,0.0044656192339657605,-0.11469656821423942
-0.13789837581391817,0.4771334234997126,-0.2839592796298121
0.41371605621798874,0.2278056998708311,-0.07154667275616514
0.08228881009663362,1.4241807068161443,0.8897537508105998
0.15701042311251084,-0.2582981438485712,-0.13886681524935746
-0.23011922136199187,0.6536917529887463,-0.3817054680318222
-0.32143225498156375,0.005017355328078392,0.14197378624712595
0.0951792356450965,-0.0822783438957004,0.19615594505182474
0.4849730967019797,-0.409129790218124,0.29872750739959925
-0.14550025352378815,-0.5529741514217145,0.036859647681358916
-0.6575422988457748,-0.09345609607391991,0.16266587668914856
-0.6999085872186194,0.208492954773024,0.4621868533083246
-1.4084365886399728,-0.706900189582504,0.5547708989355806
0.7238469234085907,0.034143524256993296,-0.24426735506438546
0.33429866960486077,0.45546761992660156,-0.22928572248564738
0.33168106861690944,-0.1525145600371761,-0.323250584807205
1.187954401063339,-0.2025038053014275,-0.010983326116225073
0.2071040103177318,-0.04193670162902244,-0.18992494809157612
0.117307950868247,-0.8879926552410866,0.20167007319210847
0.3481438579502314,-0.8297087368035581,-0.5932250250078551
-0.33549997882207727,-0.18161073598972532,-0.30184083524173333
-0.10058817638547735,0.43884291751628557,-0.4377556883555008
0.08361410392500676,0.29182196693942136,0.8571158744648328
0.09457015911416582,-0.6591851075224509,-0.23316660332875166
0.28119297391540643,0.6118866049563616,-0.6412154989834172
-1.8803605942232737,0.2543192274987538,0.5460137601260635
-0.4900304823127871,-0.7398762085409665,0.02208949252969644
0.16062463059536666,0.5820918584593018,0.15626257238159103
0.5884650733593748,0.22107139855314054,-0.12456657370303154
0.00753108477318154,-0.27524891522533323,0.24307066818863313
0.3901912125065396,-0.5845038929151699,-0.583596751422238
-0.12090913492617748,-0.12441069185442206,0.1560278677908268
-0.25170136880261984,0.415250273335201,-0.3744460299603396
-0.47156969785300273,0.01165266041293074,0.3103509537181253
-0.10368697454617341,0.010259905227190218,0.7023076665920769
0.021950535370431012,-0.2112523675328617,-0.04131379143204107
0.5986966735230319,-0.7542454694881601,0.8699014831909274
-0.34972260022886104,0.23597458911916216,-0.13287362685146892
-0.40611557605724313,-0.17064422564071197,-0.0008005247737140342
-0.6690083711609209,0.1058912676864103,-0.2945832116700788
-0.3287275004388261,-0.36908005566502,0.19643701367637023
0.7722531349280255,0.6983058817341388,0.6617086041184068
-0.4857682568103145,-0.5207403495139238,-0.4556852820711378
0.4025706491365479,0.2108658637989554,-0.3887111369839674
0.49171416876587953,-0.3412188880799494,-0.6849732338248813
-0.4079443380143055,-0.07832494266502213,0.46154046608738575
-0.36670447962947084,-0.5564879205573013,0.14600711646814035
0.3590711310895518,0.726227968169743,-0.221389862154532
0.7489779716325775,-0.8691185113458068,-0.04363222688510715
-0.28067697719438334,0.9419426389118152,0.30176702223324436
0.3142820851071087,-0.5336436060560967,0.17225208926658125
0.16289557155433498,0.8033725998020105,0.40312873018289863
0.05984000643024251,-0.8390007425956729,-0.08094041025247421
0.2167618034857496,0.43240700022967987,-0.06079430851518958
0.9759486899372766,-0.6613199198967418,0.13486812821908445
0.06909358493926834,-0.22051162639614846,0.40613456594087294
0.45342794758410043,0.06432647620795362,-0.1875093239804846
0.014691166998962495,0.3952766659205587,0.45924119134970653
0.2920504643031523,-0.4826183653226476,-0.36522827041754635
0.1071231325243564,0.1426103817356679,0.0061974750209908835
0.4897810591325844,0.36021247483383645,-0.018909632473806247
0.30372466810487003,-0.14543620873302623,0.002239965290568042
0.09914434855906801,0.4825474661513292,-0.45195502531890125
-0.6483988179024652,0.09600288005660429,-0.3358500649410367
0.7202276679604351,-0.9972564318491328,0.3887236194496769
0.29336599601814173,0.6977900671563302,-0.3629364177427793
-0.4235663661248109,-0.028264017254073237,-0.09686857583378122
-0.09527017598031048,-0.05870254059244322,0.8386468453535828
-0.0029578838415943633,0.36391524985640533,0.2070332103592692
-0.07410433938211466,1.2643095828584103,0.22295583936682314
-0.611307111526888,-0.22583049932864377,0.5084375863618064
-0.45490687700055527,-0.05079170699448983,-0.3457511094229391
-0.16768257925879368,-0.23303045715948797,0.4288482579787206
-0.012911549514952964,-0.22217834462139138,-0.004993929372752448
-1.0084410259765497,0.5238745524530406,-0.22917139837747771
-0.27851114386421383,0.3084266160702135,-0.04588931218648862
0.5463568551783649,0.5201656419315893,0.03883320011696549
0.24356772106991184,0.1690437724095524,-0.27502166273818723
0.07735393475789912,-0.31055503869772555,-0.14914690749487547
-0.444788501228642,0.05114221114567605,-0.11699192232373767
-0.7356162634951628,-0.11910487601576858,0.4266843794319677
0.6202217797482742,-0.41294819175267883,0.031219906186423813
0.9229844051452228,-0.12861654661117428,0.19250465898522007
-0.4236285249959605,-0.22400876226476046,0.32688143957783145
0.7294004934320661,-0.06533011887023712,-0.09781604877866884
0.09540379885908143,-1.6631917107076046,0.1858371845869782
-0.214781840350108,-0.5572083641980362,0.4596927464004068
0.8025593491207565,-0.1890821772181987,0.2430924856803596
0.44478226369999674,-0.03527266878091976,0.16125461520382006
-0.6963665514131625,-0.6152250473248579,-0.17760070014726592
0.7436299863595185,-0.10655559033947232,0.1833512843082244
-0.21158783363195932,0.4042063184132653,0.4739701363965202
0.11882500323503492,-0.5543448994518608,-0.4069791120751297
0.4286019204413601,-0.2621606606635447,-0.2739970214576612
0.10057166218672042,0.1134475401560503,0.04941008982004122
-0.09278498079981776,0.7748799643536175,-0.31547927172427565
0.5960115908605023,-0.325203861599326,0.08011984857262569
0.27817839370512426,0.4867331836859082,-0.0563552275894007
-0.3329106097619319,-0.20762844758175436,-0.28376440318596396
-0.3354210068535956,-0.671655631802318,-0.4610030796288653
-0.19563818358536578,-0.405200234799697,-0.43997721707351045
-0.07165082676763712,-0.11782624571305955,-0.06672954857160592
0.12324588754962529,0.2809042138609397,0.7489057313102971
-0.4640462711340135,0.31777595373970646,0.637995905947226
-0.09069737773376971,-0.12593132413122224,-0.30054329592528173
-0.6807658154057432,-0.003126916179006907,-0.033273292975540936
-0.7686455896093889,0.07790301987970706,-0.09405968335872628
0.1488341914552828,-0.10604781164007858,0.9268710589970368
-0.2775385599656153,0.4246060305019363,0.26399331520117914
-0.7380542142140465,0.18580388643774906,-0.364191089493036
-0.3795847990830832,-0.015653751857474973,0.29607647405185367
0.060247183883516284,0.48727928617715144,0.05038260610101419
0.3190751614280992,-0.5996080806739315,0.47623687436937406
0.2089378054611395,0.35683758184535763,-0.38995586277091426
0.3811523197243789,-0.46240228295652636,0.333591912748407
0.17847798628279893,-0.5444645207740195,0.3091821332005854
0.38954949094183544,-0.3034581525977663,-0.2997701216487495
0.5101168343679865,-0.09536671484674578,0.4734689352676683
0.12287573304632927,0.4858873557405248,-0.3041401225545481
-0.01850552714437505,0.2549034545039967,0.09623422672969635
0.17384013555919087,0.18542406342116155,-0.4123270721598971
-0.4739170078213182,-0.5678971987554133,0.10854916405885506
-0.07668442024985059,-0.1672748758974431,-0.5568121554996076
0.45358139149557114,-0.22993229921908154,1.1130562616450408
0.08750894878198001,0.43858485952945736,-0.09907822071292008
0.1284996463805046,0.1552059354959191,-0.5717668909204344
-0.14380694175676995,0.34845789183065046,-0.4089366823343963
-0.3055367997430872,0.31183203190669373,0.43698064778190393
0.528549151662139,0.4058496376483348,-0.1496358264526071
0.06864878618341126,0.13518341523087615,0.26635654213608523
0.6377830972501152,0.11449452590476042,-0.48747245751385243
0.5178732303121407,0.4074033882077349,-0.16024561789327957
-0.42184905781907767,-0.2993546570218347,-0.169804435377516
-0.8659059273184925,0.5362439401542074,0.2517381384962286
-0.34629939495553264,0.3208717540088684,-0.11596946586099995
-0.08555053767881551,-0.06907943226447111,0.16490186682829255
-0.40702492580524446,-0.1654318874576596,0.06829320910264258
-0.19945727658289897,-0.1487438182915866,-0.5588443646899383
-0.580990738823074,0.19754653369553438,0.16991921439038363
-0.5320483057306179,0.5332524453578737,-0.43107286319175436
0.3930177658549535,0.5194937306392758,0.263669611623461
0.26025053153918865,0.22830075558405274,0.22911728753002703
0.29657584176474244,-0.5556907629546269,0.8380816532670047
0.176860968526367,0.6638409317915995,0.6620439450632112
0.19681420791494172,-0.5637853319104038,-0.3873777021740036
-0.20075218083298094,-0.02329586448156433,-0.6382365011634865
-0.14483087576207743,-0.28889500095948,0.0640746840087087
-0.09355428436593274,0.17805024858226057,0.3105341975642585
0.6237493710683344,-0.14645488429638265,0.4598804250416669
-0.09276349333880729,-0.6907178617494871,-0.32974057367845566
-0.572715606047077,0.46998774429404017,0.34637051891879334
-0.6853265607053195,0.22875996249110947,-0.913598235103064
-0.5325481335094224,-0.30526557283856726,0.6646496368504792
0.3909478458904049,0.09827457526283245,0.2654752387461027
0.07998380075207528,0.016350169825589678,0.044772995284438025
0.25419603868530327,0.24923705692997195,0.7944706563635132
0.5887110580980361,0.39158746083999973,-0.1181277229136618
-0.13067790043407296,0.3055783705334992,0.27394848402500843
0.24187711913118007,0.31292323906504543,-0.9545166684202812
-0.4373056216078619,0.484516528727467,-0.04623544150781733
-0.10717847029165052,0.17785566499099245,-0.6784163753197345
0.09342367192042761,-0.1880064631702747,-0.2681174433269731
0.31516613649857955,0.8910166617560522,0.1894585635248178
0.49909816448559513,-0.03950809697072,-0.6025650444055914
-0.06455146817954441,0.4558453885774355,-0.05849263193895203
0.22061061338866816,0.11916046798155949,0.006008899512867705
-0.17744670601675258,-0.13111589300985785,0.24879324456460342
-0.8376260926636885,0.25897411639318485,-0.1402492722720734
0.961709009147304,0.5563838189007437,0.025160063710776642
0.07999924568406488,0.39898155272313207,-0.5832083482766425
1.172204141571121,-0.2056184478289547,1.0712687827836862
-0.7910144516915159,0.4994331090836163,-0.02076189535418076
-0.8222013466246239,-0.07716966354959316,-0.7339040899626617
-0.3460408611926784,-0.6173588734720309,0.5887442796654209
0.608423754336425,-0.14702153832017545,-0.7751636210743919
-0.5396107325588411,0.3307985920093756,0.5073252144100436
0.022941164476147802,0.3271635404254789,-0.3276793555793688
1.258291110531196,0.30947141975063264,0.7020061731924715
-0.4783258421538695,0.7422896426887982,-0.05542088253978072
-0.5055483230805533,0.37273514889012527,-0.155040593671816
0.11305481167351551,-0.871749829189848,-0.1410335968645816
-0.2947725169303581,0.10665754961980173,-0.23271459484336923
0.11050281202033424,0.4244769620339092,0.6937178669597251
0.01129095177787795,0.5122449286712439,0.2952455570833122
0.35967400122432225,0.22718487854217845,0.07551652399315002
-0.36904901359863723,-0.5466286535850458,0.15522833835301886
-0.3129225531491065,0.10926856876309513,0.45033471275595505
0.29750191693672046,-0.26186718842410317,0.5004893476305117
-0.07572112836546344,-1.308068709830154,-0.45000242346632907
0.04141849802130205,-0.5092405634309584,0.2336062464601494
0.17501973582052072,0.047261564494846475,-0.014239591584642969
0.9917708463222243,0.4654722032518301,-0.5557772743080498
0.3904516282887319,-0.08553880102804223,0.3569396224852698
1.0035951091248057,-0.12802883565050244,0.11678511376027428
-0.6160766777950781,-1.1058646286292677,0.022015388409417996
-2.5356248336224274,-0.4238350421598386,0.384301035649124
0.5516898282981784,0.0722505202652638,-0.5796666397030529
-0.330984600464044,0.10100016301741317,0.3511904699563448
0.6981770415565006,0.16150686039545661,0.4237144416719115
0.2753005099258229,-0.6012218147554018,-0.4438604256968242
-0.16897742248197978,-0.13165537453851522,-0.4229499931672651
-0.16037918121776149,-0.3014654893119515,0.12169946214292537
-0.3083760378617523,0.10279790280978093,-0.0643044771884151
0.17797005053065812,0.3971151630158892,0.11487971943362128
-0.44327436652396657,-0.5318309555097731,-0.1611460062636078
-0.47453255446993337,0.9712373578406199,-0.5828855620466789
0.5604164112150193,-0.25890227374716185,-0.1981167173340965
0.0199475406563661,0.3348298651366467,-0.2565944662354781
-0.3701405307847745,-0.29754102006359234,-0.11795016108251619
0.11150094329508575,0.16840264795402443,0.5267304705863112
0.1942861679212264,-0.19518481896635612,0.9450471974845152
-0.37018326574807936,0.3185757775637726,-0.4693117348139456
0.2839198604279797,-0.3715674354131991,0.12523061047272488
-0.01057096985302214,0.18530512379230818,-0.09923553094986104
-0.09341219399011981,1.0301065802071974,0.693753105461241
0.03021668681343824,0.33289559493502197,0.41044062879443965
0.3803102482889221,0.053461085113427995,0.5206279949669853
0.3905593174412885,0.016801448018471443,0.18607406428762818
0.2953493766201199,-0.45193860086600507,-0.06203970896444955
-0.24756621082023905,0.46450464391170976,0.16188003786468763
1.0167573392574063,-0.45582259627216154,0.7231043713621162
-0.4940858337333254,0.3208165565574513,-0.10830924563571045
0.1216936648247614,-0.0981199759992708,-0.1222489525550768
-0.6623478718876079,-0.3559487423665715,-0.6456054218111202
0.20950780587298765,0.21960200837556376,0.4614615695475335
0.21576486567604564,0.5080785434793267,-0.6518809114392232
0.3952224430451885,-0.5808592219751822,-0.03839798412845466
-0.07165301076103975,0.5876070387559915,-0.5142594968320887
0.2459791003037927,0.26136069330650835,0.6823905563646054
-0.5474524629232824,0.4266501902172487,0.33279934227277863
0.4075406192368281,0.18463631049379398,-0.4027731940345521
-0.0938674006065747,0.3732060904979601,0.591060649099369
-0.051083663923373324,-0.4827645008168068,0.7775580155681626
-0.8600644267883781,-0.6241502334079079,-0.3169510465433818
-0.11430901900201185,-0.10467792548121171,-0.0825287428124173
-0.7223491563940125,-0.2025396754808798,0.2805830389351276
-0.023155517807997794,0.18588839915385774,-0.018969294019540534
0.2769225085079717,0.011300319381678026,0.03282304826952716
0.507424003429603,-0.06553060913278741,0.12468878024130162
0.32352555421705187,-0.24069879954108608,-0.40262448599717604
-0.01675410597446192,-0.30269421843794153,0.5771362322451001
0.4549654632262646,-0.2591520238930721,-0.3317459058242972
0.3688970769559857,0.34823210828580675,-0.4508869199168979
-0.10423701850853069,0.05173511614240638,-0.3978318934510927
0.8436805656375277,-1.204347139725881,0.005915546251230197
0.0772807760975552,-0.2970254735901872,-2.2139233055608947
-0.4572225165769315,-0.47930770020428975,-0.4026983460603769
-0.5436190411998004,-0.49940129311624815,-0.24249824590916266
-0.5682560914523285,0.20998440472323787,0.006026911209907726
-0.2700938183401455,0.44260395274314707,0.27649716442342814
-0.468263348850414,0.569030766303533,0.723873617567598
-0.27771864954802983,0.39466829874407616,-0.5142064810918308
0.30941241842358663,0.28801754407688174,0.0692603982294401
-0.25333517237891867,-0.2683064938844058,-0.04542434744063305
0.1700314524913083,0.49311389005198847,-0.19299029943963997
0.3398557700114333,-0.060848589200816317,-0.14292247181243214
-0.21251539888477505,0.02588610196408983,0.20922306899264423
0.026098915833380726,0.017730063525411066,-0.37755435384102287
-0.16766847410783178,0.8690254984706083,-0.029927846410127287
-0.03274760116531904,0.16413720919110691,0.09035484696146845
-0.016971947774935325,0.3254528276631786,0.11206067746946122
0.2781500009624727,-0.4427321387112516,0.2651167202902374
0.3594583456457914,-0.06611797762199559,0.5529098725331498
-0.3132180998845234,0.2532462889597992,-0.1932611861010607
0.04966177937945708,-0.09839377493314212,-0.12778715511318822
-0.0190871581485072,-0.08641359921228642,0.21191523661103184
0.4675615187006218,0.17557460099205707,-0.30314409417916877
0.7916729008232524,-0.1433340193046544,-0.9265271986247965
-0.33059041615328877,-0.31019365867392945,0.49481967302567964
0.4430279834865527,0.004661410582402936,-0.06758911836842046
0.7438353997125133,0.004877474647632787,0.20582040714551147
-0.5342615287118988,0.32316550929045906,0.5699626421679325
0.09044622593060075,0.03563344115448491,0.31875623289500576
-0.39150135909493455,-0.6559966878615109,-0.5084853248775402
0.10484350006013116,0.7259546701192932,-0.28697016212091025
0.40176478014110595,0.04520906135113168,0.0474345096005201
-0.2393153632635352,0.5612773884166894,0.1557252984082126
0.20551803362800009,0.24065806881888152,-0.27424135857345067
-0.11990881493054886,0.19157593340499524,0.007730955068807777
-0.03586706060393405,0.1618296990265218,-0.011328056013368774
-0.5118770044709704,-0.851513683506468,-0.4557219274670852
0.417513859757338,0.19452067620856045,-0.13835749495138616
0.6881692545872273,0.7404152634031008,0.07668506430413005
-0.11288709846744371,-0.25327033372517305,0.5040358642278737
-0.12482164057885278,-0.2892245778698717,-0.38384092734878084
0.17404659087667254,-0.03860945695867743,0.4725848052704269
-0.8002178679454068,0.2203008031812225,0.2328175020864504
0.28138776767721285,0.5376368114351039,-0.041306745000424694
-0.5268569688338615,-0.01486770866364892,0.22845186863333874
0.27670239069526503,-0.029472439249642685,-0.2544123182918173
-0.09387602192366848,0.057750073196331464,0.3197229994852681
-0.338765061022807,-0.6509449024870869,0.38922760512950905
0.6222661321349995,0.12278123061810994,0.4463786828701279
-0.027967650216324025,0.10223799922025201,0.13642809807959194
0.4197417052795022,-0.60089254510627,-0.4181372087672264
-0.5359230820821272,0.3042164934487229,0.5336597236964301
-0.639450949547704,0.281174978932176,-0.5231554486315431
-0.20019186636796932,0.6384973320961689,-0.3331177290312249
0.3585805395453084,-0.25548120088607745,-0.30939418488038095
-0.21449146380460396,0.17631252867614983,-0.2711833197193106
0.017521543568531084,0.0481212815226088,0.09856219434097066
0.8859306474979156,0.7796712096622839,0.4860123293902002
0.5522880734102347,-0.42260774224749775,0.31131932602546075
0.15126958714504696,-0.10684594610626921,1.04423210278801
0.03819897108798814,0.5125506881204647,0.16376770765566667
0.09926170032921816,0.4865021393034246,-0.3787184268752972
0.1538185055086656,-0.35708678435333124,-0.18521168966974444
0.03387056873977651,-0.33637407907610384,-0.6180468962256709
0.03815044350377686,-0.6653160225888134,0.12566853316869303
-0.3782934059188293,0.2844436818889171,-0.4019151574181181
-0.20714065175563884,-0.5925834464269228,0.24846339692402322
-0.6069909225254655,-0.24388933716124583,-0.20128941722103796
-0.06892740082834156,-0.287356684235132,-0.33404966008528125
0.8964436893479173,-0.40688175828384404,0.30494158651446057
0.1741999073256343,0.4229437904093418,0.0704343718486781
0.5053699132510631,0.3655062676321099,-0.9256222713330239
1.1043506409611172,0.34020238638868955,-1.0814758563931768
-0.3915050849792398,-0.5002324971847307,-0.34476143343511145
-0.3122794212402953,0.1090787454407761,0.7324750142266583
0.16717372352486334,0.5604648922775006,-0.010347060109013761
-0.3268560970153617,0.591495285404591,0.750021003752042
-0.2997972976172927,-0.1570288366395105,-0.4713129051589708
-0.4132121833928465,0.8969974249477005,-1.4314554053236126
-0.32168472973811946,0.6818994428422351,0.052465957754381565
0.15359379498942488,0.35414652748356035,0.08128741699864683
-0.03777558770717457,-0.49486268835947966,0.40038839288376304
0.606905819991138,0.21090280355483929,0.4737940404052796
-0.06708872607651423,-0.6278775182166835,0.6202261696506257
-0.4999693856946108,0.016309730776444667,0.6819092508293072
0.5765343222932212,-0.5786206557190505,0.5862486680330372
-0.11418690721940768,-0.22516934447335474,-0.4792505242617199
0.2746325473732897,0.18874520199516753,0.7959455131653379
0.9518676689936392,-0.07170152907393645,1.0439677686297961
-0.2534207731818325,0.42492099822113283,-0.2799916876353275
-0.32155504730411616,-0.2995341553121517,-0.049542384451593535
-0.6433662114278684,-0.01610989193732759,0.8756471922146796
-0.08243826894042959,0.16669866574719283,0.16876020246838758
-0.5458025877232001,-0.4124802614036326,-0.05066579843707675
-0.24900849145861076,-0.169026676189522,0.2041590647943331
0.48352234583186726,0.15600772940230376,0.3615691979677577
0.3388422695848001,0.43886242244061224,0.11542717224622488
0.35362809938890866,0.38653325006445627,-0.23816663002812616
0.16764121052497025,0.5879629010973992,-0.6848622406616808
0.2389915118727129,0.5787205198149284,-0.08790077967342533
-0.2837123237390264,-0.42105553502721016,0.7956027945871944
-0.45982875317840116,-0.1907523095398857,0.4817719924917001
-0.44048189225515294,-0.6310717755333842,0.0217773747947054
0.21315835552874007,0.8076636065745669,-0.1467402714059416
0.08566823863183486,0.4368952135982022,-0.3803070759880645
0.3361833203544834,-0.18596622751626524,0.15381342532315623
-0.6091306957484242,-0.1980396712234195,0.5197602320768894
0.8538946549667142,-0.27519760434434687,-0.2551477041164783
0.22488310919855778,0.6626011325569703,-0.5652722144111321
0.2535244622366519,-0.0717342236520584,0.39922476537846785
0.21627169968638923,0.698182394157651,0.18950057329807388
0.021623300946714663,-0.395483170000289,0.4818317860926198
0.6049631256741399,0.11635214009531053,0.5035918845023631
0.26377290755079774,-0.29453889268001965,-0.08377602389778402
0.17637086749474218,0.2115257107808748,0.8938671944425689
0.26638780129208384,-0.20288981293035097,0.9076287149889399
-0.2629285642927136,-0.39072061225749133,0.5692835078732157
0.38711299649845476,-0.02863366422246244,0.20385172894828818
-0.009080674547734785,0.6090486086147716,0.02842679286730177
0.032995657654429245,-0.1273863493268944,-0.4420662197653894
0.39759466275668054,-1.6004526903589937,-0.9274711537757069
-0.6139662658837693,-0.21134490233679137,-0.26370597488374226
1.0959620375188657,0.7548962948119808,1.022400743737116
0.10509301491401382,0.43307419238314715,0.006445407235645427
-0.3689997809527318,0.9983272234120114,0.5319183342642105
-0.669640701497014,-2.2942703267022515,-1.415443014329925
-1.9399081340360005,-0.0841929930861782,0.9189733777513128
0.05530293569417072,0.13507602917118056,0.28567128769638367
0.9308818178942299,-0.3810184719470683,0.22657464960618387
0.2727122932193055,0.16781355437097054,-0.5601616393940122
-0.1591704218128915,0.13894090423876077,0.240806362265896
-0.3431156123658994,0.21120395491681415,0.49415781196412967
-0.6854039749948122,-0.26766004976003044,0.06100505983184755
0.5432751596925718,0.12078646200900323,0.0072838996131521505
0.09412255555968665,-0.26201181926492695,-0.09397166835695588
-0.7114239086736851,0.9072851024866244,-0.35303174675463056
0.4348491271787692,-0.006591792489189396,-0.19343224492082658
-0.0036318941953248918,-0.00046373627736706613,0.16855276055712884
0.4805241632553806,0.6772243796677737,0.21397591003233654
0.4774462607073462,-0.02737275529531047,-0.39589178303874656
-0.1984435001784281,-0.29795536259015665,0.8036905422426782
-0.6766633523662253,-0.5488578301416726,0.4924882901181741
0.28014282586144046,0.4146420741094128,0.05455607274581394
0.14542899407957713,0.21062702877928507,0.05092013813866725
0.11546612899163965,0.061036991586501756,0.015761267767924303
0.16630450048829892,-0.6979269526127763,-0.30780728359451737
-0.2102641499393723,0.2865632986573637,0.6532154618893471
0.2589153867410792,-0.20504455188676587,0.3666155670013196
-0.4793459646342121,0.978804407295585,-0.15244992085377676
-0.5314972525482607,-0.05869447576620555,0.004961668598423452
0.21611691320393878,-0.7383011196270782,0.6144543231117536
-0.3132281107462694,0.6895968755115174,0.6210053636010665
-0.4387981023443406,-0.8306832045690665,-0.24581427979087977
-0.9791668347514051,0.1726878771689392,1.3567165304295459
-0.2853524404370844,0.17240221443970863,0.5267696489198721
0.19179905955648532,-0.08366227069620896,0.5457677768206032
0.18703946261715843,0.12518436078039474,0.48111642535829735
-0.10594768572744923,-0.5936814841620716,0.5530119447495093
0.09512833374440594,-1.0069401509204199,0.22291418504208776
-0.01564433402471023,-0.11792841528061035,-0.4743936380057021
0.8526105836209825,-0.5552601705390217,0.6424745367107301
0.5623293710127187,-0.45385495637724593,-0.40855585623757495
-0.22722036081344452,-0.20191805452493872,0.11319727245435335
0.35275583187418286,-0.4106611433407193,0.49335922821640366
0.4312263132846287,0.3793087749327849,-0.5519870563528425
0.350128524882284,0.11562399630168513,-0.18814603995872553
0.02392444186075813,0.32071275916887365,0.2589185800825634
0.16255466791772993,0.360837829794428,-0.5962420962642129
0.25151278097825847,0.011258801680640407,0.07076870625558948
-0.8536198829623445,1.1671224897105836,0.2833571756083596
-0.4022339814611713,0.17722541584784263,0.49470867725569206
0.03255425164075054,-0.10632297963395781,0.35254375459534737
-0.18528151942522852,-0.4743508801940918,0.19949545002439525
-0.1554830837779636,-0.4991397819159509,-0.0372044764391112
0.246541782583859,-0.2726796803918139,-1.0910589188057935
-0.8260659879924679,0.18844725465197312,0.8733840500571706
-0.9569897895506042,-0.23376538963595705,-0.030241595638025615
-0.1619050748872291,1.046186110940415,-0.2913223807103593
0.7300682431276759,-0.2587467422610822,-0.413220382095566
-0.8447615685454168,0.37602118464819057,-0.3280657869470922
0.650546371166431,0.7308973940252605,0.6203624781301471
0.06980651876473104,1.082249599026729,-0.4565060224246964
-0.24908096276908126,0.44291804982469235,-1.0442775324300728
0.180124307838554,-0.4780452445344457,-1.0977222351114924
0.1542906550053797,0.1469191814135585,0.7919840619586069
-0.46929927768726365,0.30057289930201286,0.46061485015157394
-0.40227784249510495,-0.527990198296329,0.10537272278592913
-0.3850438519325666,-0.3797954488176829,0.3636654669116235
-0.8734645698182077,-0.09086298295708936,-0.4081472767892081
0.11134998499583854,-0.3164613366353581,0.3186821528154337
-0.23714100266740062,0.09575611260977981,-0.22719925980010885
-0.15722250749091957,-0.1893189446812356,-0.07069184969150083
0.039584459254089766,0.27373276677252134,-0.06759069821823468
-0.36580831984840284,0.7416312611160081,0.12455667933147072
-0.6145602426686498,-0.17123598177699859,0.2011274192245848
0.10140784902585367,0.08399900387936649,0.09780456741151294
0.2629557841094009,0.01966119548744181,-0.21806783305230687
-0.3290649101398001,0.2870734448283366,0.4778489730708602
0.2781564137812468,0.39145585945639083,0.6049401296153242
0.20648370072042627,-0.3117381859868382,-0.17164916562679233
0.1907405126491264,0.3582511379836572,0.32476796302980915
0.651937217020101,0.4650998778404047,-0.3368681773588168
-1.1488772104957379,0.3973568096901422,0.4336919752992172
0.6436033843211979,0.003254994582726753,-0.22910916128056624
-0.1482062949896219,0.3032206320728817,0.18728008569428373
0.005565706386876812,1.2814527654485504,0.04749950862745408
-0.6474858730606441,-0.034336971079483636,0.12040244744196352
0.17591539371666176,0.16917952297180602,-0.6520829337804361
-0.6853213690360647,0.12853541315571354,0.05745743782812724
-0.14378850436357693,0.21079882504699174,0.9262157064933794
-0.4152896379398538,-0.5102133874950592,0.2322253727342351
-0.3199110250782495,0.4936493954746506,0.11416354520697257
-0.38601594300194664,-0.2646643468866964,-0.4743881982541388
-0.06161426781481617,0.4753558529739707,0.5647684545705991
0.038760223511477454,-0.8218716100130288,-0.11642721981572476
-0.11203053430779308,0.046930243869014725,-0.18905407326852247
-0.24947355323489956,-0.5115185130477042,-1.068746911932777
0.7463035360777353,-0.6061708475512719,-0.35847597794232067
0.24439301451455053,-0.5725237131415233,-0.22914179703263685
-0.5543441103564668,0.5027700230117443,0.48092030619134046
-0.5061285994799427,-0.060885311302892375,0.08499423412431338
0.6410102954137172,0.13535125580405177,-0.24060874286094175
0.08365212567026273,0.471458802611055,0.5542246374317105
-0.13995360856707767,0.08133724047378996,0.16994682031168826
0.3674946754237689,-0.7533354397334084,0.3975169247178134
-0.20706542148261065,-0.035394460009478594,-0.1289056063834661
0.6288338714859261,0.648137427852947,0.18153006222348325
-0.7114786883043405,0.6412902032362231,0.5320711920809018
-0.5078808377531299,-0.12161510800277525,0.45336302323420086
-0.23064518983938986,-0.4661965469806414,0.6087936415725224
0.2757330554656979,0.07276282398188755,-0.021501517736238443
-0.9577592445895997,0.059594107239996225,-0.4703689151691852
0.2840883868564945,0.44785208070587434,-0.11024992127928537
-0.831450188326639,0.1557797446796872,-0.7701308625352653
0.04695389976547548,-0.059530806314905926,-0.19593836327573694
-0.14544137486963166,-0.5479758783584069,-0.20778836691854902
0.4638859334081863,0.391427773523108,0.4033683332923821
0.017769244903385592,-0.37923108159211394,0.516279689803238
-0.5207176207055426,-0.07179364867086621,0.028254153588463338
0.05219632519590535,0.8009460232653625,-0.06414825643813032
-0.21746580503472343,0.17250976737795176,0.3194865444463818
-0.08072494331539765,-0.061167878462145664,0.0762199972629074
0.3918257750277212,0.13849476038947955,0.32000414598655996
0.44484657212970047,-0.9161670576274467,0.8585761953146297
-1.6520987965949447,-1.8721954849898637,0.8422720213379664
0.10112035005298692,1.1492252780066463,0.33603288015308574
-0.2792275755251139,0.252941520310801,-0.5734341894661104
0.7883208758404388,-0.3277379598906062,-0.08991318977555585
0.5964915084213488,0.5215434329115859,-0.46399700156237833
-0.6310626104344251,-0.25074696852485695,1.0744512636967605
-0.6035657799413061,-0.017917440224124462,0.15191870444241756
0.08995870553574735,0.5281113819590937,-0.42314716730712454
-0.18035957907678907,-0.14483475946894875,-0.24044231407360264
-0.2014812614931647,-0.1315102545935483,0.12371532081045054
1.2069535921205052,-1.3904388964133636,-1.1079091242150858
-0.0081411642039809,-1.1892791509567084,0.1283408644962183
0.014764766537762042,-0.0837393515244451,-0.49188159066027565
0.40280693549097346,-0.17657536740425922,0.3464191871280371
0.10072495783402499,0.0970933557113231,0.43743223536087544
-0.6817191973484671,0.005176511627126651,-0.20223638113568648
0.3617808932733801,-0.3308174328307239,-0.14731539612108951
0.4685353318339498,-0.2508679991480339,0.08421183459523959
0.2489422526144338,0.45105834316625054,-0.6107519264293279
-0.22650041673338756,0.2416808247315856,-0.22564832683113784
0.1317380173362695,-0.018903650009946343,-0.28230943108814194
-0.1713982173871555,-0.3561703310508922,-0.10876404242837936
0.6339096521797453,-0.10957121757984822,0.39434956821341577
1.0443535889461408,0.700733963284738,0.08275791609269444
0.13904537339164996,-0.7033577007089008,-0.2908559609092158
0.34581032474327755,0.26886849372177346,0.32739635831320696
0.7091163543592274,-0.6126897259707986,-0.5898065510438777
-0.0285999818728237,-0.5004797456298072,0.7774633691335733
0.25259348751617416,-0.4446432887876487,0.3135840101857157
0.4189976913851043,-0.2714043666424604,-0.22589211673851495
0.05342204517842894,0.12514436092189396,-0.7304610709209436
0.2825112847403054,0.11321129269431701,-0.6078810353804669
-0.0692743533359487,-0.09768975786949056,-0.4701164988733766
0.090825191116819,0.07055196443259804,1.140380441594766
0.24016670434624243,0.27163992672355264,-0.011219716802308821
-1.2403839925672016,-0.2548176185198398,-0.1929298436681494
-0.1558117295337168,-0.8777841823214378,0.20312818956290438
-0.8415757488626674,0.24668374466177195,-0.72629224899153
0.2279332276023417,1.5110838923570589,-0.510519859449734
0.8023842559796079,0.19663550505476485,-0.21094094893006085
0.778794177743569,-0.6922244851804086,0.052471708447054136
0.33986278809483217,-0.22628393519319917,-0.31655120531598524
0.2738363085799831,0.17555096537496373,0.034960011832450524
-0.12072954168314916,0.05191098308631807,0.1466821487522802
0.6415191546281347,0.4760404644608456,0.7326244907680023
0.7576236607654916,1.0249722939188166,-0.7976495237502987
-0.9072678017415279,-0.7678131028316313,-0.8117756156962632
0.7069855350825257,0.006357341045185483,0.5114848926832601
0.2902447263322391,-0.10077827077076333,-0.4931146038701372
-0.19295593546232534,-0.004236512718395313,-0.2640147364934675
-0.057080499963749365,-0.2915926814387014,-0.5735466294500996
0.038946578826132595,-0.11274747345558092,0.2647620668146746
0.27111144666829445,0.38705159054847676,0.6936687506636772
0.5817187583482468,0.10083841981417563,0.5370566631836782
-0.31673144849134754,0.464568077857297,0.28922417148662805
0.4927649300836981,0.40274165091573155,-0.5498794756045513
0.1482877004235153,0.42065007042565167,-0.01929904303002286
-0.6396421935136147,0.4748004010331584,0.31294417567976807
-0.01880125352202594,0.21948829127489122,0.5994897548151548
-0.2941481809308332,0.6946406462658613,-0.20999652314932335
0.5780659956241176,0.9138208417180024,-0.6929135062665077
0.15714040334437995,-0.9799059159101075,0.156035705700723
0.22105436392851585,0.18942504591471532,0.5575684696391726
-0.01893207608732243,0.010963477067387872,-0.9322354737035697
0.28707253936647137,-0.0933371619797526,-0.4694973854628881
-0.07759439619971091,0.6518718701888361,0.05140532487353627
1.1183615292146238,-1.5152410646766348,-0.07883826156211457
0.2014449987873029,0.3681374527745015,-0.31529157353542425
0.6930861946316125,0.24647024530727935,-0.47215910323852955
0.128497589920983,-0.575938018587437,0.0899030224121441
-0.8538010821526667,-0.20132736642946425,-0.23276870428713425
-0.7038884908386083,0.4163320553209936,-0.7491086110955574
0.5459065826705344,-0.000720330089204347,0.6642948657687044
-0.0021911755023334423,0.6664612498765178,-0.4824724320868883
-0.02530607726321865,1.456504388711118,0.3542147480997188
-0.16938310010494317,0.5979025482660018,0.8082074175692843
-1.005863991647446,0.13022837542831348,0.7633857876199879
0.6804085296026448,0.4574916167574856,0.9492297724565077
0.15531087829459145,-0.1834497127091629,1.3034741090319883
1.4091263619283527,2.002540689288564,0.5162728108180719
-0.5240067346808527,-0.02686622512078231,-0.36978683152376157
-0.7468905780555812,-0.5741043195424614,-0.35649407223055707
0.40145031899252376,0.03687632373069402,-0.3461968554264298
0.19819123313887366,0.6538961868032392,-0.28854182257880523
0.3286340212956551,-0.07960181966059152,0.3834071998405973
0.6790807296153132,0.9690581786480257,0.46334223954987774
-0.540780047385184,-0.10902997583083807,0.5969346919126237
-0.2665140636967134,-0.7555322049945818,0.022065559102760035
0.10229153259870331,-0.34044748742932357,0.02046348894682827
0.5347533377381282,-0.4395516875030778,-0.3627647775989069
0.930740723050621,-0.7257877096955034,0.004598672734508258
1.3357738757863817,-0.2305296612948379,-0.07487877993862824
0.49782922932379564,0.4747924352660818,0.32772747674011526
0.21141303832288344,-0.623535819278452,-0.09967456422779312
0.03440236384120861,1.2283221245652742,0.5891381675939978
-0.5318264031286466,-0.07197186750567594,0.19555760236277886
-0.5279097540706523,0.07907184238467879,-0.2096651858726271
-0.34054815571292574,0.07204996478837905,0.31945090591276815
-0.3789444758486762,0.5676543357889589,-0.01996363027253667
0.10815508080256739,-0.7837669960689122,-0.5522255591935806
-0.41560302045368636,0.6244476682335314,-0.07717856535945679
0.49410269996172224,0.627424531116907,-0.003110240918232199
-0.9523524158642798,-0.6493849034967315,-0.3640355264887445
-1.1189471794486727,-0.062185924379295696,-0.7351445216581493
0.8754840582546093,-0.418626318592463,0.35204021085071013
0.43867255668468563,-1.3588186889948817,-0.7121490509797634
0.4244488219478369,-0.2239955258880277,0.10517117453157374
-0.12604941502221728,0.9783312842419973,-0.9465807839166478
-0.40207596384629185,0.47512252197297494,0.300808645078186
-0.032968221421921406,0.32330193405759877,0.06073521860265749
0.6585196662497258,-0.1674072727111821,-0.7891152360232438
-0.2987778633149962,-1.1237938796785099,0.538160106765854
-0.08620741732000825,-0.32065619749355845,-0.02309237175251927
0.5526055300273266,0.03182391395395412,0.15451375889053204
0.5644954388986188,-0.479069995169606,0.6032426390048922
0.21110771412623552,0.6667910184369195,-0.4393681712961606
0.08684353213250241,0.16536079199056686,-0.039521942968218204
-0.41661326553273037,-0.10621185379452938,-0.5702001739704373
0.25155592510884384,0.13489997338348725,0.6465661667856931
0.9510036523911902,0.6243885274597585,-0.2957529940653946
0.1966775230977214,-0.10128827675035723,-0.9454859922749858
-0.2972960299304835,-0.5325224492478662,-0.06153290519979179
-0.37753323765811736,1.0025673430308986,-0.3963147383194762
-0.3367156972859053,0.3396623613309788,-0.19608328546698928
-0.40709901072377297,0.0690392742635197,0.5452215005743465
-0.4891962310777273,-0.07633052657087003,0.8668968180635174
-0.21253137301106578,-0.10791988695226745,-0.465475291331153
0.010563185651980028,0.261797373728978,0.7679016681595252
0.5060729796997822,-0.19720529773172146,-0.18737139525160748
-0.39813802444409463,-0.08950465368046193,-0.05416762490264304
-0.22033099886227714,0.03144503736415162,-0.6488827604941738
0.31103257931220113,0.09956734202599302,-0.7980324782021503
-0.22023936826385854,-0.3831141293019764,0.4808270915969872
0.3540221151683274,0.15468627264142032,-0.8184677781837637
0.4862832623222544,-0.8607447485723809,-0.06659820713511687
-0.31701109453305926,-0.5313163165457919,-0.11055625937915574
0.456428082892248,0.14920211225580565,0.7703553182646824
0.19290967506227163,-0.20779928320701385,-0.4974174248497629
-0.7556345559686043,0.2636021208946629,0.10198338406218671
0.4723749597342303,-1.0515991832634435,1.2709459885284393
0.19186243351962656,0.46726077875115496,0.6794213268787945
-0.22125084640255832,0.26361666701848574,-0.05687834562855307
-0.0312367870803123,0.0438487540374996,-1.9225294450538437
-0.3543463327779373,-0.5713647968596648,-0.3590644873129317
-0.12010412725384337,0.5903677227132647,0.3026984884527338
-0.1549495604332834,-0.4644506996956124,-0.324627361206893
0.40600457775356735,-0.050510445221549904,0.13907768835268516
-0.06823588823016558,0.25248271228151564,0.17511352254573082
0.3588762340356251,0.14911668117644922,-0.30699635087740434
0.5394918720149995,-0.11223657016563851,0.10722058652434593
0.6329883055396185,0.25997326676217425,-0.39649327352646524
0.042669076502862446,0.24810573981659448,-0.10937306917877347
0.15190230227385598,-0.0022938546173581903,-0.3133570620550464
-0.3384462699613382,-0.4405998806108787,0.03223998891871255
-0.415942804225528,-0.021832333344291653,-0.4911823039497517
0.18376015987248207,-0.3261935883964957,0.7439729163898869
0.9094108703039954,0.13655039378019745,0.3185887349511253
0.5833303956784526,-0.8065480130688598,-0.5419739874690467
0.03412009689756615,-0.36767212797353643,0.7073344995085661
0.678404288283516,0.49698404925202266,0.06643402264126168
-1.4148442064865676,0.023582948865991216,0.3560510054589231
0.6878945481689593,0.2668386822897551,-0.2603250008208018
0.6996064326056868,0.5105293273347916,0.11858876095285353
0.5311073715538566,0.18949188733378297,0.2040530954279252
-1.1268089564015475,-1.40737821911667,0.4742490639315722
-1.198986287829371,0.29963616683030525,0.3847390340502287
0.3838462747618808,0.7558177215803035,0.08968838263688403
0.21461217205924826,-0.7962986147816854,-0.3396218261577938
-0.0526065814671791,-0.043516459917261344,0.19286347066594678
0.5266409544685712,1.223556184203622,0.47275143025582744
0.4943448993766687,-0.28041278096907785,-0.041160349428145504
-0.03287099170777369,0.7683112562563048,-0.4924099240854733
-0.0608458841724323,0.2386577153234652,-0.5001045477670006
-0.17264374712567515,0.05694873115126381,0.20380440639528724
0.4666228406252244,-0.2510302327535509,-0.4075824231861369
0.7337971061584957,-0.22190513864481276,0.2693883693012951
-0.499028880672571,-0.3014005303206706,-0.04755905605699436
0.17782476634115693,0.04337226901877346,-0.20243700365335676
0.18753567865160967,-0.19662289471340233,-0.3298235731410418
-1.3159881942480838,-0.10724634762303034,-0.1595970696840509
0.14417510528753405,-0.019509552944471986,-0.6261747974987493
-0.590272569958921,0.21661112669052218,0.5049064970668092
0.24793256679800735,0.3793159712805546,0.4942670196350293
0.7827609329250022,0.10485624980009292,0.2562519490685529
1.4233177312126306,0.1711789146102908,0.3280318485022068
0.7150840869146157,-0.5623510756303067,-0.7067964140444838
-0.5711603158567073,0.19393952698636072,1.6582802620145936
0.765450596044237,0.1492738803914498,0.18624388827490868
0.518737079230303,0.38220863451777276,-0.28384288523551326
0.5814093999728291,-0.3233163913975865,0.23830636202003985
0.409880362435109,0.14963570661878028,-0.31134881901237155
0.2661140910318047,0.19160832886889784,-0.7967590144070942
-0.14058339361633782,-0.013821876399224962,0.21790128495284167
-0.5566918864388612,0.633809427647582,0.5718972518555575
0.22856870610937685,-0.02942370646363557,0.48321861954785233
-0.30054274757774607,0.5805615237555186,0.33797965295393906
-0.06865359113840602,-0.07207277437862053,-0.15741515395231406
-0.07356462831236313,0.8002365199503003,-0.2697085291126059
-0.38959316099935903,0.009747094203061732,-0.0787976435942504
-0.17434519135558244,-0.3931069905289024,-0.12548755667487493
0.04059845804899004,0.7182687093026835,0.02319629898429547
-0.38016810734666395,0.843966116970195,0.2733810842558735
1.8212062759680532,1.8287264175774132,1.2100967012438808
-0.6316619860104112,0.9999970397766522,-0.7531105785594215
1.4648932553407779,0.08224250344750825,0.22879476510645322
-0.27609717776389353,-1.5708178383901792,0.11614131064763644
-0.234264234197594,0.03943356860587982,-0.06061124575633901
-0.9705148962060607,-0.6805800132005134,0.6361912656630726
0.5048947866902,-0.6008125074062756,-0.5407508280555243
0.24108697836411377,-0.2408411550631823,0.34729411558840795
-0.16024251612602397,0.33139931506971626,-0.41586725290534976
-0.7032990246822534,0.7387274226536171,-0.06730958571256042
0.13951094444167159,0.09822056786244218,0.5544634795213979
0.22565064128089507,-0.3276012539460854,-0.7921283417752965
-0.3138480419527152,0.04481547026076307,-0.06396366320534322
-0.2166569145025747,-0.3993067892324518,-0.7061944773102306
0.46256893481564754,0.18316300596497997,-0.0741847715788618
0.10411724436184489,0.5636368487909351,-0.15862386787269256
-0.1975205777193011,-0.626455648872371,-1.3812390403684294
0.0604638960095001,-0.831729835386803,-1.2356791593647225
0.08199255423896462,0.6280426987874317,-0.2586218876788058
-0.23704467114605374,0.07907622225234547,0.4709197996427814
0.5725669403692776,-0.5316779115402286,-0.6073188121257485
0.08059153531442495,0.3195101126771671,0.5364938381757214
0.40251376014045415,-0.44600104500735194,-0.8784097681600033
-0.6938373809821501,-1.126010140955316,-0.2894482308489478
-0.10321732101447845,0.500794005893693,1.3931689896035417
0.5199609797072934,-0.0911899293058945,1.6787084302583075
0.1981278573504293,0.16904639323387669,-0.5440484807896653
-0.18101874213379868,0.3053033057512013,-0.08555674495523892
0.47152481919917444,-0.08960161975416508,-0.34916295808977516
-0.24328998669861818,0.28302262745796924,-1.0366067168525233
0.3776581516770225,0.3631854466607784,-1.463108204178733
-0.8949665572666294,0.6442336043999645,0.6853967417816448
0.3086883396369634,-1.0638664958635045,-0.6537308979942285
