0,1
-61.164,4.354978723404251
-61.164,6.971659574468081
-61.164,9.588340425531907
-61.164,12.205021276595737
-61.164,17.438382978723396
-58.50578723404256,-16.578468085106387
-58.50578723404256,-13.961787234042557
-58.50578723404256,-11.345106382978727
-58.50578723404256,-8.728425531914898
-58.50578723404256,-6.111744680851068
-58.50578723404256,-3.495063829787238
-58.50578723404256,1.7382978723404214
-58.50578723404256,4.354978723404251
-58.50578723404256,6.971659574468081
-58.50578723404256,9.588340425531907
-58.50578723404256,12.205021276595737
-58.50578723404256,14.821702127659567
-55.84757446808511,-27.045191489361706
-55.84757446808511,-24.428510638297876
-55.84757446808511,-19.195148936170217
-55.84757446808511,-16.578468085106387
-55.84757446808511,-13.961787234042557
-55.84757446808511,-11.345106382978727
-55.84757446808511,-8.728425531914898
-55.84757446808511,-6.111744680851068
-55.84757446808511,-3.495063829787238
-55.84757446808511,-0.8783829787234083
-55.84757446808511,1.7382978723404214
-55.84757446808511,4.354978723404251
-55.84757446808511,6.971659574468081
-55.84757446808511,9.588340425531907
-55.84757446808511,12.205021276595737
-55.84757446808511,14.821702127659567
-55.84757446808511,17.438382978723396
-55.84757446808511,20.055063829787226
-53.18936170212766,-27.045191489361706
-53.18936170212766,-24.428510638297876
-53.18936170212766,-21.811829787234046
-53.18936170212766,-19.195148936170217
-53.18936170212766,-16.578468085106387
-53.18936170212766,-13.961787234042557
-53.18936170212766,-11.345106382978727
-53.18936170212766,-8.728425531914898
-53.18936170212766,-6.111744680851068
-53.18936170212766,-3.495063829787238
-53.18936170212766,-0.8783829787234083
-53.18936170212766,1.7382978723404214
-53.18936170212766,4.354978723404251
-53.18936170212766,6.971659574468081
-53.18936170212766,9.588340425531907
-53.18936170212766,12.205021276595737
-53.18936170212766,14.821702127659567
-53.18936170212766,17.438382978723396
-53.18936170212766,20.055063829787226
-53.18936170212766,22.671744680851056
-53.18936170212766,25.288425531914886
-50.53114893617021,-29.661872340425536
-50.53114893617021,-27.045191489361706
-50.53114893617021,-24.428510638297876
-50.53114893617021,-21.811829787234046
-50.53114893617021,-19.195148936170217
-50.53114893617021,-16.578468085106387
-50.53114893617021,-13.961787234042557
-50.53114893617021,-11.345106382978727
-50.53114893617021,-8.728425531914898
-50.53114893617021,-6.111744680851068
-50.53114893617021,-3.495063829787238
-50.53114893617021,-0.8783829787234083
-50.53114893617021,1.7382978723404214
-50.53114893617021,4.354978723404251
-50.53114893617021,6.971659574468081
-50.53114893617021,9.588340425531907
-50.53114893617021,12.205021276595737
-50.53114893617021,14.821702127659567
-50.53114893617021,17.438382978723396
-50.53114893617021,20.055063829787226
-50.53114893617021,22.671744680851056
-50.53114893617021,25.288425531914886
-50.53114893617021,27.905106382978715
-50.53114893617021,30.521787234042545
-47.87293617021277,-29.661872340425536
-47.87293617021277,-27.045191489361706
-47.87293617021277,-24.428510638297876
-47.87293617021277,-21.811829787234046
-47.87293617021277,-19.195148936170217
-47.87293617021277,-16.578468085106387
-47.87293617021277,-13.961787234042557
-47.87293617021277,-11.345106382978727
-47.87293617021277,-8.728425531914898
-47.87293617021277,-6.111744680851068
-47.87293617021277,-3.495063829787238
-47.87293617021277,-0.8783829787234083
-47.87293617021277,1.7382978723404214
-47.87293617021277,4.354978723404251
-47.87293617021277,6.971659574468081
-47.87293617021277,9.588340425531907
-47.87293617021277,12.205021276595737
-47.87293617021277,14.821702127659567
-47.87293617021277,17.438382978723396
-47.87293617021277,20.055063829787226
-47.87293617021277,22.671744680851056
-47.87293617021277,25.288425531914886
-47.87293617021277,27.905106382978715
-45.21472340425532,-32.278553191489365
-45.21472340425532,-29.661872340425536
-45.21472340425532,-27.045191489361706
-45.21472340425532,-24.428510638297876
-45.21472340425532,-21.811829787234046
-45.21472340425532,-19.195148936170217
-45.21472340425532,-16.578468085106387
-45.21472340425532,-13.961787234042557
-45.21472340425532,-11.345106382978727
-45.21472340425532,-8.728425531914898
-45.21472340425532,-6.111744680851068
-45.21472340425532,-3.495063829787238
-45.21472340425532,-0.8783829787234083
-45.21472340425532,1.7382978723404214
-45.21472340425532,4.354978723404251
-45.21472340425532,6.971659574468081
-45.21472340425532,9.588340425531907
-45.21472340425532,12.205021276595737
-45.21472340425532,14.821702127659567
-45.21472340425532,17.438382978723396
-45.21472340425532,20.055063829787226
-45.21472340425532,22.671744680851056
-45.21472340425532,25.288425531914886
-45.21472340425532,27.905106382978715
-45.21472340425532,30.521787234042545
-45.21472340425532,33.138468085106375
-42.55651063829787,-32.278553191489365
-42.55651063829787,-29.661872340425536
-42.55651063829787,-27.045191489361706
-42.55651063829787,-24.428510638297876
-42.55651063829787,-21.811829787234046
-42.55651063829787,-19.195148936170217
-42.55651063829787,-16.578468085106387
-42.55651063829787,-13.961787234042557
-42.55651063829787,-11.345106382978727
-42.55651063829787,-8.728425531914898
-42.55651063829787,-6.111744680851068
-42.55651063829787,-3.495063829787238
-42.55651063829787,-0.8783829787234083
-42.55651063829787,1.7382978723404214
-42.55651063829787,4.354978723404251
-42.55651063829787,6.971659574468081
-42.55651063829787,9.588340425531907
-42.55651063829787,12.205021276595737
-42.55651063829787,14.821702127659567
-42.55651063829787,17.438382978723396
-42.55651063829787,20.055063829787226
-42.55651063829787,22.671744680851056
-42.55651063829787,25.288425531914886
-42.55651063829787,27.905106382978715
-42.55651063829787,30.521787234042545
-39.89829787234042,-34.8952340425532
-39.89829787234042,-32.278553191489365
-39.89829787234042,-29.661872340425536
-39.89829787234042,-27.045191489361706
-39.89829787234042,-24.428510638297876
-39.89829787234042,-21.811829787234046
-39.89829787234042,-19.195148936170217
-39.89829787234042,-16.578468085106387
-39.89829787234042,-13.961787234042557
-39.89829787234042,-11.345106382978727
-39.89829787234042,-8.728425531914898
-39.89829787234042,-6.111744680851068
-39.89829787234042,-3.495063829787238
-39.89829787234042,-0.8783829787234083
-39.89829787234042,1.7382978723404214
-39.89829787234042,4.354978723404251
-39.89829787234042,6.971659574468081
-39.89829787234042,9.588340425531907
-39.89829787234042,12.205021276595737
-39.89829787234042,14.821702127659567
-39.89829787234042,17.438382978723396
-39.89829787234042,20.055063829787226
-39.89829787234042,22.671744680851056
-39.89829787234042,25.288425531914886
-39.89829787234042,27.905106382978715
-39.89829787234042,30.521787234042545
-39.89829787234042,33.138468085106375
-37.24008510638298,-37.511914893617025
-37.24008510638298,-34.8952340425532
-37.24008510638298,-32.278553191489365
-37.24008510638298,-29.661872340425536
-37.24008510638298,-27.045191489361706
-37.24008510638298,-24.428510638297876
-37.24008510638298,-21.811829787234046
-37.24008510638298,-19.195148936170217
-37.24008510638298,-16.578468085106387
-37.24008510638298,-13.961787234042557
-37.24008510638298,-11.345106382978727
-37.24008510638298,-8.728425531914898
-37.24008510638298,-6.111744680851068
-37.24008510638298,-3.495063829787238
-37.24008510638298,-0.8783829787234083
-37.24008510638298,1.7382978723404214
-37.24008510638298,4.354978723404251
-37.24008510638298,6.971659574468081
-37.24008510638298,9.588340425531907
-37.24008510638298,12.205021276595737
-37.24008510638298,14.821702127659567
-37.24008510638298,17.438382978723396
-37.24008510638298,20.055063829787226
-37.24008510638298,22.671744680851056
-37.24008510638298,25.288425531914886
-37.24008510638298,27.905106382978715
-37.24008510638298,30.521787234042545
-37.24008510638298,33.138468085106375
-34.581872340425534,-37.511914893617025
-34.581872340425534,-34.8952340425532
-34.581872340425534,-32.278553191489365
-34.581872340425534,-29.661872340425536
-34.581872340425534,-27.045191489361706
-34.581872340425534,-24.428510638297876
-34.581872340425534,-21.811829787234046
-34.581872340425534,-19.195148936170217
-34.581872340425534,-16.578468085106387
-34.581872340425534,-13.961787234042557
-34.581872340425534,-11.345106382978727
-34.581872340425534,-8.728425531914898
-34.581872340425534,-6.111744680851068
-34.581872340425534,-3.495063829787238
-34.581872340425534,-0.8783829787234083
-34.581872340425534,1.7382978723404214
-34.581872340425534,4.354978723404251
-34.581872340425534,6.971659574468081
-34.581872340425534,9.588340425531907
-34.581872340425534,12.205021276595737
-34.581872340425534,14.821702127659567
-34.581872340425534,17.438382978723396
-34.581872340425534,20.055063829787226
-34.581872340425534,22.671744680851056
-34.581872340425534,25.288425531914886
-34.581872340425534,27.905106382978715
-34.581872340425534,30.521787234042545
-34.581872340425534,33.138468085106375
-34.581872340425534,35.7551489361702
-31.923659574468083,-40.12859574468085
-31.923659574468083,-37.511914893617025
-31.923659574468083,-34.8952340425532
-31.923659574468083,-32.278553191489365
-31.923659574468083,-29.661872340425536
-31.923659574468083,-27.045191489361706
-31.923659574468083,-24.428510638297876
-31.923659574468083,-21.811829787234046
-31.923659574468083,-19.195148936170217
-31.923659574468083,-16.578468085106387
-31.923659574468083,-13.961787234042557
-31.923659574468083,-11.345106382978727
-31.923659574468083,-8.728425531914898
-31.923659574468083,-6.111744680851068
-31.923659574468083,-3.495063829787238
-31.923659574468083,-0.8783829787234083
-31.923659574468083,1.7382978723404214
-31.923659574468083,4.354978723404251
-31.923659574468083,6.971659574468081
-31.923659574468083,9.588340425531907
-31.923659574468083,12.205021276595737
-31.923659574468083,14.821702127659567
-31.923659574468083,17.438382978723396
-31.923659574468083,20.055063829787226
-31.923659574468083,22.671744680851056
-31.923659574468083,25.288425531914886
-31.923659574468083,27.905106382978715
-31.923659574468083,30.521787234042545
-31.923659574468083,33.138468085106375
-31.923659574468083,35.7551489361702
-31.923659574468083,40.98851063829787
-29.26544680851064,-40.12859574468085
-29.26544680851064,-37.511914893617025
-29.26544680851064,-34.8952340425532
-29.26544680851064,-32.278553191489365
-29.26544680851064,-29.661872340425536
-29.26544680851064,-27.045191489361706
-29.26544680851064,-24.428510638297876
-29.26544680851064,-21.811829787234046
-29.26544680851064,-19.195148936170217
-29.26544680851064,-16.578468085106387
-29.26544680851064,-13.961787234042557
-29.26544680851064,-11.345106382978727
-29.26544680851064,-8.728425531914898
-29.26544680851064,-6.111744680851068
-29.26544680851064,-3.495063829787238
-29.26544680851064,-0.8783829787234083
-29.26544680851064,1.7382978723404214
-29.26544680851064,4.354978723404251
-29.26544680851064,6.971659574468081
-29.26544680851064,9.588340425531907
-29.26544680851064,12.205021276595737
-29.26544680851064,14.821702127659567
-29.26544680851064,17.438382978723396
-29.26544680851064,20.055063829787226
-29.26544680851064,22.671744680851056
-29.26544680851064,25.288425531914886
-29.26544680851064,27.905106382978715
-29.26544680851064,30.521787234042545
-29.26544680851064,33.138468085106375
-29.26544680851064,35.7551489361702
-26.60723404255319,-40.12859574468085
-26.60723404255319,-37.511914893617025
-26.60723404255319,-34.8952340425532
-26.60723404255319,-32.278553191489365
-26.60723404255319,-29.661872340425536
-26.60723404255319,-27.045191489361706
-26.60723404255319,-24.428510638297876
-26.60723404255319,-21.811829787234046
-26.60723404255319,-19.195148936170217
-26.60723404255319,-16.578468085106387
-26.60723404255319,-13.961787234042557
-26.60723404255319,-11.345106382978727
-26.60723404255319,-8.728425531914898
-26.60723404255319,-6.111744680851068
-26.60723404255319,-3.495063829787238
-26.60723404255319,-0.8783829787234083
-26.60723404255319,1.7382978723404214
-26.60723404255319,4.354978723404251
-26.60723404255319,6.971659574468081
-26.60723404255319,9.588340425531907
-26.60723404255319,12.205021276595737
-26.60723404255319,14.821702127659567
-26.60723404255319,17.438382978723396
-26.60723404255319,20.055063829787226
-26.60723404255319,22.671744680851056
-26.60723404255319,25.288425531914886
-26.60723404255319,27.905106382978715
-26.60723404255319,30.521787234042545
-26.60723404255319,33.138468085106375
-26.60723404255319,35.7551489361702
-23.949021276595744,-42.745276595744684
-23.949021276595744,-40.12859574468085
-23.949021276595744,-37.511914893617025
-23.949021276595744,-34.8952340425532
-23.949021276595744,-32.278553191489365
-23.949021276595744,-29.661872340425536
-23.949021276595744,-27.045191489361706
-23.949021276595744,-24.428510638297876
-23.949021276595744,-21.811829787234046
-23.949021276595744,-19.195148936170217
-23.949021276595744,-16.578468085106387
-23.949021276595744,-13.961787234042557
-23.949021276595744,-11.345106382978727
-23.949021276595744,-8.728425531914898
-23.949021276595744,-6.111744680851068
-23.949021276595744,-3.495063829787238
-23.949021276595744,-0.8783829787234083
-23.949021276595744,1.7382978723404214
-23.949021276595744,4.354978723404251
-23.949021276595744,6.971659574468081
-23.949021276595744,9.588340425531907
-23.949021276595744,12.205021276595737
-23.949021276595744,14.821702127659567
-23.949021276595744,17.438382978723396
-23.949021276595744,20.055063829787226
-23.949021276595744,22.671744680851056
-23.949021276595744,25.288425531914886
-23.949021276595744,27.905106382978715
-23.949021276595744,30.521787234042545
-23.949021276595744,33.138468085106375
-23.949021276595744,35.7551489361702
-21.290808510638296,-42.745276595744684
-21.290808510638296,-40.12859574468085
-21.290808510638296,-37.511914893617025
-21.290808510638296,-34.8952340425532
-21.290808510638296,-32.278553191489365
-21.290808510638296,-29.661872340425536
-21.290808510638296,-27.045191489361706
-21.290808510638296,-24.428510638297876
-21.290808510638296,-21.811829787234046
-21.290808510638296,-19.195148936170217
-21.290808510638296,-16.578468085106387
-21.290808510638296,-13.961787234042557
-21.290808510638296,-11.345106382978727
-21.290808510638296,-8.728425531914898
-21.290808510638296,-6.111744680851068
-21.290808510638296,-3.495063829787238
-21.290808510638296,-0.8783829787234083
-21.290808510638296,1.7382978723404214
-21.290808510638296,4.354978723404251
-21.290808510638296,6.971659574468081
-21.290808510638296,9.588340425531907
-21.290808510638296,12.205021276595737
-21.290808510638296,14.821702127659567
-21.290808510638296,17.438382978723396
-21.290808510638296,20.055063829787226
-21.290808510638296,22.671744680851056
-21.290808510638296,25.288425531914886
-21.290808510638296,27.905106382978715
-21.290808510638296,30.521787234042545
-21.290808510638296,33.138468085106375
-21.290808510638296,35.7551489361702
-18.63259574468085,-45.36195744680852
-18.63259574468085,-42.745276595744684
-18.63259574468085,-40.12859574468085
-18.63259574468085,-37.511914893617025
-18.63259574468085,-34.8952340425532
-18.63259574468085,-32.278553191489365
-18.63259574468085,-29.661872340425536
-18.63259574468085,-27.045191489361706
-18.63259574468085,-24.428510638297876
-18.63259574468085,-21.811829787234046
-18.63259574468085,-19.195148936170217
-18.63259574468085,-16.578468085106387
-18.63259574468085,-13.961787234042557
-18.63259574468085,-11.345106382978727
-18.63259574468085,-8.728425531914898
-18.63259574468085,-6.111744680851068
-18.63259574468085,-3.495063829787238
-18.63259574468085,-0.8783829787234083
-18.63259574468085,1.7382978723404214
-18.63259574468085,4.354978723404251
-18.63259574468085,6.971659574468081
-18.63259574468085,9.588340425531907
-18.63259574468085,12.205021276595737
-18.63259574468085,14.821702127659567
-18.63259574468085,17.438382978723396
-18.63259574468085,20.055063829787226
-18.63259574468085,22.671744680851056
-18.63259574468085,25.288425531914886
-18.63259574468085,27.905106382978715
-18.63259574468085,30.521787234042545
-18.63259574468085,33.138468085106375
-18.63259574468085,35.7551489361702
-15.974382978723401,-47.978638297872344
-15.974382978723401,-45.36195744680852
-15.974382978723401,-42.745276595744684
-15.974382978723401,-40.12859574468085
-15.974382978723401,-37.511914893617025
-15.974382978723401,-34.8952340425532
-15.974382978723401,-32.278553191489365
-15.974382978723401,-29.661872340425536
-15.974382978723401,-27.045191489361706
-15.974382978723401,-24.428510638297876
-15.974382978723401,-21.811829787234046
-15.974382978723401,-19.195148936170217
-15.974382978723401,-16.578468085106387
-15.974382978723401,-13.961787234042557
-15.974382978723401,-11.345106382978727
-15.974382978723401,-8.728425531914898
-15.974382978723401,-6.111744680851068
-15.974382978723401,-3.495063829787238
-15.974382978723401,-0.8783829787234083
-15.974382978723401,1.7382978723404214
-15.974382978723401,4.354978723404251
-15.974382978723401,6.971659574468081
-15.974382978723401,9.588340425531907
-15.974382978723401,12.205021276595737
-15.974382978723401,14.821702127659567
-15.974382978723401,17.438382978723396
-15.974382978723401,20.055063829787226
-15.974382978723401,22.671744680851056
-15.974382978723401,25.288425531914886
-15.974382978723401,27.905106382978715
-15.974382978723401,30.521787234042545
-15.974382978723401,33.138468085106375
-13.316170212765954,-47.978638297872344
-13.316170212765954,-45.36195744680852
-13.316170212765954,-42.745276595744684
-13.316170212765954,-40.12859574468085
-13.316170212765954,-37.511914893617025
-13.316170212765954,-34.8952340425532
-13.316170212765954,-32.278553191489365
-13.316170212765954,-29.661872340425536
-13.316170212765954,-27.045191489361706
-13.316170212765954,-24.428510638297876
-13.316170212765954,-21.811829787234046
-13.316170212765954,-19.195148936170217
-13.316170212765954,-16.578468085106387
-13.316170212765954,-13.961787234042557
-13.316170212765954,-11.345106382978727
-13.316170212765954,-8.728425531914898
-13.316170212765954,-6.111744680851068
-13.316170212765954,-3.495063829787238
-13.316170212765954,-0.8783829787234083
-13.316170212765954,1.7382978723404214
-13.316170212765954,4.354978723404251
-13.316170212765954,6.971659574468081
-13.316170212765954,9.588340425531907
-13.316170212765954,12.205021276595737
-13.316170212765954,14.821702127659567
-13.316170212765954,17.438382978723396
-13.316170212765954,20.055063829787226
-13.316170212765954,22.671744680851056
-13.316170212765954,25.288425531914886
-13.316170212765954,27.905106382978715
-13.316170212765954,30.521787234042545
-13.316170212765954,33.138468085106375
-10.657957446808508,-47.978638297872344
-10.657957446808508,-45.36195744680852
-10.657957446808508,-42.745276595744684
-10.657957446808508,-40.12859574468085
-10.657957446808508,-37.511914893617025
-10.657957446808508,-34.8952340425532
-10.657957446808508,-32.278553191489365
-10.657957446808508,-29.661872340425536
-10.657957446808508,-27.045191489361706
-10.657957446808508,-24.428510638297876
-10.657957446808508,-21.811829787234046
-10.657957446808508,-19.195148936170217
-10.657957446808508,-16.578468085106387
-10.657957446808508,-13.961787234042557
-10.657957446808508,-11.345106382978727
-10.657957446808508,-8.728425531914898
-10.657957446808508,-6.111744680851068
-10.657957446808508,-3.495063829787238
-10.657957446808508,-0.8783829787234083
-10.657957446808508,1.7382978723404214
-10.657957446808508,4.354978723404251
-10.657957446808508,6.971659574468081
-10.657957446808508,9.588340425531907
-10.657957446808508,12.205021276595737
-10.657957446808508,14.821702127659567
-10.657957446808508,17.438382978723396
-10.657957446808508,20.055063829787226
-10.657957446808508,22.671744680851056
-10.657957446808508,25.288425531914886
-10.657957446808508,27.905106382978715
-10.657957446808508,30.521787234042545
-10.657957446808508,35.7551489361702
-7.999744680851061,-50.59531914893617
-7.999744680851061,-47.978638297872344
-7.999744680851061,-45.36195744680852
-7.999744680851061,-42.745276595744684
-7.999744680851061,-40.12859574468085
-7.999744680851061,-37.511914893617025
-7.999744680851061,-34.8952340425532
-7.999744680851061,-32.278553191489365
-7.999744680851061,-29.661872340425536
-7.999744680851061,-27.045191489361706
-7.999744680851061,-24.428510638297876
-7.999744680851061,-21.811829787234046
-7.999744680851061,-19.195148936170217
-7.999744680851061,-16.578468085106387
-7.999744680851061,-13.961787234042557
-7.999744680851061,-11.345106382978727
-7.999744680851061,-8.728425531914898
-7.999744680851061,-6.111744680851068
-7.999744680851061,-3.495063829787238
-7.999744680851061,-0.8783829787234083
-7.999744680851061,1.7382978723404214
-7.999744680851061,4.354978723404251
-7.999744680851061,6.971659574468081
-7.999744680851061,9.588340425531907
-7.999744680851061,12.205021276595737
-7.999744680851061,14.821702127659567
-7.999744680851061,17.438382978723396
-7.999744680851061,20.055063829787226
-7.999744680851061,22.671744680851056
-7.999744680851061,25.288425531914886
-7.999744680851061,27.905106382978715
-7.999744680851061,30.521787234042545
-5.341531914893613,-50.59531914893617
-5.341531914893613,-47.978638297872344
-5.341531914893613,-45.36195744680852
-5.341531914893613,-42.745276595744684
-5.341531914893613,-40.12859574468085
-5.341531914893613,-37.511914893617025
-5.341531914893613,-34.8952340425532
-5.341531914893613,-32.278553191489365
-5.341531914893613,-29.661872340425536
-5.341531914893613,-27.045191489361706
-5.341531914893613,-24.428510638297876
-5.341531914893613,-21.811829787234046
-5.341531914893613,-19.195148936170217
-5.341531914893613,-16.578468085106387
-5.341531914893613,-13.961787234042557
-5.341531914893613,-11.345106382978727
-5.341531914893613,-8.728425531914898
-5.341531914893613,-6.111744680851068
-5.341531914893613,-3.495063829787238
-5.341531914893613,-0.8783829787234083
-5.341531914893613,1.7382978723404214
-5.341531914893613,4.354978723404251
-5.341531914893613,6.971659574468081
-5.341531914893613,9.588340425531907
-5.341531914893613,12.205021276595737
-5.341531914893613,14.821702127659567
-5.341531914893613,17.438382978723396
-5.341531914893613,20.055063829787226
-5.341531914893613,22.671744680851056
-5.341531914893613,25.288425531914886
-5.341531914893613,27.905106382978715
-5.341531914893613,30.521787234042545
-2.6833191489361665,-50.59531914893617
-2.6833191489361665,-47.978638297872344
-2.6833191489361665,-45.36195744680852
-2.6833191489361665,-42.745276595744684
-2.6833191489361665,-40.12859574468085
-2.6833191489361665,-37.511914893617025
-2.6833191489361665,-34.8952340425532
-2.6833191489361665,-32.278553191489365
-2.6833191489361665,-29.661872340425536
-2.6833191489361665,-27.045191489361706
-2.6833191489361665,-24.428510638297876
-2.6833191489361665,-21.811829787234046
-2.6833191489361665,-19.195148936170217
-2.6833191489361665,-16.578468085106387
-2.6833191489361665,-13.961787234042557
-2.6833191489361665,-11.345106382978727
-2.6833191489361665,-8.728425531914898
-2.6833191489361665,-6.111744680851068
-2.6833191489361665,-3.495063829787238
-2.6833191489361665,-0.8783829787234083
-2.6833191489361665,1.7382978723404214
-2.6833191489361665,4.354978723404251
-2.6833191489361665,6.971659574468081
-2.6833191489361665,9.588340425531907
-2.6833191489361665,12.205021276595737
-2.6833191489361665,14.821702127659567
-2.6833191489361665,17.438382978723396
-2.6833191489361665,20.055063829787226
-2.6833191489361665,22.671744680851056
-2.6833191489361665,25.288425531914886
-2.6833191489361665,27.905106382978715
-2.6833191489361665,30.521787234042545
-0.025106382978719477,-50.59531914893617
-0.025106382978719477,-47.978638297872344
-0.025106382978719477,-45.36195744680852
-0.025106382978719477,-42.745276595744684
-0.025106382978719477,-40.12859574468085
-0.025106382978719477,-37.511914893617025
-0.025106382978719477,-34.8952340425532
-0.025106382978719477,-32.278553191489365
-0.025106382978719477,-29.661872340425536
-0.025106382978719477,-27.045191489361706
-0.025106382978719477,-24.428510638297876
-0.025106382978719477,-21.811829787234046
-0.025106382978719477,-19.195148936170217
-0.025106382978719477,-16.578468085106387
-0.025106382978719477,-13.961787234042557
-0.025106382978719477,-11.345106382978727
-0.025106382978719477,-8.728425531914898
-0.025106382978719477,-6.111744680851068
-0.025106382978719477,-3.495063829787238
-0.025106382978719477,-0.8783829787234083
-0.025106382978719477,1.7382978723404214
-0.025106382978719477,4.354978723404251
-0.025106382978719477,6.971659574468081
-0.025106382978719477,9.588340425531907
-0.025106382978719477,12.205021276595737
-0.025106382978719477,14.821702127659567
-0.025106382978719477,17.438382978723396
-0.025106382978719477,20.055063829787226
-0.025106382978719477,22.671744680851056
-0.025106382978719477,25.288425531914886
-0.025106382978719477,27.905106382978715
-0.025106382978719477,30.521787234042545
2.6331063829787236,-53.212
2.6331063829787236,-50.59531914893617
2.6331063829787236,-47.978638297872344
2.6331063829787236,-45.36195744680852
2.6331063829787236,-42.745276595744684
2.6331063829787236,-40.12859574468085
2.6331063829787236,-37.511914893617025
2.6331063829787236,-34.8952340425532
2.6331063829787236,-32.278553191489365
2.6331063829787236,-29.661872340425536
2.6331063829787236,-27.045191489361706
2.6331063829787236,-24.428510638297876
2.6331063829787236,-21.811829787234046
2.6331063829787236,-19.195148936170217
2.6331063829787236,-16.578468085106387
2.6331063829787236,-13.961787234042557
2.6331063829787236,-11.345106382978727
2.6331063829787236,-8.728425531914898
2.6331063829787236,-6.111744680851068
2.6331063829787236,-3.495063829787238
2.6331063829787236,-0.8783829787234083
2.6331063829787236,1.7382978723404214
2.6331063829787236,4.354978723404251
2.6331063829787236,6.971659574468081
2.6331063829787236,9.588340425531907
2.6331063829787236,12.205021276595737
2.6331063829787236,14.821702127659567
2.6331063829787236,17.438382978723396
2.6331063829787236,20.055063829787226
2.6331063829787236,22.671744680851056
2.6331063829787236,25.288425531914886
2.6331063829787236,27.905106382978715
2.6331063829787236,30.521787234042545
5.291319148936171,-53.212
5.291319148936171,-50.59531914893617
5.291319148936171,-47.978638297872344
5.291319148936171,-45.36195744680852
5.291319148936171,-42.745276595744684
5.291319148936171,-40.12859574468085
5.291319148936171,-37.511914893617025
5.291319148936171,-34.8952340425532
5.291319148936171,-32.278553191489365
5.291319148936171,-29.661872340425536
5.291319148936171,-27.045191489361706
5.291319148936171,-24.428510638297876
5.291319148936171,-21.811829787234046
5.291319148936171,-19.195148936170217
5.291319148936171,-16.578468085106387
5.291319148936171,-13.961787234042557
5.291319148936171,-11.345106382978727
5.291319148936171,-8.728425531914898
5.291319148936171,-6.111744680851068
5.291319148936171,-3.495063829787238
5.291319148936171,-0.8783829787234083
5.291319148936171,1.7382978723404214
5.291319148936171,4.354978723404251
5.291319148936171,6.971659574468081
5.291319148936171,9.588340425531907
5.291319148936171,12.205021276595737
5.291319148936171,14.821702127659567
5.291319148936171,17.438382978723396
5.291319148936171,20.055063829787226
5.291319148936171,22.671744680851056
5.291319148936171,25.288425531914886
5.291319148936171,27.905106382978715
5.291319148936171,30.521787234042545
5.291319148936171,43.605191489361694
7.949531914893617,-53.212
7.949531914893617,-50.59531914893617
7.949531914893617,-47.978638297872344
7.949531914893617,-45.36195744680852
7.949531914893617,-42.745276595744684
7.949531914893617,-40.12859574468085
7.949531914893617,-37.511914893617025
7.949531914893617,-34.8952340425532
7.949531914893617,-32.278553191489365
7.949531914893617,-29.661872340425536
7.949531914893617,-27.045191489361706
7.949531914893617,-24.428510638297876
7.949531914893617,-21.811829787234046
7.949531914893617,-19.195148936170217
7.949531914893617,-16.578468085106387
7.949531914893617,-13.961787234042557
7.949531914893617,-11.345106382978727
7.949531914893617,-8.728425531914898
7.949531914893617,-6.111744680851068
7.949531914893617,-3.495063829787238
7.949531914893617,-0.8783829787234083
7.949531914893617,1.7382978723404214
7.949531914893617,4.354978723404251
7.949531914893617,6.971659574468081
7.949531914893617,9.588340425531907
7.949531914893617,12.205021276595737
7.949531914893617,14.821702127659567
7.949531914893617,17.438382978723396
7.949531914893617,20.055063829787226
7.949531914893617,22.671744680851056
7.949531914893617,25.288425531914886
7.949531914893617,27.905106382978715
7.949531914893617,30.521787234042545
7.949531914893617,51.45523404255319
7.949531914893617,54.07191489361701
10.607744680851065,-53.212
10.607744680851065,-50.59531914893617
10.607744680851065,-47.978638297872344
10.607744680851065,-45.36195744680852
10.607744680851065,-42.745276595744684
10.607744680851065,-40.12859574468085
10.607744680851065,-37.511914893617025
10.607744680851065,-34.8952340425532
10.607744680851065,-32.278553191489365
10.607744680851065,-29.661872340425536
10.607744680851065,-27.045191489361706
10.607744680851065,-24.428510638297876
10.607744680851065,-21.811829787234046
10.607744680851065,-19.195148936170217
10.607744680851065,-16.578468085106387
10.607744680851065,-13.961787234042557
10.607744680851065,-11.345106382978727
10.607744680851065,-8.728425531914898
10.607744680851065,-6.111744680851068
10.607744680851065,-3.495063829787238
10.607744680851065,-0.8783829787234083
10.607744680851065,1.7382978723404214
10.607744680851065,4.354978723404251
10.607744680851065,6.971659574468081
10.607744680851065,9.588340425531907
10.607744680851065,12.205021276595737
10.607744680851065,14.821702127659567
10.607744680851065,17.438382978723396
10.607744680851065,20.055063829787226
10.607744680851065,22.671744680851056
10.607744680851065,25.288425531914886
10.607744680851065,27.905106382978715
10.607744680851065,30.521787234042545
10.607744680851065,51.45523404255319
10.607744680851065,54.07191489361701
10.607744680851065,59.30527659574467
13.265957446808512,-50.59531914893617
13.265957446808512,-47.978638297872344
13.265957446808512,-45.36195744680852
13.265957446808512,-42.745276595744684
13.265957446808512,-40.12859574468085
13.265957446808512,-37.511914893617025
13.265957446808512,-34.8952340425532
13.265957446808512,-32.278553191489365
13.265957446808512,-29.661872340425536
13.265957446808512,-27.045191489361706
13.265957446808512,-24.428510638297876
13.265957446808512,-21.811829787234046
13.265957446808512,-19.195148936170217
13.265957446808512,-16.578468085106387
13.265957446808512,-13.961787234042557
13.265957446808512,-11.345106382978727
13.265957446808512,-8.728425531914898
13.265957446808512,-6.111744680851068
13.265957446808512,-3.495063829787238
13.265957446808512,-0.8783829787234083
13.265957446808512,1.7382978723404214
13.265957446808512,4.354978723404251
13.265957446808512,6.971659574468081
13.265957446808512,9.588340425531907
13.265957446808512,12.205021276595737
13.265957446808512,14.821702127659567
13.265957446808512,17.438382978723396
13.265957446808512,20.055063829787226
13.265957446808512,22.671744680851056
13.265957446808512,25.288425531914886
13.265957446808512,27.905106382978715
13.265957446808512,30.521787234042545
13.265957446808512,40.98851063829787
13.265957446808512,43.605191489361694
13.265957446808512,46.22187234042552
13.265957446808512,51.45523404255319
13.265957446808512,54.07191489361701
13.265957446808512,56.68859574468084
13.265957446808512,59.30527659574467
13.265957446808512,61.921957446808506
15.924170212765958,-50.59531914893617
15.924170212765958,-47.978638297872344
15.924170212765958,-45.36195744680852
15.924170212765958,-42.745276595744684
15.924170212765958,-40.12859574468085
15.924170212765958,-37.511914893617025
15.924170212765958,-34.8952340425532
15.924170212765958,-32.278553191489365
15.924170212765958,-29.661872340425536
15.924170212765958,-27.045191489361706
15.924170212765958,-24.428510638297876
15.924170212765958,-21.811829787234046
15.924170212765958,-19.195148936170217
15.924170212765958,-16.578468085106387
15.924170212765958,-13.961787234042557
15.924170212765958,-11.345106382978727
15.924170212765958,-8.728425531914898
15.924170212765958,-6.111744680851068
15.924170212765958,-3.495063829787238
15.924170212765958,-0.8783829787234083
15.924170212765958,1.7382978723404214
15.924170212765958,4.354978723404251
15.924170212765958,6.971659574468081
15.924170212765958,9.588340425531907
15.924170212765958,12.205021276595737
15.924170212765958,14.821702127659567
15.924170212765958,17.438382978723396
15.924170212765958,20.055063829787226
15.924170212765958,22.671744680851056
15.924170212765958,25.288425531914886
15.924170212765958,27.905106382978715
15.924170212765958,30.521787234042545
15.924170212765958,38.371829787234034
15.924170212765958,40.98851063829787
15.924170212765958,43.605191489361694
15.924170212765958,46.22187234042552
15.924170212765958,48.83855319148935
15.924170212765958,51.45523404255319
15.924170212765958,54.07191489361701
15.924170212765958,56.68859574468084
15.924170212765958,59.30527659574467
15.924170212765958,61.921957446808506
15.924170212765958,64.53863829787232
15.924170212765958,67.15531914893616
18.582382978723405,-50.59531914893617
18.582382978723405,-47.978638297872344
18.582382978723405,-45.36195744680852
18.582382978723405,-42.745276595744684
18.582382978723405,-40.12859574468085
18.582382978723405,-37.511914893617025
18.582382978723405,-34.8952340425532
18.582382978723405,-32.278553191489365
18.582382978723405,-29.661872340425536
18.582382978723405,-27.045191489361706
18.582382978723405,-24.428510638297876
18.582382978723405,-21.811829787234046
18.582382978723405,-19.195148936170217
18.582382978723405,-16.578468085106387
18.582382978723405,-13.961787234042557
18.582382978723405,-11.345106382978727
18.582382978723405,-8.728425531914898
18.582382978723405,-6.111744680851068
18.582382978723405,-3.495063829787238
18.582382978723405,-0.8783829787234083
18.582382978723405,1.7382978723404214
18.582382978723405,4.354978723404251
18.582382978723405,6.971659574468081
18.582382978723405,9.588340425531907
18.582382978723405,12.205021276595737
18.582382978723405,14.821702127659567
18.582382978723405,17.438382978723396
18.582382978723405,20.055063829787226
18.582382978723405,22.671744680851056
18.582382978723405,25.288425531914886
18.582382978723405,27.905106382978715
18.582382978723405,33.138468085106375
18.582382978723405,38.371829787234034
18.582382978723405,40.98851063829787
18.582382978723405,43.605191489361694
18.582382978723405,46.22187234042552
18.582382978723405,48.83855319148935
18.582382978723405,51.45523404255319
18.582382978723405,54.07191489361701
18.582382978723405,56.68859574468084
18.582382978723405,59.30527659574467
18.582382978723405,61.921957446808506
18.582382978723405,64.53863829787232
18.582382978723405,67.15531914893616
21.240595744680853,-50.59531914893617
21.240595744680853,-47.978638297872344
21.240595744680853,-45.36195744680852
21.240595744680853,-42.745276595744684
21.240595744680853,-40.12859574468085
21.240595744680853,-37.511914893617025
21.240595744680853,-34.8952340425532
21.240595744680853,-32.278553191489365
21.240595744680853,-29.661872340425536
21.240595744680853,-27.045191489361706
21.240595744680853,-24.428510638297876
21.240595744680853,-21.811829787234046
21.240595744680853,-19.195148936170217
21.240595744680853,-16.578468085106387
21.240595744680853,-13.961787234042557
21.240595744680853,-11.345106382978727
21.240595744680853,-8.728425531914898
21.240595744680853,-6.111744680851068
21.240595744680853,-3.495063829787238
21.240595744680853,-0.8783829787234083
21.240595744680853,1.7382978723404214
21.240595744680853,4.354978723404251
21.240595744680853,6.971659574468081
21.240595744680853,9.588340425531907
21.240595744680853,12.205021276595737
21.240595744680853,14.821702127659567
21.240595744680853,17.438382978723396
21.240595744680853,20.055063829787226
21.240595744680853,22.671744680851056
21.240595744680853,25.288425531914886
21.240595744680853,27.905106382978715
21.240595744680853,30.521787234042545
21.240595744680853,33.138468085106375
21.240595744680853,35.7551489361702
21.240595744680853,38.371829787234034
21.240595744680853,40.98851063829787
21.240595744680853,43.605191489361694
21.240595744680853,46.22187234042552
21.240595744680853,48.83855319148935
21.240595744680853,51.45523404255319
21.240595744680853,54.07191489361701
21.240595744680853,56.68859574468084
21.240595744680853,59.30527659574467
21.240595744680853,61.921957446808506
21.240595744680853,64.53863829787232
21.240595744680853,67.15531914893616
23.8988085106383,-47.978638297872344
23.8988085106383,-45.36195744680852
23.8988085106383,-42.745276595744684
23.8988085106383,-40.12859574468085
23.8988085106383,-37.511914893617025
23.8988085106383,-34.8952340425532
23.8988085106383,-32.278553191489365
23.8988085106383,-29.661872340425536
23.8988085106383,-27.045191489361706
23.8988085106383,-24.428510638297876
23.8988085106383,-21.811829787234046
23.8988085106383,-19.195148936170217
23.8988085106383,-16.578468085106387
23.8988085106383,-13.961787234042557
23.8988085106383,-11.345106382978727
23.8988085106383,-8.728425531914898
23.8988085106383,-6.111744680851068
23.8988085106383,-3.495063829787238
23.8988085106383,-0.8783829787234083
23.8988085106383,1.7382978723404214
23.8988085106383,4.354978723404251
23.8988085106383,6.971659574468081
23.8988085106383,9.588340425531907
23.8988085106383,12.205021276595737
23.8988085106383,14.821702127659567
23.8988085106383,17.438382978723396
23.8988085106383,20.055063829787226
23.8988085106383,22.671744680851056
23.8988085106383,25.288425531914886
23.8988085106383,27.905106382978715
23.8988085106383,30.521787234042545
23.8988085106383,33.138468085106375
23.8988085106383,35.7551489361702
23.8988085106383,38.371829787234034
23.8988085106383,40.98851063829787
23.8988085106383,43.605191489361694
23.8988085106383,46.22187234042552
23.8988085106383,48.83855319148935
23.8988085106383,51.45523404255319
23.8988085106383,54.07191489361701
23.8988085106383,56.68859574468084
23.8988085106383,59.30527659574467
23.8988085106383,61.921957446808506
23.8988085106383,64.53863829787232
23.8988085106383,67.15531914893616
26.557021276595748,-47.978638297872344
26.557021276595748,-45.36195744680852
26.557021276595748,-42.745276595744684
26.557021276595748,-40.12859574468085
26.557021276595748,-37.511914893617025
26.557021276595748,-34.8952340425532
26.557021276595748,-32.278553191489365
26.557021276595748,-29.661872340425536
26.557021276595748,-27.045191489361706
26.557021276595748,-24.428510638297876
26.557021276595748,-21.811829787234046
26.557021276595748,-19.195148936170217
26.557021276595748,-16.578468085106387
26.557021276595748,-13.961787234042557
26.557021276595748,-11.345106382978727
26.557021276595748,-8.728425531914898
26.557021276595748,-6.111744680851068
26.557021276595748,-3.495063829787238
26.557021276595748,-0.8783829787234083
26.557021276595748,1.7382978723404214
26.557021276595748,4.354978723404251
26.557021276595748,6.971659574468081
26.557021276595748,9.588340425531907
26.557021276595748,12.205021276595737
26.557021276595748,14.821702127659567
26.557021276595748,17.438382978723396
26.557021276595748,20.055063829787226
26.557021276595748,22.671744680851056
26.557021276595748,25.288425531914886
26.557021276595748,27.905106382978715
26.557021276595748,30.521787234042545
26.557021276595748,33.138468085106375
26.557021276595748,35.7551489361702
26.557021276595748,38.371829787234034
26.557021276595748,40.98851063829787
26.557021276595748,43.605191489361694
26.557021276595748,46.22187234042552
26.557021276595748,48.83855319148935
26.557021276595748,51.45523404255319
26.557021276595748,54.07191489361701
26.557021276595748,56.68859574468084
26.557021276595748,59.30527659574467
26.557021276595748,61.921957446808506
26.557021276595748,64.53863829787232
26.557021276595748,67.15531914893616
26.557021276595748,69.77199999999999
29.215234042553195,-45.36195744680852
29.215234042553195,-42.745276595744684
29.215234042553195,-40.12859574468085
29.215234042553195,-37.511914893617025
29.215234042553195,-34.8952340425532
29.215234042553195,-32.278553191489365
29.215234042553195,-29.661872340425536
29.215234042553195,-27.045191489361706
29.215234042553195,-24.428510638297876
29.215234042553195,-21.811829787234046
29.215234042553195,-19.195148936170217
29.215234042553195,-16.578468085106387
29.215234042553195,-13.961787234042557
29.215234042553195,-11.345106382978727
29.215234042553195,-8.728425531914898
29.215234042553195,-6.111744680851068
29.215234042553195,-3.495063829787238
29.215234042553195,-0.8783829787234083
29.215234042553195,1.7382978723404214
29.215234042553195,4.354978723404251
29.215234042553195,6.971659574468081
29.215234042553195,9.588340425531907
29.215234042553195,12.205021276595737
29.215234042553195,14.821702127659567
29.215234042553195,17.438382978723396
29.215234042553195,20.055063829787226
29.215234042553195,22.671744680851056
29.215234042553195,25.288425531914886
29.215234042553195,27.905106382978715
29.215234042553195,30.521787234042545
29.215234042553195,33.138468085106375
29.215234042553195,35.7551489361702
29.215234042553195,38.371829787234034
29.215234042553195,40.98851063829787
29.215234042553195,43.605191489361694
29.215234042553195,46.22187234042552
29.215234042553195,48.83855319148935
29.215234042553195,51.45523404255319
29.215234042553195,54.07191489361701
29.215234042553195,56.68859574468084
29.215234042553195,59.30527659574467
29.215234042553195,61.921957446808506
29.215234042553195,64.53863829787232
29.215234042553195,67.15531914893616
31.873446808510643,-45.36195744680852
31.873446808510643,-42.745276595744684
31.873446808510643,-40.12859574468085
31.873446808510643,-37.511914893617025
31.873446808510643,-34.8952340425532
31.873446808510643,-32.278553191489365
31.873446808510643,-29.661872340425536
31.873446808510643,-27.045191489361706
31.873446808510643,-24.428510638297876
31.873446808510643,-21.811829787234046
31.873446808510643,-19.195148936170217
31.873446808510643,-16.578468085106387
31.873446808510643,-13.961787234042557
31.873446808510643,-11.345106382978727
31.873446808510643,-8.728425531914898
31.873446808510643,-6.111744680851068
31.873446808510643,-3.495063829787238
31.873446808510643,-0.8783829787234083
31.873446808510643,1.7382978723404214
31.873446808510643,4.354978723404251
31.873446808510643,6.971659574468081
31.873446808510643,9.588340425531907
31.873446808510643,12.205021276595737
31.873446808510643,14.821702127659567
31.873446808510643,17.438382978723396
31.873446808510643,20.055063829787226
31.873446808510643,22.671744680851056
31.873446808510643,25.288425531914886
31.873446808510643,27.905106382978715
31.873446808510643,30.521787234042545
31.873446808510643,33.138468085106375
31.873446808510643,35.7551489361702
31.873446808510643,38.371829787234034
31.873446808510643,40.98851063829787
31.873446808510643,43.605191489361694
31.873446808510643,46.22187234042552
31.873446808510643,48.83855319148935
31.873446808510643,51.45523404255319
31.873446808510643,54.07191489361701
31.873446808510643,56.68859574468084
31.873446808510643,59.30527659574467
34.53165957446809,-40.12859574468085
34.53165957446809,-37.511914893617025
34.53165957446809,-34.8952340425532
34.53165957446809,-32.278553191489365
34.53165957446809,-29.661872340425536
34.53165957446809,-27.045191489361706
34.53165957446809,-24.428510638297876
34.53165957446809,-21.811829787234046
34.53165957446809,-19.195148936170217
34.53165957446809,-16.578468085106387
34.53165957446809,-13.961787234042557
34.53165957446809,-11.345106382978727
34.53165957446809,-8.728425531914898
34.53165957446809,-6.111744680851068
34.53165957446809,-3.495063829787238
34.53165957446809,-0.8783829787234083
34.53165957446809,1.7382978723404214
34.53165957446809,4.354978723404251
34.53165957446809,6.971659574468081
34.53165957446809,9.588340425531907
34.53165957446809,12.205021276595737
34.53165957446809,14.821702127659567
34.53165957446809,17.438382978723396
34.53165957446809,20.055063829787226
34.53165957446809,22.671744680851056
34.53165957446809,25.288425531914886
34.53165957446809,27.905106382978715
34.53165957446809,30.521787234042545
34.53165957446809,33.138468085106375
34.53165957446809,35.7551489361702
34.53165957446809,38.371829787234034
34.53165957446809,43.605191489361694
34.53165957446809,46.22187234042552
34.53165957446809,48.83855319148935
34.53165957446809,51.45523404255319
34.53165957446809,54.07191489361701
34.53165957446809,56.68859574468084
34.53165957446809,59.30527659574467
37.18987234042554,-34.8952340425532
37.18987234042554,-32.278553191489365
37.18987234042554,-29.661872340425536
37.18987234042554,-27.045191489361706
37.18987234042554,-24.428510638297876
37.18987234042554,-21.811829787234046
37.18987234042554,-19.195148936170217
37.18987234042554,-16.578468085106387
37.18987234042554,-13.961787234042557
37.18987234042554,-11.345106382978727
37.18987234042554,-8.728425531914898
37.18987234042554,-6.111744680851068
37.18987234042554,-3.495063829787238
37.18987234042554,-0.8783829787234083
37.18987234042554,4.354978723404251
37.18987234042554,6.971659574468081
37.18987234042554,9.588340425531907
37.18987234042554,12.205021276595737
37.18987234042554,14.821702127659567
37.18987234042554,17.438382978723396
37.18987234042554,20.055063829787226
37.18987234042554,22.671744680851056
37.18987234042554,25.288425531914886
37.18987234042554,27.905106382978715
37.18987234042554,30.521787234042545
37.18987234042554,33.138468085106375
37.18987234042554,35.7551489361702
37.18987234042554,38.371829787234034
37.18987234042554,40.98851063829787
37.18987234042554,43.605191489361694
37.18987234042554,46.22187234042552
37.18987234042554,48.83855319148935
37.18987234042554,51.45523404255319
37.18987234042554,54.07191489361701
37.18987234042554,56.68859574468084
39.84808510638298,-29.661872340425536
39.84808510638298,-27.045191489361706
39.84808510638298,-24.428510638297876
39.84808510638298,-21.811829787234046
39.84808510638298,-19.195148936170217
39.84808510638298,-16.578468085106387
39.84808510638298,-13.961787234042557
39.84808510638298,-11.345106382978727
39.84808510638298,-8.728425531914898
39.84808510638298,-6.111744680851068
39.84808510638298,-3.495063829787238
39.84808510638298,-0.8783829787234083
39.84808510638298,1.7382978723404214
39.84808510638298,4.354978723404251
39.84808510638298,6.971659574468081
39.84808510638298,9.588340425531907
39.84808510638298,12.205021276595737
39.84808510638298,14.821702127659567
39.84808510638298,17.438382978723396
39.84808510638298,20.055063829787226
39.84808510638298,22.671744680851056
39.84808510638298,25.288425531914886
39.84808510638298,27.905106382978715
39.84808510638298,30.521787234042545
39.84808510638298,33.138468085106375
39.84808510638298,35.7551489361702
39.84808510638298,38.371829787234034
39.84808510638298,40.98851063829787
39.84808510638298,43.605191489361694
39.84808510638298,46.22187234042552
39.84808510638298,51.45523404255319
39.84808510638298,54.07191489361701
39.84808510638298,56.68859574468084
42.506297872340426,-21.811829787234046
42.506297872340426,-19.195148936170217
42.506297872340426,-16.578468085106387
42.506297872340426,-13.961787234042557
42.506297872340426,-11.345106382978727
42.506297872340426,-8.728425531914898
42.506297872340426,-6.111744680851068
42.506297872340426,-3.495063829787238
42.506297872340426,-0.8783829787234083
42.506297872340426,1.7382978723404214
42.506297872340426,4.354978723404251
42.506297872340426,6.971659574468081
42.506297872340426,9.588340425531907
42.506297872340426,12.205021276595737
42.506297872340426,14.821702127659567
42.506297872340426,17.438382978723396
42.506297872340426,20.055063829787226
42.506297872340426,22.671744680851056
42.506297872340426,25.288425531914886
42.506297872340426,27.905106382978715
42.506297872340426,30.521787234042545
42.506297872340426,33.138468085106375
42.506297872340426,35.7551489361702
42.506297872340426,38.371829787234034
42.506297872340426,40.98851063829787
42.506297872340426,43.605191489361694
42.506297872340426,51.45523404255319
45.16451063829788,-19.195148936170217
45.16451063829788,-16.578468085106387
45.16451063829788,-13.961787234042557
45.16451063829788,-11.345106382978727
45.16451063829788,-8.728425531914898
45.16451063829788,-6.111744680851068
45.16451063829788,-3.495063829787238
45.16451063829788,-0.8783829787234083
45.16451063829788,1.7382978723404214
45.16451063829788,4.354978723404251
45.16451063829788,6.971659574468081
45.16451063829788,9.588340425531907
45.16451063829788,12.205021276595737
45.16451063829788,14.821702127659567
45.16451063829788,17.438382978723396
45.16451063829788,20.055063829787226
45.16451063829788,22.671744680851056
45.16451063829788,25.288425531914886
45.16451063829788,27.905106382978715
45.16451063829788,30.521787234042545
45.16451063829788,33.138468085106375
45.16451063829788,35.7551489361702
45.16451063829788,38.371829787234034
45.16451063829788,40.98851063829787
45.16451063829788,43.605191489361694
45.16451063829788,48.83855319148935
47.82272340425532,-11.345106382978727
47.82272340425532,-8.728425531914898
47.82272340425532,-6.111744680851068
47.82272340425532,-3.495063829787238
47.82272340425532,-0.8783829787234083
47.82272340425532,1.7382978723404214
47.82272340425532,4.354978723404251
47.82272340425532,6.971659574468081
47.82272340425532,9.588340425531907
47.82272340425532,12.205021276595737
47.82272340425532,14.821702127659567
47.82272340425532,17.438382978723396
47.82272340425532,20.055063829787226
47.82272340425532,22.671744680851056
47.82272340425532,25.288425531914886
47.82272340425532,27.905106382978715
47.82272340425532,30.521787234042545
47.82272340425532,33.138468085106375
47.82272340425532,35.7551489361702
47.82272340425532,38.371829787234034
47.82272340425532,40.98851063829787
47.82272340425532,43.605191489361694
50.48093617021277,-8.728425531914898
50.48093617021277,-6.111744680851068
50.48093617021277,-3.495063829787238
50.48093617021277,-0.8783829787234083
50.48093617021277,1.7382978723404214
50.48093617021277,4.354978723404251
50.48093617021277,6.971659574468081
50.48093617021277,9.588340425531907
50.48093617021277,12.205021276595737
50.48093617021277,14.821702127659567
50.48093617021277,17.438382978723396
50.48093617021277,20.055063829787226
50.48093617021277,22.671744680851056
50.48093617021277,25.288425531914886
50.48093617021277,27.905106382978715
50.48093617021277,30.521787234042545
50.48093617021277,33.138468085106375
50.48093617021277,35.7551489361702
50.48093617021277,38.371829787234034
50.48093617021277,40.98851063829787
53.139148936170216,-3.495063829787238
53.139148936170216,-0.8783829787234083
53.139148936170216,1.7382978723404214
53.139148936170216,4.354978723404251
53.139148936170216,6.971659574468081
53.139148936170216,9.588340425531907
53.139148936170216,12.205021276595737
53.139148936170216,14.821702127659567
53.139148936170216,17.438382978723396
53.139148936170216,20.055063829787226
53.139148936170216,22.671744680851056
53.139148936170216,25.288425531914886
53.139148936170216,27.905106382978715
53.139148936170216,30.521787234042545
53.139148936170216,33.138468085106375
53.139148936170216,35.7551489361702
53.139148936170216,38.371829787234034
55.79736170212767,1.7382978723404214
55.79736170212767,4.354978723404251
55.79736170212767,6.971659574468081
55.79736170212767,9.588340425531907
55.79736170212767,14.821702127659567
55.79736170212767,22.671744680851056
55.79736170212767,25.288425531914886
55.79736170212767,27.905106382978715
55.79736170212767,30.521787234042545
55.79736170212767,33.138468085106375
63.772000000000006,14.821702127659567
