-0.30582,0.025766440677966025
-0.30582,0.03618881355932196
-0.30582,0.04661118644067792
-0.30582,0.05703355932203385
-0.30582,0.08830067796610164
-0.29523220338983047,-0.06803491525423734
-0.29523220338983047,-0.047190169491525484
-0.29523220338983047,-0.03676779661016956
-0.29523220338983047,-0.026345423728813627
-0.29523220338983047,-0.005500677966101765
-0.29523220338983047,0.004921694915254165
-0.29523220338983047,0.015344067796610095
-0.29523220338983047,0.025766440677966025
-0.29523220338983047,0.03618881355932196
-0.29523220338983047,0.04661118644067792
-0.29523220338983047,0.05703355932203385
-0.29523220338983047,0.06745593220338977
-0.29523220338983047,0.0778783050847457
-0.284644406779661,-0.13056915254237292
-0.284644406779661,-0.09930203389830514
-0.284644406779661,-0.07845728813559327
-0.284644406779661,-0.06803491525423734
-0.284644406779661,-0.057612542372881416
-0.284644406779661,-0.047190169491525484
-0.284644406779661,-0.03676779661016956
-0.284644406779661,-0.026345423728813627
-0.284644406779661,-0.015923050847457695
-0.284644406779661,-0.005500677966101765
-0.284644406779661,0.004921694915254165
-0.284644406779661,0.015344067796610095
-0.284644406779661,0.025766440677966025
-0.284644406779661,0.03618881355932196
-0.284644406779661,0.04661118644067792
-0.284644406779661,0.05703355932203385
-0.284644406779661,0.06745593220338977
-0.284644406779661,0.0778783050847457
-0.284644406779661,0.08830067796610164
-0.284644406779661,0.12999016949152536
-0.2740566101694915,-0.13056915254237292
-0.2740566101694915,-0.120146779661017
-0.2740566101694915,-0.10972440677966107
-0.2740566101694915,-0.09930203389830514
-0.2740566101694915,-0.0888796610169492
-0.2740566101694915,-0.07845728813559327
-0.2740566101694915,-0.06803491525423734
-0.2740566101694915,-0.057612542372881416
-0.2740566101694915,-0.047190169491525484
-0.2740566101694915,-0.03676779661016956
-0.2740566101694915,-0.026345423728813627
-0.2740566101694915,-0.015923050847457695
-0.2740566101694915,-0.005500677966101765
-0.2740566101694915,0.004921694915254165
-0.2740566101694915,0.015344067796610095
-0.2740566101694915,0.025766440677966025
-0.2740566101694915,0.03618881355932196
-0.2740566101694915,0.04661118644067792
-0.2740566101694915,0.05703355932203385
-0.2740566101694915,0.06745593220338977
-0.2740566101694915,0.0778783050847457
-0.2740566101694915,0.08830067796610164
-0.2740566101694915,0.09872305084745757
-0.2740566101694915,0.1091454237288135
-0.2740566101694915,0.11956779661016943
-0.263468813559322,-0.14099152542372886
-0.263468813559322,-0.13056915254237292
-0.263468813559322,-0.120146779661017
-0.263468813559322,-0.10972440677966107
-0.263468813559322,-0.09930203389830514
-0.263468813559322,-0.0888796610169492
-0.263468813559322,-0.07845728813559327
-0.263468813559322,-0.06803491525423734
-0.263468813559322,-0.057612542372881416
-0.263468813559322,-0.047190169491525484
-0.263468813559322,-0.03676779661016956
-0.263468813559322,-0.026345423728813627
-0.263468813559322,-0.015923050847457695
-0.263468813559322,-0.005500677966101765
-0.263468813559322,0.004921694915254165
-0.263468813559322,0.015344067796610095
-0.263468813559322,0.025766440677966025
-0.263468813559322,0.03618881355932196
-0.263468813559322,0.04661118644067792
-0.263468813559322,0.05703355932203385
-0.263468813559322,0.06745593220338977
-0.263468813559322,0.0778783050847457
-0.263468813559322,0.08830067796610164
-0.263468813559322,0.09872305084745757
-0.263468813559322,0.1091454237288135
-0.263468813559322,0.11956779661016943
-0.263468813559322,0.12999016949152536
-0.25288101694915255,-0.15141389830508478
-0.25288101694915255,-0.14099152542372886
-0.25288101694915255,-0.13056915254237292
-0.25288101694915255,-0.120146779661017
-0.25288101694915255,-0.10972440677966107
-0.25288101694915255,-0.09930203389830514
-0.25288101694915255,-0.0888796610169492
-0.25288101694915255,-0.07845728813559327
-0.25288101694915255,-0.06803491525423734
-0.25288101694915255,-0.057612542372881416
-0.25288101694915255,-0.047190169491525484
-0.25288101694915255,-0.03676779661016956
-0.25288101694915255,-0.026345423728813627
-0.25288101694915255,-0.015923050847457695
-0.25288101694915255,-0.005500677966101765
-0.25288101694915255,0.004921694915254165
-0.25288101694915255,0.015344067796610095
-0.25288101694915255,0.025766440677966025
-0.25288101694915255,0.03618881355932196
-0.25288101694915255,0.04661118644067792
-0.25288101694915255,0.05703355932203385
-0.25288101694915255,0.06745593220338977
-0.25288101694915255,0.0778783050847457
-0.25288101694915255,0.08830067796610164
-0.25288101694915255,0.09872305084745757
-0.25288101694915255,0.1091454237288135
-0.25288101694915255,0.11956779661016943
-0.25288101694915255,0.12999016949152536
-0.25288101694915255,0.14041254237288128
-0.25288101694915255,0.15083491525423723
-0.24229322033898304,-0.15141389830508478
-0.24229322033898304,-0.14099152542372886
-0.24229322033898304,-0.13056915254237292
-0.24229322033898304,-0.120146779661017
-0.24229322033898304,-0.10972440677966107
-0.24229322033898304,-0.09930203389830514
-0.24229322033898304,-0.0888796610169492
-0.24229322033898304,-0.07845728813559327
-0.24229322033898304,-0.06803491525423734
-0.24229322033898304,-0.057612542372881416
-0.24229322033898304,-0.047190169491525484
-0.24229322033898304,-0.03676779661016956
-0.24229322033898304,-0.026345423728813627
-0.24229322033898304,-0.015923050847457695
-0.24229322033898304,-0.005500677966101765
-0.24229322033898304,0.004921694915254165
-0.24229322033898304,0.015344067796610095
-0.24229322033898304,0.025766440677966025
-0.24229322033898304,0.03618881355932196
-0.24229322033898304,0.04661118644067792
-0.24229322033898304,0.05703355932203385
-0.24229322033898304,0.06745593220338977
-0.24229322033898304,0.0778783050847457
-0.24229322033898304,0.08830067796610164
-0.24229322033898304,0.09872305084745757
-0.24229322033898304,0.1091454237288135
-0.24229322033898304,0.11956779661016943
-0.24229322033898304,0.12999016949152536
-0.24229322033898304,0.14041254237288128
-0.23170542372881356,-0.16183627118644073
-0.23170542372881356,-0.15141389830508478
-0.23170542372881356,-0.14099152542372886
-0.23170542372881356,-0.13056915254237292
-0.23170542372881356,-0.120146779661017
-0.23170542372881356,-0.10972440677966107
-0.23170542372881356,-0.09930203389830514
-0.23170542372881356,-0.0888796610169492
-0.23170542372881356,-0.07845728813559327
-0.23170542372881356,-0.06803491525423734
-0.23170542372881356,-0.057612542372881416
-0.23170542372881356,-0.047190169491525484
-0.23170542372881356,-0.03676779661016956
-0.23170542372881356,-0.026345423728813627
-0.23170542372881356,-0.015923050847457695
-0.23170542372881356,-0.005500677966101765
-0.23170542372881356,0.004921694915254165
-0.23170542372881356,0.015344067796610095
-0.23170542372881356,0.025766440677966025
-0.23170542372881356,0.03618881355932196
-0.23170542372881356,0.04661118644067792
-0.23170542372881356,0.05703355932203385
-0.23170542372881356,0.06745593220338977
-0.23170542372881356,0.0778783050847457
-0.23170542372881356,0.08830067796610164
-0.23170542372881356,0.09872305084745757
-0.23170542372881356,0.1091454237288135
-0.23170542372881356,0.11956779661016943
-0.23170542372881356,0.12999016949152536
-0.23170542372881356,0.14041254237288128
-0.23170542372881356,0.15083491525423723
-0.22111762711864408,-0.16183627118644073
-0.22111762711864408,-0.15141389830508478
-0.22111762711864408,-0.14099152542372886
-0.22111762711864408,-0.13056915254237292
-0.22111762711864408,-0.120146779661017
-0.22111762711864408,-0.10972440677966107
-0.22111762711864408,-0.09930203389830514
-0.22111762711864408,-0.0888796610169492
-0.22111762711864408,-0.07845728813559327
-0.22111762711864408,-0.06803491525423734
-0.22111762711864408,-0.057612542372881416
-0.22111762711864408,-0.047190169491525484
-0.22111762711864408,-0.03676779661016956
-0.22111762711864408,-0.026345423728813627
-0.22111762711864408,-0.015923050847457695
-0.22111762711864408,-0.005500677966101765
-0.22111762711864408,0.004921694915254165
-0.22111762711864408,0.015344067796610095
-0.22111762711864408,0.025766440677966025
-0.22111762711864408,0.03618881355932196
-0.22111762711864408,0.04661118644067792
-0.22111762711864408,0.05703355932203385
-0.22111762711864408,0.06745593220338977
-0.22111762711864408,0.0778783050847457
-0.22111762711864408,0.08830067796610164
-0.22111762711864408,0.09872305084745757
-0.22111762711864408,0.1091454237288135
-0.22111762711864408,0.11956779661016943
-0.22111762711864408,0.12999016949152536
-0.22111762711864408,0.14041254237288128
-0.22111762711864408,0.15083491525423723
-0.21052983050847457,-0.17225864406779665
-0.21052983050847457,-0.16183627118644073
-0.21052983050847457,-0.15141389830508478
-0.21052983050847457,-0.14099152542372886
-0.21052983050847457,-0.13056915254237292
-0.21052983050847457,-0.120146779661017
-0.21052983050847457,-0.10972440677966107
-0.21052983050847457,-0.09930203389830514
-0.21052983050847457,-0.0888796610169492
-0.21052983050847457,-0.07845728813559327
-0.21052983050847457,-0.06803491525423734
-0.21052983050847457,-0.057612542372881416
-0.21052983050847457,-0.047190169491525484
-0.21052983050847457,-0.03676779661016956
-0.21052983050847457,-0.026345423728813627
-0.21052983050847457,-0.015923050847457695
-0.21052983050847457,-0.005500677966101765
-0.21052983050847457,0.004921694915254165
-0.21052983050847457,0.015344067796610095
-0.21052983050847457,0.025766440677966025
-0.21052983050847457,0.03618881355932196
-0.21052983050847457,0.04661118644067792
-0.21052983050847457,0.05703355932203385
-0.21052983050847457,0.06745593220338977
-0.21052983050847457,0.0778783050847457
-0.21052983050847457,0.08830067796610164
-0.21052983050847457,0.09872305084745757
-0.21052983050847457,0.1091454237288135
-0.21052983050847457,0.11956779661016943
-0.21052983050847457,0.12999016949152536
-0.21052983050847457,0.14041254237288128
-0.21052983050847457,0.15083491525423723
-0.21052983050847457,0.16125728813559315
-0.1999420338983051,-0.17225864406779665
-0.1999420338983051,-0.16183627118644073
-0.1999420338983051,-0.15141389830508478
-0.1999420338983051,-0.14099152542372886
-0.1999420338983051,-0.13056915254237292
-0.1999420338983051,-0.120146779661017
-0.1999420338983051,-0.10972440677966107
-0.1999420338983051,-0.09930203389830514
-0.1999420338983051,-0.0888796610169492
-0.1999420338983051,-0.07845728813559327
-0.1999420338983051,-0.06803491525423734
-0.1999420338983051,-0.057612542372881416
-0.1999420338983051,-0.047190169491525484
-0.1999420338983051,-0.03676779661016956
-0.1999420338983051,-0.026345423728813627
-0.1999420338983051,-0.015923050847457695
-0.1999420338983051,-0.005500677966101765
-0.1999420338983051,0.004921694915254165
-0.1999420338983051,0.015344067796610095
-0.1999420338983051,0.025766440677966025
-0.1999420338983051,0.03618881355932196
-0.1999420338983051,0.04661118644067792
-0.1999420338983051,0.05703355932203385
-0.1999420338983051,0.06745593220338977
-0.1999420338983051,0.0778783050847457
-0.1999420338983051,0.08830067796610164
-0.1999420338983051,0.09872305084745757
-0.1999420338983051,0.1091454237288135
-0.1999420338983051,0.11956779661016943
-0.1999420338983051,0.12999016949152536
-0.1999420338983051,0.14041254237288128
-0.1999420338983051,0.15083491525423723
-0.1999420338983051,0.16125728813559315
-0.1999420338983051,0.1716796610169491
-0.1893542372881356,-0.18268101694915256
-0.1893542372881356,-0.17225864406779665
-0.1893542372881356,-0.16183627118644073
-0.1893542372881356,-0.15141389830508478
-0.1893542372881356,-0.14099152542372886
-0.1893542372881356,-0.13056915254237292
-0.1893542372881356,-0.120146779661017
-0.1893542372881356,-0.10972440677966107
-0.1893542372881356,-0.09930203389830514
-0.1893542372881356,-0.0888796610169492
-0.1893542372881356,-0.07845728813559327
-0.1893542372881356,-0.06803491525423734
-0.1893542372881356,-0.057612542372881416
-0.1893542372881356,-0.047190169491525484
-0.1893542372881356,-0.03676779661016956
-0.1893542372881356,-0.026345423728813627
-0.1893542372881356,-0.015923050847457695
-0.1893542372881356,-0.005500677966101765
-0.1893542372881356,0.004921694915254165
-0.1893542372881356,0.015344067796610095
-0.1893542372881356,0.025766440677966025
-0.1893542372881356,0.03618881355932196
-0.1893542372881356,0.04661118644067792
-0.1893542372881356,0.05703355932203385
-0.1893542372881356,0.06745593220338977
-0.1893542372881356,0.0778783050847457
-0.1893542372881356,0.08830067796610164
-0.1893542372881356,0.09872305084745757
-0.1893542372881356,0.1091454237288135
-0.1893542372881356,0.11956779661016943
-0.1893542372881356,0.12999016949152536
-0.1893542372881356,0.14041254237288128
-0.1893542372881356,0.15083491525423723
-0.1893542372881356,0.16125728813559315
-0.1893542372881356,0.1716796610169491
-0.1787664406779661,-0.1931033898305085
-0.1787664406779661,-0.18268101694915256
-0.1787664406779661,-0.17225864406779665
-0.1787664406779661,-0.16183627118644073
-0.1787664406779661,-0.15141389830508478
-0.1787664406779661,-0.14099152542372886
-0.1787664406779661,-0.13056915254237292
-0.1787664406779661,-0.120146779661017
-0.1787664406779661,-0.10972440677966107
-0.1787664406779661,-0.09930203389830514
-0.1787664406779661,-0.0888796610169492
-0.1787664406779661,-0.07845728813559327
-0.1787664406779661,-0.06803491525423734
-0.1787664406779661,-0.057612542372881416
-0.1787664406779661,-0.047190169491525484
-0.1787664406779661,-0.03676779661016956
-0.1787664406779661,-0.026345423728813627
-0.1787664406779661,-0.015923050847457695
-0.1787664406779661,-0.005500677966101765
-0.1787664406779661,0.004921694915254165
-0.1787664406779661,0.015344067796610095
-0.1787664406779661,0.025766440677966025
-0.1787664406779661,0.03618881355932196
-0.1787664406779661,0.04661118644067792
-0.1787664406779661,0.05703355932203385
-0.1787664406779661,0.06745593220338977
-0.1787664406779661,0.0778783050847457
-0.1787664406779661,0.08830067796610164
-0.1787664406779661,0.09872305084745757
-0.1787664406779661,0.1091454237288135
-0.1787664406779661,0.11956779661016943
-0.1787664406779661,0.12999016949152536
-0.1787664406779661,0.14041254237288128
-0.1787664406779661,0.15083491525423723
-0.1787664406779661,0.16125728813559315
-0.1787664406779661,0.1716796610169491
-0.1787664406779661,0.182102033898305
-0.16817864406779662,-0.1931033898305085
-0.16817864406779662,-0.18268101694915256
-0.16817864406779662,-0.17225864406779665
-0.16817864406779662,-0.16183627118644073
-0.16817864406779662,-0.15141389830508478
-0.16817864406779662,-0.14099152542372886
-0.16817864406779662,-0.13056915254237292
-0.16817864406779662,-0.120146779661017
-0.16817864406779662,-0.10972440677966107
-0.16817864406779662,-0.09930203389830514
-0.16817864406779662,-0.0888796610169492
-0.16817864406779662,-0.07845728813559327
-0.16817864406779662,-0.06803491525423734
-0.16817864406779662,-0.057612542372881416
-0.16817864406779662,-0.047190169491525484
-0.16817864406779662,-0.03676779661016956
-0.16817864406779662,-0.026345423728813627
-0.16817864406779662,-0.015923050847457695
-0.16817864406779662,-0.005500677966101765
-0.16817864406779662,0.004921694915254165
-0.16817864406779662,0.015344067796610095
-0.16817864406779662,0.025766440677966025
-0.16817864406779662,0.03618881355932196
-0.16817864406779662,0.04661118644067792
-0.16817864406779662,0.05703355932203385
-0.16817864406779662,0.06745593220338977
-0.16817864406779662,0.0778783050847457
-0.16817864406779662,0.08830067796610164
-0.16817864406779662,0.09872305084745757
-0.16817864406779662,0.1091454237288135
-0.16817864406779662,0.11956779661016943
-0.16817864406779662,0.12999016949152536
-0.16817864406779662,0.14041254237288128
-0.16817864406779662,0.15083491525423723
-0.16817864406779662,0.16125728813559315
-0.16817864406779662,0.1716796610169491
-0.16817864406779662,0.182102033898305
-0.15759084745762714,-0.20352576271186443
-0.15759084745762714,-0.1931033898305085
-0.15759084745762714,-0.18268101694915256
-0.15759084745762714,-0.17225864406779665
-0.15759084745762714,-0.16183627118644073
-0.15759084745762714,-0.15141389830508478
-0.15759084745762714,-0.14099152542372886
-0.15759084745762714,-0.13056915254237292
-0.15759084745762714,-0.120146779661017
-0.15759084745762714,-0.10972440677966107
-0.15759084745762714,-0.09930203389830514
-0.15759084745762714,-0.0888796610169492
-0.15759084745762714,-0.07845728813559327
-0.15759084745762714,-0.06803491525423734
-0.15759084745762714,-0.057612542372881416
-0.15759084745762714,-0.047190169491525484
-0.15759084745762714,-0.03676779661016956
-0.15759084745762714,-0.026345423728813627
-0.15759084745762714,-0.015923050847457695
-0.15759084745762714,-0.005500677966101765
-0.15759084745762714,0.004921694915254165
-0.15759084745762714,0.015344067796610095
-0.15759084745762714,0.025766440677966025
-0.15759084745762714,0.03618881355932196
-0.15759084745762714,0.04661118644067792
-0.15759084745762714,0.05703355932203385
-0.15759084745762714,0.06745593220338977
-0.15759084745762714,0.0778783050847457
-0.15759084745762714,0.08830067796610164
-0.15759084745762714,0.09872305084745757
-0.15759084745762714,0.1091454237288135
-0.15759084745762714,0.11956779661016943
-0.15759084745762714,0.12999016949152536
-0.15759084745762714,0.14041254237288128
-0.15759084745762714,0.15083491525423723
-0.15759084745762714,0.16125728813559315
-0.15759084745762714,0.1716796610169491
-0.15759084745762714,0.182102033898305
-0.15759084745762714,0.20294677966101687
-0.14700305084745763,-0.20352576271186443
-0.14700305084745763,-0.1931033898305085
-0.14700305084745763,-0.18268101694915256
-0.14700305084745763,-0.17225864406779665
-0.14700305084745763,-0.16183627118644073
-0.14700305084745763,-0.15141389830508478
-0.14700305084745763,-0.14099152542372886
-0.14700305084745763,-0.13056915254237292
-0.14700305084745763,-0.120146779661017
-0.14700305084745763,-0.10972440677966107
-0.14700305084745763,-0.09930203389830514
-0.14700305084745763,-0.0888796610169492
-0.14700305084745763,-0.07845728813559327
-0.14700305084745763,-0.06803491525423734
-0.14700305084745763,-0.057612542372881416
-0.14700305084745763,-0.047190169491525484
-0.14700305084745763,-0.03676779661016956
-0.14700305084745763,-0.026345423728813627
-0.14700305084745763,-0.015923050847457695
-0.14700305084745763,-0.005500677966101765
-0.14700305084745763,0.004921694915254165
-0.14700305084745763,0.015344067796610095
-0.14700305084745763,0.025766440677966025
-0.14700305084745763,0.03618881355932196
-0.14700305084745763,0.04661118644067792
-0.14700305084745763,0.05703355932203385
-0.14700305084745763,0.06745593220338977
-0.14700305084745763,0.0778783050847457
-0.14700305084745763,0.08830067796610164
-0.14700305084745763,0.09872305084745757
-0.14700305084745763,0.1091454237288135
-0.14700305084745763,0.11956779661016943
-0.14700305084745763,0.12999016949152536
-0.14700305084745763,0.14041254237288128
-0.14700305084745763,0.15083491525423723
-0.14700305084745763,0.16125728813559315
-0.14700305084745763,0.1716796610169491
-0.14700305084745763,0.182102033898305
-0.13641525423728815,-0.20352576271186443
-0.13641525423728815,-0.1931033898305085
-0.13641525423728815,-0.18268101694915256
-0.13641525423728815,-0.17225864406779665
-0.13641525423728815,-0.16183627118644073
-0.13641525423728815,-0.15141389830508478
-0.13641525423728815,-0.14099152542372886
-0.13641525423728815,-0.13056915254237292
-0.13641525423728815,-0.120146779661017
-0.13641525423728815,-0.10972440677966107
-0.13641525423728815,-0.09930203389830514
-0.13641525423728815,-0.0888796610169492
-0.13641525423728815,-0.07845728813559327
-0.13641525423728815,-0.06803491525423734
-0.13641525423728815,-0.057612542372881416
-0.13641525423728815,-0.047190169491525484
-0.13641525423728815,-0.03676779661016956
-0.13641525423728815,-0.026345423728813627
-0.13641525423728815,-0.015923050847457695
-0.13641525423728815,-0.005500677966101765
-0.13641525423728815,0.004921694915254165
-0.13641525423728815,0.015344067796610095
-0.13641525423728815,0.025766440677966025
-0.13641525423728815,0.03618881355932196
-0.13641525423728815,0.04661118644067792
-0.13641525423728815,0.05703355932203385
-0.13641525423728815,0.06745593220338977
-0.13641525423728815,0.0778783050847457
-0.13641525423728815,0.08830067796610164
-0.13641525423728815,0.09872305084745757
-0.13641525423728815,0.1091454237288135
-0.13641525423728815,0.11956779661016943
-0.13641525423728815,0.12999016949152536
-0.13641525423728815,0.14041254237288128
-0.13641525423728815,0.15083491525423723
-0.13641525423728815,0.16125728813559315
-0.13641525423728815,0.1716796610169491
-0.13641525423728815,0.182102033898305
-0.12582745762711867,-0.21394813559322037
-0.12582745762711867,-0.20352576271186443
-0.12582745762711867,-0.1931033898305085
-0.12582745762711867,-0.18268101694915256
-0.12582745762711867,-0.17225864406779665
-0.12582745762711867,-0.16183627118644073
-0.12582745762711867,-0.15141389830508478
-0.12582745762711867,-0.14099152542372886
-0.12582745762711867,-0.13056915254237292
-0.12582745762711867,-0.120146779661017
-0.12582745762711867,-0.10972440677966107
-0.12582745762711867,-0.09930203389830514
-0.12582745762711867,-0.0888796610169492
-0.12582745762711867,-0.07845728813559327
-0.12582745762711867,-0.06803491525423734
-0.12582745762711867,-0.057612542372881416
-0.12582745762711867,-0.047190169491525484
-0.12582745762711867,-0.03676779661016956
-0.12582745762711867,-0.026345423728813627
-0.12582745762711867,-0.015923050847457695
-0.12582745762711867,-0.005500677966101765
-0.12582745762711867,0.004921694915254165
-0.12582745762711867,0.015344067796610095
-0.12582745762711867,0.025766440677966025
-0.12582745762711867,0.03618881355932196
-0.12582745762711867,0.04661118644067792
-0.12582745762711867,0.05703355932203385
-0.12582745762711867,0.06745593220338977
-0.12582745762711867,0.0778783050847457
-0.12582745762711867,0.08830067796610164
-0.12582745762711867,0.09872305084745757
-0.12582745762711867,0.1091454237288135
-0.12582745762711867,0.11956779661016943
-0.12582745762711867,0.12999016949152536
-0.12582745762711867,0.14041254237288128
-0.12582745762711867,0.15083491525423723
-0.12582745762711867,0.16125728813559315
-0.12582745762711867,0.1716796610169491
-0.12582745762711867,0.182102033898305
-0.11523966101694917,-0.21394813559322037
-0.11523966101694917,-0.20352576271186443
-0.11523966101694917,-0.1931033898305085
-0.11523966101694917,-0.18268101694915256
-0.11523966101694917,-0.17225864406779665
-0.11523966101694917,-0.16183627118644073
-0.11523966101694917,-0.15141389830508478
-0.11523966101694917,-0.14099152542372886
-0.11523966101694917,-0.13056915254237292
-0.11523966101694917,-0.120146779661017
-0.11523966101694917,-0.10972440677966107
-0.11523966101694917,-0.09930203389830514
-0.11523966101694917,-0.0888796610169492
-0.11523966101694917,-0.07845728813559327
-0.11523966101694917,-0.06803491525423734
-0.11523966101694917,-0.057612542372881416
-0.11523966101694917,-0.047190169491525484
-0.11523966101694917,-0.03676779661016956
-0.11523966101694917,-0.026345423728813627
-0.11523966101694917,-0.015923050847457695
-0.11523966101694917,-0.005500677966101765
-0.11523966101694917,0.004921694915254165
-0.11523966101694917,0.015344067796610095
-0.11523966101694917,0.025766440677966025
-0.11523966101694917,0.03618881355932196
-0.11523966101694917,0.04661118644067792
-0.11523966101694917,0.05703355932203385
-0.11523966101694917,0.06745593220338977
-0.11523966101694917,0.0778783050847457
-0.11523966101694917,0.08830067796610164
-0.11523966101694917,0.09872305084745757
-0.11523966101694917,0.1091454237288135
-0.11523966101694917,0.11956779661016943
-0.11523966101694917,0.12999016949152536
-0.11523966101694917,0.14041254237288128
-0.11523966101694917,0.15083491525423723
-0.11523966101694917,0.16125728813559315
-0.11523966101694917,0.1716796610169491
-0.11523966101694917,0.182102033898305
-0.10465186440677968,-0.2243705084745763
-0.10465186440677968,-0.21394813559322037
-0.10465186440677968,-0.20352576271186443
-0.10465186440677968,-0.1931033898305085
-0.10465186440677968,-0.18268101694915256
-0.10465186440677968,-0.17225864406779665
-0.10465186440677968,-0.16183627118644073
-0.10465186440677968,-0.15141389830508478
-0.10465186440677968,-0.14099152542372886
-0.10465186440677968,-0.13056915254237292
-0.10465186440677968,-0.120146779661017
-0.10465186440677968,-0.10972440677966107
-0.10465186440677968,-0.09930203389830514
-0.10465186440677968,-0.0888796610169492
-0.10465186440677968,-0.07845728813559327
-0.10465186440677968,-0.06803491525423734
-0.10465186440677968,-0.057612542372881416
-0.10465186440677968,-0.047190169491525484
-0.10465186440677968,-0.03676779661016956
-0.10465186440677968,-0.026345423728813627
-0.10465186440677968,-0.015923050847457695
-0.10465186440677968,-0.005500677966101765
-0.10465186440677968,0.004921694915254165
-0.10465186440677968,0.015344067796610095
-0.10465186440677968,0.025766440677966025
-0.10465186440677968,0.03618881355932196
-0.10465186440677968,0.04661118644067792
-0.10465186440677968,0.05703355932203385
-0.10465186440677968,0.06745593220338977
-0.10465186440677968,0.0778783050847457
-0.10465186440677968,0.08830067796610164
-0.10465186440677968,0.09872305084745757
-0.10465186440677968,0.1091454237288135
-0.10465186440677968,0.11956779661016943
-0.10465186440677968,0.12999016949152536
-0.10465186440677968,0.14041254237288128
-0.10465186440677968,0.15083491525423723
-0.10465186440677968,0.16125728813559315
-0.10465186440677968,0.1716796610169491
-0.0940640677966102,-0.2243705084745763
-0.0940640677966102,-0.21394813559322037
-0.0940640677966102,-0.20352576271186443
-0.0940640677966102,-0.1931033898305085
-0.0940640677966102,-0.18268101694915256
-0.0940640677966102,-0.17225864406779665
-0.0940640677966102,-0.16183627118644073
-0.0940640677966102,-0.15141389830508478
-0.0940640677966102,-0.14099152542372886
-0.0940640677966102,-0.13056915254237292
-0.0940640677966102,-0.120146779661017
-0.0940640677966102,-0.10972440677966107
-0.0940640677966102,-0.09930203389830514
-0.0940640677966102,-0.0888796610169492
-0.0940640677966102,-0.07845728813559327
-0.0940640677966102,-0.06803491525423734
-0.0940640677966102,-0.057612542372881416
-0.0940640677966102,-0.047190169491525484
-0.0940640677966102,-0.03676779661016956
-0.0940640677966102,-0.026345423728813627
-0.0940640677966102,-0.015923050847457695
-0.0940640677966102,-0.005500677966101765
-0.0940640677966102,0.004921694915254165
-0.0940640677966102,0.015344067796610095
-0.0940640677966102,0.025766440677966025
-0.0940640677966102,0.03618881355932196
-0.0940640677966102,0.04661118644067792
-0.0940640677966102,0.05703355932203385
-0.0940640677966102,0.06745593220338977
-0.0940640677966102,0.0778783050847457
-0.0940640677966102,0.08830067796610164
-0.0940640677966102,0.09872305084745757
-0.0940640677966102,0.1091454237288135
-0.0940640677966102,0.11956779661016943
-0.0940640677966102,0.12999016949152536
-0.0940640677966102,0.14041254237288128
-0.0940640677966102,0.15083491525423723
-0.0940640677966102,0.16125728813559315
-0.0940640677966102,0.1716796610169491
-0.0834762711864407,-0.23479288135593224
-0.0834762711864407,-0.2243705084745763
-0.0834762711864407,-0.21394813559322037
-0.0834762711864407,-0.20352576271186443
-0.0834762711864407,-0.1931033898305085
-0.0834762711864407,-0.18268101694915256
-0.0834762711864407,-0.17225864406779665
-0.0834762711864407,-0.16183627118644073
-0.0834762711864407,-0.15141389830508478
-0.0834762711864407,-0.14099152542372886
-0.0834762711864407,-0.13056915254237292
-0.0834762711864407,-0.120146779661017
-0.0834762711864407,-0.10972440677966107
-0.0834762711864407,-0.09930203389830514
-0.0834762711864407,-0.0888796610169492
-0.0834762711864407,-0.07845728813559327
-0.0834762711864407,-0.06803491525423734
-0.0834762711864407,-0.057612542372881416
-0.0834762711864407,-0.047190169491525484
-0.0834762711864407,-0.03676779661016956
-0.0834762711864407,-0.026345423728813627
-0.0834762711864407,-0.015923050847457695
-0.0834762711864407,-0.005500677966101765
-0.0834762711864407,0.004921694915254165
-0.0834762711864407,0.015344067796610095
-0.0834762711864407,0.025766440677966025
-0.0834762711864407,0.03618881355932196
-0.0834762711864407,0.04661118644067792
-0.0834762711864407,0.05703355932203385
-0.0834762711864407,0.06745593220338977
-0.0834762711864407,0.0778783050847457
-0.0834762711864407,0.08830067796610164
-0.0834762711864407,0.09872305084745757
-0.0834762711864407,0.1091454237288135
-0.0834762711864407,0.11956779661016943
-0.0834762711864407,0.12999016949152536
-0.0834762711864407,0.14041254237288128
-0.0834762711864407,0.15083491525423723
-0.0834762711864407,0.16125728813559315
-0.0834762711864407,0.1716796610169491
-0.0728884745762712,-0.24521525423728815
-0.0728884745762712,-0.23479288135593224
-0.0728884745762712,-0.2243705084745763
-0.0728884745762712,-0.21394813559322037
-0.0728884745762712,-0.20352576271186443
-0.0728884745762712,-0.1931033898305085
-0.0728884745762712,-0.18268101694915256
-0.0728884745762712,-0.17225864406779665
-0.0728884745762712,-0.16183627118644073
-0.0728884745762712,-0.15141389830508478
-0.0728884745762712,-0.14099152542372886
-0.0728884745762712,-0.13056915254237292
-0.0728884745762712,-0.120146779661017
-0.0728884745762712,-0.10972440677966107
-0.0728884745762712,-0.09930203389830514
-0.0728884745762712,-0.0888796610169492
-0.0728884745762712,-0.07845728813559327
-0.0728884745762712,-0.06803491525423734
-0.0728884745762712,-0.057612542372881416
-0.0728884745762712,-0.047190169491525484
-0.0728884745762712,-0.03676779661016956
-0.0728884745762712,-0.026345423728813627
-0.0728884745762712,-0.015923050847457695
-0.0728884745762712,-0.005500677966101765
-0.0728884745762712,0.004921694915254165
-0.0728884745762712,0.015344067796610095
-0.0728884745762712,0.025766440677966025
-0.0728884745762712,0.03618881355932196
-0.0728884745762712,0.04661118644067792
-0.0728884745762712,0.05703355932203385
-0.0728884745762712,0.06745593220338977
-0.0728884745762712,0.0778783050847457
-0.0728884745762712,0.08830067796610164
-0.0728884745762712,0.09872305084745757
-0.0728884745762712,0.1091454237288135
-0.0728884745762712,0.11956779661016943
-0.0728884745762712,0.12999016949152536
-0.0728884745762712,0.14041254237288128
-0.0728884745762712,0.15083491525423723
-0.0728884745762712,0.16125728813559315
-0.06230067796610172,-0.24521525423728815
-0.06230067796610172,-0.23479288135593224
-0.06230067796610172,-0.2243705084745763
-0.06230067796610172,-0.21394813559322037
-0.06230067796610172,-0.20352576271186443
-0.06230067796610172,-0.1931033898305085
-0.06230067796610172,-0.18268101694915256
-0.06230067796610172,-0.17225864406779665
-0.06230067796610172,-0.16183627118644073
-0.06230067796610172,-0.15141389830508478
-0.06230067796610172,-0.14099152542372886
-0.06230067796610172,-0.13056915254237292
-0.06230067796610172,-0.120146779661017
-0.06230067796610172,-0.10972440677966107
-0.06230067796610172,-0.09930203389830514
-0.06230067796610172,-0.0888796610169492
-0.06230067796610172,-0.07845728813559327
-0.06230067796610172,-0.06803491525423734
-0.06230067796610172,-0.057612542372881416
-0.06230067796610172,-0.047190169491525484
-0.06230067796610172,-0.03676779661016956
-0.06230067796610172,-0.026345423728813627
-0.06230067796610172,-0.015923050847457695
-0.06230067796610172,-0.005500677966101765
-0.06230067796610172,0.004921694915254165
-0.06230067796610172,0.015344067796610095
-0.06230067796610172,0.025766440677966025
-0.06230067796610172,0.03618881355932196
-0.06230067796610172,0.04661118644067792
-0.06230067796610172,0.05703355932203385
-0.06230067796610172,0.06745593220338977
-0.06230067796610172,0.0778783050847457
-0.06230067796610172,0.08830067796610164
-0.06230067796610172,0.09872305084745757
-0.06230067796610172,0.1091454237288135
-0.06230067796610172,0.11956779661016943
-0.06230067796610172,0.12999016949152536
-0.06230067796610172,0.14041254237288128
-0.06230067796610172,0.15083491525423723
-0.06230067796610172,0.16125728813559315
-0.05171288135593223,-0.24521525423728815
-0.05171288135593223,-0.23479288135593224
-0.05171288135593223,-0.2243705084745763
-0.05171288135593223,-0.21394813559322037
-0.05171288135593223,-0.20352576271186443
-0.05171288135593223,-0.1931033898305085
-0.05171288135593223,-0.18268101694915256
-0.05171288135593223,-0.17225864406779665
-0.05171288135593223,-0.16183627118644073
-0.05171288135593223,-0.15141389830508478
-0.05171288135593223,-0.14099152542372886
-0.05171288135593223,-0.13056915254237292
-0.05171288135593223,-0.120146779661017
-0.05171288135593223,-0.10972440677966107
-0.05171288135593223,-0.09930203389830514
-0.05171288135593223,-0.0888796610169492
-0.05171288135593223,-0.07845728813559327
-0.05171288135593223,-0.06803491525423734
-0.05171288135593223,-0.057612542372881416
-0.05171288135593223,-0.047190169491525484
-0.05171288135593223,-0.03676779661016956
-0.05171288135593223,-0.026345423728813627
-0.05171288135593223,-0.015923050847457695
-0.05171288135593223,-0.005500677966101765
-0.05171288135593223,0.004921694915254165
-0.05171288135593223,0.015344067796610095
-0.05171288135593223,0.025766440677966025
-0.05171288135593223,0.03618881355932196
-0.05171288135593223,0.04661118644067792
-0.05171288135593223,0.05703355932203385
-0.05171288135593223,0.06745593220338977
-0.05171288135593223,0.0778783050847457
-0.05171288135593223,0.08830067796610164
-0.05171288135593223,0.09872305084745757
-0.05171288135593223,0.1091454237288135
-0.05171288135593223,0.11956779661016943
-0.05171288135593223,0.12999016949152536
-0.05171288135593223,0.14041254237288128
-0.05171288135593223,0.15083491525423723
-0.05171288135593223,0.16125728813559315
-0.05171288135593223,0.182102033898305
-0.04112508474576274,-0.24521525423728815
-0.04112508474576274,-0.23479288135593224
-0.04112508474576274,-0.2243705084745763
-0.04112508474576274,-0.21394813559322037
-0.04112508474576274,-0.20352576271186443
-0.04112508474576274,-0.1931033898305085
-0.04112508474576274,-0.18268101694915256
-0.04112508474576274,-0.17225864406779665
-0.04112508474576274,-0.16183627118644073
-0.04112508474576274,-0.15141389830508478
-0.04112508474576274,-0.14099152542372886
-0.04112508474576274,-0.13056915254237292
-0.04112508474576274,-0.120146779661017
-0.04112508474576274,-0.10972440677966107
-0.04112508474576274,-0.09930203389830514
-0.04112508474576274,-0.0888796610169492
-0.04112508474576274,-0.07845728813559327
-0.04112508474576274,-0.06803491525423734
-0.04112508474576274,-0.057612542372881416
-0.04112508474576274,-0.047190169491525484
-0.04112508474576274,-0.03676779661016956
-0.04112508474576274,-0.026345423728813627
-0.04112508474576274,-0.015923050847457695
-0.04112508474576274,-0.005500677966101765
-0.04112508474576274,0.004921694915254165
-0.04112508474576274,0.015344067796610095
-0.04112508474576274,0.025766440677966025
-0.04112508474576274,0.03618881355932196
-0.04112508474576274,0.04661118644067792
-0.04112508474576274,0.05703355932203385
-0.04112508474576274,0.06745593220338977
-0.04112508474576274,0.0778783050847457
-0.04112508474576274,0.08830067796610164
-0.04112508474576274,0.09872305084745757
-0.04112508474576274,0.1091454237288135
-0.04112508474576274,0.11956779661016943
-0.04112508474576274,0.12999016949152536
-0.04112508474576274,0.14041254237288128
-0.04112508474576274,0.15083491525423723
-0.03053728813559325,-0.24521525423728815
-0.03053728813559325,-0.23479288135593224
-0.03053728813559325,-0.2243705084745763
-0.03053728813559325,-0.21394813559322037
-0.03053728813559325,-0.20352576271186443
-0.03053728813559325,-0.1931033898305085
-0.03053728813559325,-0.18268101694915256
-0.03053728813559325,-0.17225864406779665
-0.03053728813559325,-0.16183627118644073
-0.03053728813559325,-0.15141389830508478
-0.03053728813559325,-0.14099152542372886
-0.03053728813559325,-0.13056915254237292
-0.03053728813559325,-0.120146779661017
-0.03053728813559325,-0.10972440677966107
-0.03053728813559325,-0.09930203389830514
-0.03053728813559325,-0.0888796610169492
-0.03053728813559325,-0.07845728813559327
-0.03053728813559325,-0.06803491525423734
-0.03053728813559325,-0.057612542372881416
-0.03053728813559325,-0.047190169491525484
-0.03053728813559325,-0.03676779661016956
-0.03053728813559325,-0.026345423728813627
-0.03053728813559325,-0.015923050847457695
-0.03053728813559325,-0.005500677966101765
-0.03053728813559325,0.004921694915254165
-0.03053728813559325,0.015344067796610095
-0.03053728813559325,0.025766440677966025
-0.03053728813559325,0.03618881355932196
-0.03053728813559325,0.04661118644067792
-0.03053728813559325,0.05703355932203385
-0.03053728813559325,0.06745593220338977
-0.03053728813559325,0.0778783050847457
-0.03053728813559325,0.08830067796610164
-0.03053728813559325,0.09872305084745757
-0.03053728813559325,0.1091454237288135
-0.03053728813559325,0.11956779661016943
-0.03053728813559325,0.12999016949152536
-0.03053728813559325,0.14041254237288128
-0.03053728813559325,0.15083491525423723
-0.01994949152542376,-0.2556376271186441
-0.01994949152542376,-0.24521525423728815
-0.01994949152542376,-0.23479288135593224
-0.01994949152542376,-0.2243705084745763
-0.01994949152542376,-0.21394813559322037
-0.01994949152542376,-0.20352576271186443
-0.01994949152542376,-0.1931033898305085
-0.01994949152542376,-0.18268101694915256
-0.01994949152542376,-0.17225864406779665
-0.01994949152542376,-0.16183627118644073
-0.01994949152542376,-0.15141389830508478
-0.01994949152542376,-0.14099152542372886
-0.01994949152542376,-0.13056915254237292
-0.01994949152542376,-0.120146779661017
-0.01994949152542376,-0.10972440677966107
-0.01994949152542376,-0.09930203389830514
-0.01994949152542376,-0.0888796610169492
-0.01994949152542376,-0.07845728813559327
-0.01994949152542376,-0.06803491525423734
-0.01994949152542376,-0.057612542372881416
-0.01994949152542376,-0.047190169491525484
-0.01994949152542376,-0.03676779661016956
-0.01994949152542376,-0.026345423728813627
-0.01994949152542376,-0.015923050847457695
-0.01994949152542376,-0.005500677966101765
-0.01994949152542376,0.004921694915254165
-0.01994949152542376,0.015344067796610095
-0.01994949152542376,0.025766440677966025
-0.01994949152542376,0.03618881355932196
-0.01994949152542376,0.04661118644067792
-0.01994949152542376,0.05703355932203385
-0.01994949152542376,0.06745593220338977
-0.01994949152542376,0.0778783050847457
-0.01994949152542376,0.08830067796610164
-0.01994949152542376,0.09872305084745757
-0.01994949152542376,0.1091454237288135
-0.01994949152542376,0.11956779661016943
-0.01994949152542376,0.12999016949152536
-0.01994949152542376,0.14041254237288128
-0.01994949152542376,0.15083491525423723
-0.009361694915254272,-0.2556376271186441
-0.009361694915254272,-0.24521525423728815
-0.009361694915254272,-0.23479288135593224
-0.009361694915254272,-0.2243705084745763
-0.009361694915254272,-0.21394813559322037
-0.009361694915254272,-0.20352576271186443
-0.009361694915254272,-0.1931033898305085
-0.009361694915254272,-0.18268101694915256
-0.009361694915254272,-0.17225864406779665
-0.009361694915254272,-0.16183627118644073
-0.009361694915254272,-0.15141389830508478
-0.009361694915254272,-0.14099152542372886
-0.009361694915254272,-0.13056915254237292
-0.009361694915254272,-0.120146779661017
-0.009361694915254272,-0.10972440677966107
-0.009361694915254272,-0.09930203389830514
-0.009361694915254272,-0.0888796610169492
-0.009361694915254272,-0.07845728813559327
-0.009361694915254272,-0.06803491525423734
-0.009361694915254272,-0.057612542372881416
-0.009361694915254272,-0.047190169491525484
-0.009361694915254272,-0.03676779661016956
-0.009361694915254272,-0.026345423728813627
-0.009361694915254272,-0.015923050847457695
-0.009361694915254272,-0.005500677966101765
-0.009361694915254272,0.004921694915254165
-0.009361694915254272,0.015344067796610095
-0.009361694915254272,0.025766440677966025
-0.009361694915254272,0.03618881355932196
-0.009361694915254272,0.04661118644067792
-0.009361694915254272,0.05703355932203385
-0.009361694915254272,0.06745593220338977
-0.009361694915254272,0.0778783050847457
-0.009361694915254272,0.08830067796610164
-0.009361694915254272,0.09872305084745757
-0.009361694915254272,0.1091454237288135
-0.009361694915254272,0.11956779661016943
-0.009361694915254272,0.12999016949152536
-0.009361694915254272,0.14041254237288128
-0.009361694915254272,0.15083491525423723
0.0012261016949152177,-0.26606
0.0012261016949152177,-0.2556376271186441
0.0012261016949152177,-0.24521525423728815
0.0012261016949152177,-0.23479288135593224
0.0012261016949152177,-0.2243705084745763
0.0012261016949152177,-0.21394813559322037
0.0012261016949152177,-0.20352576271186443
0.0012261016949152177,-0.1931033898305085
0.0012261016949152177,-0.18268101694915256
0.0012261016949152177,-0.17225864406779665
0.0012261016949152177,-0.16183627118644073
0.0012261016949152177,-0.15141389830508478
0.0012261016949152177,-0.14099152542372886
0.0012261016949152177,-0.13056915254237292
0.0012261016949152177,-0.120146779661017
0.0012261016949152177,-0.10972440677966107
0.0012261016949152177,-0.09930203389830514
0.0012261016949152177,-0.0888796610169492
0.0012261016949152177,-0.07845728813559327
0.0012261016949152177,-0.06803491525423734
0.0012261016949152177,-0.057612542372881416
0.0012261016949152177,-0.047190169491525484
0.0012261016949152177,-0.03676779661016956
0.0012261016949152177,-0.026345423728813627
0.0012261016949152177,-0.015923050847457695
0.0012261016949152177,-0.005500677966101765
0.0012261016949152177,0.004921694915254165
0.0012261016949152177,0.015344067796610095
0.0012261016949152177,0.025766440677966025
0.0012261016949152177,0.03618881355932196
0.0012261016949152177,0.04661118644067792
0.0012261016949152177,0.05703355932203385
0.0012261016949152177,0.06745593220338977
0.0012261016949152177,0.0778783050847457
0.0012261016949152177,0.08830067796610164
0.0012261016949152177,0.09872305084745757
0.0012261016949152177,0.1091454237288135
0.0012261016949152177,0.11956779661016943
0.0012261016949152177,0.12999016949152536
0.0012261016949152177,0.14041254237288128
0.0012261016949152177,0.15083491525423723
0.011813898305084778,-0.26606
0.011813898305084778,-0.2556376271186441
0.011813898305084778,-0.24521525423728815
0.011813898305084778,-0.23479288135593224
0.011813898305084778,-0.2243705084745763
0.011813898305084778,-0.21394813559322037
0.011813898305084778,-0.20352576271186443
0.011813898305084778,-0.1931033898305085
0.011813898305084778,-0.18268101694915256
0.011813898305084778,-0.17225864406779665
0.011813898305084778,-0.16183627118644073
0.011813898305084778,-0.15141389830508478
0.011813898305084778,-0.14099152542372886
0.011813898305084778,-0.13056915254237292
0.011813898305084778,-0.120146779661017
0.011813898305084778,-0.10972440677966107
0.011813898305084778,-0.09930203389830514
0.011813898305084778,-0.0888796610169492
0.011813898305084778,-0.07845728813559327
0.011813898305084778,-0.06803491525423734
0.011813898305084778,-0.057612542372881416
0.011813898305084778,-0.047190169491525484
0.011813898305084778,-0.03676779661016956
0.011813898305084778,-0.026345423728813627
0.011813898305084778,-0.015923050847457695
0.011813898305084778,-0.005500677966101765
0.011813898305084778,0.004921694915254165
0.011813898305084778,0.015344067796610095
0.011813898305084778,0.025766440677966025
0.011813898305084778,0.03618881355932196
0.011813898305084778,0.04661118644067792
0.011813898305084778,0.05703355932203385
0.011813898305084778,0.06745593220338977
0.011813898305084778,0.0778783050847457
0.011813898305084778,0.08830067796610164
0.011813898305084778,0.09872305084745757
0.011813898305084778,0.1091454237288135
0.011813898305084778,0.11956779661016943
0.011813898305084778,0.12999016949152536
0.011813898305084778,0.14041254237288128
0.011813898305084778,0.15083491525423723
0.022401694915254268,-0.2556376271186441
0.022401694915254268,-0.24521525423728815
0.022401694915254268,-0.23479288135593224
0.022401694915254268,-0.2243705084745763
0.022401694915254268,-0.21394813559322037
0.022401694915254268,-0.20352576271186443
0.022401694915254268,-0.1931033898305085
0.022401694915254268,-0.18268101694915256
0.022401694915254268,-0.17225864406779665
0.022401694915254268,-0.16183627118644073
0.022401694915254268,-0.15141389830508478
0.022401694915254268,-0.14099152542372886
0.022401694915254268,-0.13056915254237292
0.022401694915254268,-0.120146779661017
0.022401694915254268,-0.10972440677966107
0.022401694915254268,-0.09930203389830514
0.022401694915254268,-0.0888796610169492
0.022401694915254268,-0.07845728813559327
0.022401694915254268,-0.06803491525423734
0.022401694915254268,-0.057612542372881416
0.022401694915254268,-0.047190169491525484
0.022401694915254268,-0.03676779661016956
0.022401694915254268,-0.026345423728813627
0.022401694915254268,-0.015923050847457695
0.022401694915254268,-0.005500677966101765
0.022401694915254268,0.004921694915254165
0.022401694915254268,0.015344067796610095
0.022401694915254268,0.025766440677966025
0.022401694915254268,0.03618881355932196
0.022401694915254268,0.04661118644067792
0.022401694915254268,0.05703355932203385
0.022401694915254268,0.06745593220338977
0.022401694915254268,0.0778783050847457
0.022401694915254268,0.08830067796610164
0.022401694915254268,0.09872305084745757
0.022401694915254268,0.1091454237288135
0.022401694915254268,0.11956779661016943
0.022401694915254268,0.12999016949152536
0.022401694915254268,0.14041254237288128
0.022401694915254268,0.15083491525423723
0.032989491525423756,-0.26606
0.032989491525423756,-0.2556376271186441
0.032989491525423756,-0.24521525423728815
0.032989491525423756,-0.23479288135593224
0.032989491525423756,-0.2243705084745763
0.032989491525423756,-0.21394813559322037
0.032989491525423756,-0.20352576271186443
0.032989491525423756,-0.1931033898305085
0.032989491525423756,-0.18268101694915256
0.032989491525423756,-0.17225864406779665
0.032989491525423756,-0.16183627118644073
0.032989491525423756,-0.15141389830508478
0.032989491525423756,-0.14099152542372886
0.032989491525423756,-0.13056915254237292
0.032989491525423756,-0.120146779661017
0.032989491525423756,-0.10972440677966107
0.032989491525423756,-0.09930203389830514
0.032989491525423756,-0.0888796610169492
0.032989491525423756,-0.07845728813559327
0.032989491525423756,-0.06803491525423734
0.032989491525423756,-0.057612542372881416
0.032989491525423756,-0.047190169491525484
0.032989491525423756,-0.03676779661016956
0.032989491525423756,-0.026345423728813627
0.032989491525423756,-0.015923050847457695
0.032989491525423756,-0.005500677966101765
0.032989491525423756,0.004921694915254165
0.032989491525423756,0.015344067796610095
0.032989491525423756,0.025766440677966025
0.032989491525423756,0.03618881355932196
0.032989491525423756,0.04661118644067792
0.032989491525423756,0.05703355932203385
0.032989491525423756,0.06745593220338977
0.032989491525423756,0.0778783050847457
0.032989491525423756,0.08830067796610164
0.032989491525423756,0.09872305084745757
0.032989491525423756,0.1091454237288135
0.032989491525423756,0.11956779661016943
0.032989491525423756,0.12999016949152536
0.032989491525423756,0.14041254237288128
0.032989491525423756,0.15083491525423723
0.032989491525423756,0.16125728813559315
0.032989491525423756,0.2133691525423728
0.04357728813559325,-0.26606
0.04357728813559325,-0.2556376271186441
0.04357728813559325,-0.24521525423728815
0.04357728813559325,-0.23479288135593224
0.04357728813559325,-0.2243705084745763
0.04357728813559325,-0.21394813559322037
0.04357728813559325,-0.20352576271186443
0.04357728813559325,-0.1931033898305085
0.04357728813559325,-0.18268101694915256
0.04357728813559325,-0.17225864406779665
0.04357728813559325,-0.16183627118644073
0.04357728813559325,-0.15141389830508478
0.04357728813559325,-0.14099152542372886
0.04357728813559325,-0.13056915254237292
0.04357728813559325,-0.120146779661017
0.04357728813559325,-0.10972440677966107
0.04357728813559325,-0.09930203389830514
0.04357728813559325,-0.0888796610169492
0.04357728813559325,-0.07845728813559327
0.04357728813559325,-0.06803491525423734
0.04357728813559325,-0.057612542372881416
0.04357728813559325,-0.047190169491525484
0.04357728813559325,-0.03676779661016956
0.04357728813559325,-0.026345423728813627
0.04357728813559325,-0.015923050847457695
0.04357728813559325,-0.005500677966101765
0.04357728813559325,0.004921694915254165
0.04357728813559325,0.015344067796610095
0.04357728813559325,0.025766440677966025
0.04357728813559325,0.03618881355932196
0.04357728813559325,0.04661118644067792
0.04357728813559325,0.05703355932203385
0.04357728813559325,0.06745593220338977
0.04357728813559325,0.0778783050847457
0.04357728813559325,0.08830067796610164
0.04357728813559325,0.09872305084745757
0.04357728813559325,0.1091454237288135
0.04357728813559325,0.11956779661016943
0.04357728813559325,0.12999016949152536
0.04357728813559325,0.14041254237288128
0.04357728813559325,0.15083491525423723
0.04357728813559325,0.16125728813559315
0.04357728813559325,0.2759033898305084
0.04357728813559325,0.28632576271186433
0.04357728813559325,0.2967481355932202
0.05416508474576274,-0.26606
0.05416508474576274,-0.2556376271186441
0.05416508474576274,-0.24521525423728815
0.05416508474576274,-0.23479288135593224
0.05416508474576274,-0.2243705084745763
0.05416508474576274,-0.21394813559322037
0.05416508474576274,-0.20352576271186443
0.05416508474576274,-0.1931033898305085
0.05416508474576274,-0.18268101694915256
0.05416508474576274,-0.17225864406779665
0.05416508474576274,-0.16183627118644073
0.05416508474576274,-0.15141389830508478
0.05416508474576274,-0.14099152542372886
0.05416508474576274,-0.13056915254237292
0.05416508474576274,-0.120146779661017
0.05416508474576274,-0.10972440677966107
0.05416508474576274,-0.09930203389830514
0.05416508474576274,-0.0888796610169492
0.05416508474576274,-0.07845728813559327
0.05416508474576274,-0.06803491525423734
0.05416508474576274,-0.057612542372881416
0.05416508474576274,-0.047190169491525484
0.05416508474576274,-0.03676779661016956
0.05416508474576274,-0.026345423728813627
0.05416508474576274,-0.015923050847457695
0.05416508474576274,-0.005500677966101765
0.05416508474576274,0.004921694915254165
0.05416508474576274,0.015344067796610095
0.05416508474576274,0.025766440677966025
0.05416508474576274,0.03618881355932196
0.05416508474576274,0.04661118644067792
0.05416508474576274,0.05703355932203385
0.05416508474576274,0.06745593220338977
0.05416508474576274,0.0778783050847457
0.05416508474576274,0.08830067796610164
0.05416508474576274,0.09872305084745757
0.05416508474576274,0.1091454237288135
0.05416508474576274,0.11956779661016943
0.05416508474576274,0.12999016949152536
0.05416508474576274,0.14041254237288128
0.05416508474576274,0.15083491525423723
0.05416508474576274,0.25505864406779655
0.05416508474576274,0.2759033898305084
0.05416508474576274,0.28632576271186433
0.05416508474576274,0.2967481355932202
0.05416508474576274,0.30717050847457616
0.06475288135593223,-0.2556376271186441
0.06475288135593223,-0.24521525423728815
0.06475288135593223,-0.23479288135593224
0.06475288135593223,-0.2243705084745763
0.06475288135593223,-0.21394813559322037
0.06475288135593223,-0.20352576271186443
0.06475288135593223,-0.1931033898305085
0.06475288135593223,-0.18268101694915256
0.06475288135593223,-0.17225864406779665
0.06475288135593223,-0.16183627118644073
0.06475288135593223,-0.15141389830508478
0.06475288135593223,-0.14099152542372886
0.06475288135593223,-0.13056915254237292
0.06475288135593223,-0.120146779661017
0.06475288135593223,-0.10972440677966107
0.06475288135593223,-0.09930203389830514
0.06475288135593223,-0.0888796610169492
0.06475288135593223,-0.07845728813559327
0.06475288135593223,-0.06803491525423734
0.06475288135593223,-0.057612542372881416
0.06475288135593223,-0.047190169491525484
0.06475288135593223,-0.03676779661016956
0.06475288135593223,-0.026345423728813627
0.06475288135593223,-0.015923050847457695
0.06475288135593223,-0.005500677966101765
0.06475288135593223,0.004921694915254165
0.06475288135593223,0.015344067796610095
0.06475288135593223,0.025766440677966025
0.06475288135593223,0.03618881355932196
0.06475288135593223,0.04661118644067792
0.06475288135593223,0.05703355932203385
0.06475288135593223,0.06745593220338977
0.06475288135593223,0.0778783050847457
0.06475288135593223,0.08830067796610164
0.06475288135593223,0.09872305084745757
0.06475288135593223,0.1091454237288135
0.06475288135593223,0.11956779661016943
0.06475288135593223,0.12999016949152536
0.06475288135593223,0.14041254237288128
0.06475288135593223,0.15083491525423723
0.06475288135593223,0.1716796610169491
0.06475288135593223,0.20294677966101687
0.06475288135593223,0.2133691525423728
0.06475288135593223,0.23421389830508466
0.06475288135593223,0.25505864406779655
0.06475288135593223,0.26548101694915244
0.06475288135593223,0.2759033898305084
0.06475288135593223,0.28632576271186433
0.06475288135593223,0.2967481355932202
0.06475288135593223,0.30717050847457616
0.06475288135593223,0.3175928813559321
0.07534067796610172,-0.2556376271186441
0.07534067796610172,-0.24521525423728815
0.07534067796610172,-0.23479288135593224
0.07534067796610172,-0.2243705084745763
0.07534067796610172,-0.21394813559322037
0.07534067796610172,-0.20352576271186443
0.07534067796610172,-0.1931033898305085
0.07534067796610172,-0.18268101694915256
0.07534067796610172,-0.17225864406779665
0.07534067796610172,-0.16183627118644073
0.07534067796610172,-0.15141389830508478
0.07534067796610172,-0.14099152542372886
0.07534067796610172,-0.13056915254237292
0.07534067796610172,-0.120146779661017
0.07534067796610172,-0.10972440677966107
0.07534067796610172,-0.09930203389830514
0.07534067796610172,-0.0888796610169492
0.07534067796610172,-0.07845728813559327
0.07534067796610172,-0.06803491525423734
0.07534067796610172,-0.057612542372881416
0.07534067796610172,-0.047190169491525484
0.07534067796610172,-0.03676779661016956
0.07534067796610172,-0.026345423728813627
0.07534067796610172,-0.015923050847457695
0.07534067796610172,-0.005500677966101765
0.07534067796610172,0.004921694915254165
0.07534067796610172,0.015344067796610095
0.07534067796610172,0.025766440677966025
0.07534067796610172,0.03618881355932196
0.07534067796610172,0.04661118644067792
0.07534067796610172,0.05703355932203385
0.07534067796610172,0.06745593220338977
0.07534067796610172,0.0778783050847457
0.07534067796610172,0.08830067796610164
0.07534067796610172,0.09872305084745757
0.07534067796610172,0.1091454237288135
0.07534067796610172,0.11956779661016943
0.07534067796610172,0.12999016949152536
0.07534067796610172,0.14041254237288128
0.07534067796610172,0.15083491525423723
0.07534067796610172,0.20294677966101687
0.07534067796610172,0.2133691525423728
0.07534067796610172,0.22379152542372874
0.07534067796610172,0.23421389830508466
0.07534067796610172,0.2446362711864406
0.07534067796610172,0.25505864406779655
0.07534067796610172,0.26548101694915244
0.07534067796610172,0.2759033898305084
0.07534067796610172,0.28632576271186433
0.07534067796610172,0.2967481355932202
0.07534067796610172,0.30717050847457616
0.07534067796610172,0.3175928813559321
0.07534067796610172,0.32801525423728806
0.0859284745762712,-0.2556376271186441
0.0859284745762712,-0.24521525423728815
0.0859284745762712,-0.23479288135593224
0.0859284745762712,-0.2243705084745763
0.0859284745762712,-0.21394813559322037
0.0859284745762712,-0.20352576271186443
0.0859284745762712,-0.1931033898305085
0.0859284745762712,-0.18268101694915256
0.0859284745762712,-0.17225864406779665
0.0859284745762712,-0.16183627118644073
0.0859284745762712,-0.15141389830508478
0.0859284745762712,-0.14099152542372886
0.0859284745762712,-0.13056915254237292
0.0859284745762712,-0.120146779661017
0.0859284745762712,-0.10972440677966107
0.0859284745762712,-0.09930203389830514
0.0859284745762712,-0.0888796610169492
0.0859284745762712,-0.07845728813559327
0.0859284745762712,-0.06803491525423734
0.0859284745762712,-0.057612542372881416
0.0859284745762712,-0.047190169491525484
0.0859284745762712,-0.03676779661016956
0.0859284745762712,-0.026345423728813627
0.0859284745762712,-0.015923050847457695
0.0859284745762712,-0.005500677966101765
0.0859284745762712,0.004921694915254165
0.0859284745762712,0.015344067796610095
0.0859284745762712,0.025766440677966025
0.0859284745762712,0.03618881355932196
0.0859284745762712,0.04661118644067792
0.0859284745762712,0.05703355932203385
0.0859284745762712,0.06745593220338977
0.0859284745762712,0.0778783050847457
0.0859284745762712,0.08830067796610164
0.0859284745762712,0.09872305084745757
0.0859284745762712,0.1091454237288135
0.0859284745762712,0.11956779661016943
0.0859284745762712,0.12999016949152536
0.0859284745762712,0.14041254237288128
0.0859284745762712,0.15083491525423723
0.0859284745762712,0.1716796610169491
0.0859284745762712,0.182102033898305
0.0859284745762712,0.19252440677966093
0.0859284745762712,0.20294677966101687
0.0859284745762712,0.2133691525423728
0.0859284745762712,0.22379152542372874
0.0859284745762712,0.23421389830508466
0.0859284745762712,0.2446362711864406
0.0859284745762712,0.25505864406779655
0.0859284745762712,0.26548101694915244
0.0859284745762712,0.2759033898305084
0.0859284745762712,0.28632576271186433
0.0859284745762712,0.2967481355932202
0.0859284745762712,0.30717050847457616
0.0859284745762712,0.3175928813559321
0.0859284745762712,0.32801525423728806
0.0859284745762712,0.33843762711864395
0.0965162711864407,-0.2556376271186441
0.0965162711864407,-0.24521525423728815
0.0965162711864407,-0.23479288135593224
0.0965162711864407,-0.2243705084745763
0.0965162711864407,-0.21394813559322037
0.0965162711864407,-0.20352576271186443
0.0965162711864407,-0.1931033898305085
0.0965162711864407,-0.18268101694915256
0.0965162711864407,-0.17225864406779665
0.0965162711864407,-0.16183627118644073
0.0965162711864407,-0.15141389830508478
0.0965162711864407,-0.14099152542372886
0.0965162711864407,-0.13056915254237292
0.0965162711864407,-0.120146779661017
0.0965162711864407,-0.10972440677966107
0.0965162711864407,-0.09930203389830514
0.0965162711864407,-0.0888796610169492
0.0965162711864407,-0.07845728813559327
0.0965162711864407,-0.06803491525423734
0.0965162711864407,-0.057612542372881416
0.0965162711864407,-0.047190169491525484
0.0965162711864407,-0.03676779661016956
0.0965162711864407,-0.026345423728813627
0.0965162711864407,-0.015923050847457695
0.0965162711864407,-0.005500677966101765
0.0965162711864407,0.004921694915254165
0.0965162711864407,0.015344067796610095
0.0965162711864407,0.025766440677966025
0.0965162711864407,0.03618881355932196
0.0965162711864407,0.04661118644067792
0.0965162711864407,0.05703355932203385
0.0965162711864407,0.06745593220338977
0.0965162711864407,0.0778783050847457
0.0965162711864407,0.08830067796610164
0.0965162711864407,0.09872305084745757
0.0965162711864407,0.1091454237288135
0.0965162711864407,0.11956779661016943
0.0965162711864407,0.12999016949152536
0.0965162711864407,0.14041254237288128
0.0965162711864407,0.16125728813559315
0.0965162711864407,0.1716796610169491
0.0965162711864407,0.182102033898305
0.0965162711864407,0.19252440677966093
0.0965162711864407,0.20294677966101687
0.0965162711864407,0.2133691525423728
0.0965162711864407,0.22379152542372874
0.0965162711864407,0.23421389830508466
0.0965162711864407,0.2446362711864406
0.0965162711864407,0.25505864406779655
0.0965162711864407,0.26548101694915244
0.0965162711864407,0.2759033898305084
0.0965162711864407,0.28632576271186433
0.0965162711864407,0.2967481355932202
0.0965162711864407,0.30717050847457616
0.0965162711864407,0.3175928813559321
0.0965162711864407,0.32801525423728806
0.0965162711864407,0.33843762711864395
0.10710406779661019,-0.2556376271186441
0.10710406779661019,-0.24521525423728815
0.10710406779661019,-0.23479288135593224
0.10710406779661019,-0.2243705084745763
0.10710406779661019,-0.21394813559322037
0.10710406779661019,-0.20352576271186443
0.10710406779661019,-0.1931033898305085
0.10710406779661019,-0.18268101694915256
0.10710406779661019,-0.17225864406779665
0.10710406779661019,-0.16183627118644073
0.10710406779661019,-0.15141389830508478
0.10710406779661019,-0.14099152542372886
0.10710406779661019,-0.13056915254237292
0.10710406779661019,-0.120146779661017
0.10710406779661019,-0.10972440677966107
0.10710406779661019,-0.09930203389830514
0.10710406779661019,-0.0888796610169492
0.10710406779661019,-0.07845728813559327
0.10710406779661019,-0.06803491525423734
0.10710406779661019,-0.057612542372881416
0.10710406779661019,-0.047190169491525484
0.10710406779661019,-0.03676779661016956
0.10710406779661019,-0.026345423728813627
0.10710406779661019,-0.015923050847457695
0.10710406779661019,-0.005500677966101765
0.10710406779661019,0.004921694915254165
0.10710406779661019,0.015344067796610095
0.10710406779661019,0.025766440677966025
0.10710406779661019,0.03618881355932196
0.10710406779661019,0.04661118644067792
0.10710406779661019,0.05703355932203385
0.10710406779661019,0.06745593220338977
0.10710406779661019,0.0778783050847457
0.10710406779661019,0.08830067796610164
0.10710406779661019,0.09872305084745757
0.10710406779661019,0.1091454237288135
0.10710406779661019,0.11956779661016943
0.10710406779661019,0.12999016949152536
0.10710406779661019,0.14041254237288128
0.10710406779661019,0.1716796610169491
0.10710406779661019,0.182102033898305
0.10710406779661019,0.19252440677966093
0.10710406779661019,0.20294677966101687
0.10710406779661019,0.2133691525423728
0.10710406779661019,0.22379152542372874
0.10710406779661019,0.23421389830508466
0.10710406779661019,0.2446362711864406
0.10710406779661019,0.25505864406779655
0.10710406779661019,0.26548101694915244
0.10710406779661019,0.2759033898305084
0.10710406779661019,0.28632576271186433
0.10710406779661019,0.2967481355932202
0.10710406779661019,0.30717050847457616
0.10710406779661019,0.3175928813559321
0.10710406779661019,0.32801525423728806
0.11769186440677967,-0.24521525423728815
0.11769186440677967,-0.23479288135593224
0.11769186440677967,-0.2243705084745763
0.11769186440677967,-0.21394813559322037
0.11769186440677967,-0.20352576271186443
0.11769186440677967,-0.1931033898305085
0.11769186440677967,-0.18268101694915256
0.11769186440677967,-0.17225864406779665
0.11769186440677967,-0.16183627118644073
0.11769186440677967,-0.15141389830508478
0.11769186440677967,-0.14099152542372886
0.11769186440677967,-0.13056915254237292
0.11769186440677967,-0.120146779661017
0.11769186440677967,-0.10972440677966107
0.11769186440677967,-0.09930203389830514
0.11769186440677967,-0.0888796610169492
0.11769186440677967,-0.07845728813559327
0.11769186440677967,-0.06803491525423734
0.11769186440677967,-0.057612542372881416
0.11769186440677967,-0.047190169491525484
0.11769186440677967,-0.03676779661016956
0.11769186440677967,-0.026345423728813627
0.11769186440677967,-0.015923050847457695
0.11769186440677967,-0.005500677966101765
0.11769186440677967,0.004921694915254165
0.11769186440677967,0.015344067796610095
0.11769186440677967,0.025766440677966025
0.11769186440677967,0.03618881355932196
0.11769186440677967,0.04661118644067792
0.11769186440677967,0.05703355932203385
0.11769186440677967,0.06745593220338977
0.11769186440677967,0.0778783050847457
0.11769186440677967,0.08830067796610164
0.11769186440677967,0.09872305084745757
0.11769186440677967,0.1091454237288135
0.11769186440677967,0.11956779661016943
0.11769186440677967,0.12999016949152536
0.11769186440677967,0.14041254237288128
0.11769186440677967,0.15083491525423723
0.11769186440677967,0.1716796610169491
0.11769186440677967,0.182102033898305
0.11769186440677967,0.19252440677966093
0.11769186440677967,0.20294677966101687
0.11769186440677967,0.2133691525423728
0.11769186440677967,0.22379152542372874
0.11769186440677967,0.23421389830508466
0.11769186440677967,0.2446362711864406
0.11769186440677967,0.25505864406779655
0.11769186440677967,0.26548101694915244
0.11769186440677967,0.2759033898305084
0.11769186440677967,0.28632576271186433
0.11769186440677967,0.2967481355932202
0.11769186440677967,0.30717050847457616
0.11769186440677967,0.3175928813559321
0.11769186440677967,0.32801525423728806
0.11769186440677967,0.33843762711864395
0.12827966101694915,-0.24521525423728815
0.12827966101694915,-0.23479288135593224
0.12827966101694915,-0.2243705084745763
0.12827966101694915,-0.21394813559322037
0.12827966101694915,-0.20352576271186443
0.12827966101694915,-0.1931033898305085
0.12827966101694915,-0.18268101694915256
0.12827966101694915,-0.17225864406779665
0.12827966101694915,-0.16183627118644073
0.12827966101694915,-0.15141389830508478
0.12827966101694915,-0.14099152542372886
0.12827966101694915,-0.13056915254237292
0.12827966101694915,-0.120146779661017
0.12827966101694915,-0.10972440677966107
0.12827966101694915,-0.09930203389830514
0.12827966101694915,-0.0888796610169492
0.12827966101694915,-0.07845728813559327
0.12827966101694915,-0.06803491525423734
0.12827966101694915,-0.057612542372881416
0.12827966101694915,-0.047190169491525484
0.12827966101694915,-0.03676779661016956
0.12827966101694915,-0.026345423728813627
0.12827966101694915,-0.015923050847457695
0.12827966101694915,-0.005500677966101765
0.12827966101694915,0.004921694915254165
0.12827966101694915,0.015344067796610095
0.12827966101694915,0.025766440677966025
0.12827966101694915,0.03618881355932196
0.12827966101694915,0.04661118644067792
0.12827966101694915,0.05703355932203385
0.12827966101694915,0.06745593220338977
0.12827966101694915,0.0778783050847457
0.12827966101694915,0.08830067796610164
0.12827966101694915,0.09872305084745757
0.12827966101694915,0.1091454237288135
0.12827966101694915,0.11956779661016943
0.12827966101694915,0.12999016949152536
0.12827966101694915,0.14041254237288128
0.12827966101694915,0.15083491525423723
0.12827966101694915,0.16125728813559315
0.12827966101694915,0.1716796610169491
0.12827966101694915,0.182102033898305
0.12827966101694915,0.19252440677966093
0.12827966101694915,0.20294677966101687
0.12827966101694915,0.2133691525423728
0.12827966101694915,0.22379152542372874
0.12827966101694915,0.23421389830508466
0.12827966101694915,0.2446362711864406
0.12827966101694915,0.25505864406779655
0.12827966101694915,0.26548101694915244
0.12827966101694915,0.2759033898305084
0.12827966101694915,0.28632576271186433
0.12827966101694915,0.2967481355932202
0.12827966101694915,0.30717050847457616
0.12827966101694915,0.3175928813559321
0.12827966101694915,0.32801525423728806
0.12827966101694915,0.33843762711864395
0.13886745762711866,-0.24521525423728815
0.13886745762711866,-0.23479288135593224
0.13886745762711866,-0.2243705084745763
0.13886745762711866,-0.21394813559322037
0.13886745762711866,-0.20352576271186443
0.13886745762711866,-0.1931033898305085
0.13886745762711866,-0.18268101694915256
0.13886745762711866,-0.17225864406779665
0.13886745762711866,-0.16183627118644073
0.13886745762711866,-0.15141389830508478
0.13886745762711866,-0.14099152542372886
0.13886745762711866,-0.13056915254237292
0.13886745762711866,-0.120146779661017
0.13886745762711866,-0.10972440677966107
0.13886745762711866,-0.09930203389830514
0.13886745762711866,-0.0888796610169492
0.13886745762711866,-0.07845728813559327
0.13886745762711866,-0.06803491525423734
0.13886745762711866,-0.057612542372881416
0.13886745762711866,-0.047190169491525484
0.13886745762711866,-0.03676779661016956
0.13886745762711866,-0.026345423728813627
0.13886745762711866,-0.015923050847457695
0.13886745762711866,-0.005500677966101765
0.13886745762711866,0.004921694915254165
0.13886745762711866,0.015344067796610095
0.13886745762711866,0.025766440677966025
0.13886745762711866,0.03618881355932196
0.13886745762711866,0.04661118644067792
0.13886745762711866,0.05703355932203385
0.13886745762711866,0.06745593220338977
0.13886745762711866,0.0778783050847457
0.13886745762711866,0.08830067796610164
0.13886745762711866,0.09872305084745757
0.13886745762711866,0.1091454237288135
0.13886745762711866,0.11956779661016943
0.13886745762711866,0.12999016949152536
0.13886745762711866,0.14041254237288128
0.13886745762711866,0.15083491525423723
0.13886745762711866,0.16125728813559315
0.13886745762711866,0.1716796610169491
0.13886745762711866,0.182102033898305
0.13886745762711866,0.19252440677966093
0.13886745762711866,0.20294677966101687
0.13886745762711866,0.2133691525423728
0.13886745762711866,0.22379152542372874
0.13886745762711866,0.23421389830508466
0.13886745762711866,0.2446362711864406
0.13886745762711866,0.25505864406779655
0.13886745762711866,0.26548101694915244
0.13886745762711866,0.2759033898305084
0.13886745762711866,0.28632576271186433
0.13886745762711866,0.2967481355932202
0.13886745762711866,0.30717050847457616
0.13886745762711866,0.3175928813559321
0.13886745762711866,0.32801525423728806
0.13886745762711866,0.3488599999999999
0.14945525423728814,-0.23479288135593224
0.14945525423728814,-0.2243705084745763
0.14945525423728814,-0.21394813559322037
0.14945525423728814,-0.20352576271186443
0.14945525423728814,-0.1931033898305085
0.14945525423728814,-0.18268101694915256
0.14945525423728814,-0.17225864406779665
0.14945525423728814,-0.16183627118644073
0.14945525423728814,-0.15141389830508478
0.14945525423728814,-0.14099152542372886
0.14945525423728814,-0.13056915254237292
0.14945525423728814,-0.120146779661017
0.14945525423728814,-0.10972440677966107
0.14945525423728814,-0.09930203389830514
0.14945525423728814,-0.0888796610169492
0.14945525423728814,-0.07845728813559327
0.14945525423728814,-0.06803491525423734
0.14945525423728814,-0.057612542372881416
0.14945525423728814,-0.047190169491525484
0.14945525423728814,-0.03676779661016956
0.14945525423728814,-0.026345423728813627
0.14945525423728814,-0.015923050847457695
0.14945525423728814,-0.005500677966101765
0.14945525423728814,0.004921694915254165
0.14945525423728814,0.015344067796610095
0.14945525423728814,0.025766440677966025
0.14945525423728814,0.03618881355932196
0.14945525423728814,0.04661118644067792
0.14945525423728814,0.05703355932203385
0.14945525423728814,0.06745593220338977
0.14945525423728814,0.0778783050847457
0.14945525423728814,0.08830067796610164
0.14945525423728814,0.09872305084745757
0.14945525423728814,0.1091454237288135
0.14945525423728814,0.11956779661016943
0.14945525423728814,0.12999016949152536
0.14945525423728814,0.14041254237288128
0.14945525423728814,0.15083491525423723
0.14945525423728814,0.16125728813559315
0.14945525423728814,0.1716796610169491
0.14945525423728814,0.182102033898305
0.14945525423728814,0.19252440677966093
0.14945525423728814,0.20294677966101687
0.14945525423728814,0.2133691525423728
0.14945525423728814,0.22379152542372874
0.14945525423728814,0.23421389830508466
0.14945525423728814,0.2446362711864406
0.14945525423728814,0.25505864406779655
0.14945525423728814,0.26548101694915244
0.14945525423728814,0.2759033898305084
0.14945525423728814,0.28632576271186433
0.14945525423728814,0.2967481355932202
0.14945525423728814,0.30717050847457616
0.14945525423728814,0.3175928813559321
0.16004305084745762,-0.2243705084745763
0.16004305084745762,-0.21394813559322037
0.16004305084745762,-0.20352576271186443
0.16004305084745762,-0.1931033898305085
0.16004305084745762,-0.18268101694915256
0.16004305084745762,-0.17225864406779665
0.16004305084745762,-0.16183627118644073
0.16004305084745762,-0.15141389830508478
0.16004305084745762,-0.14099152542372886
0.16004305084745762,-0.13056915254237292
0.16004305084745762,-0.120146779661017
0.16004305084745762,-0.10972440677966107
0.16004305084745762,-0.09930203389830514
0.16004305084745762,-0.0888796610169492
0.16004305084745762,-0.07845728813559327
0.16004305084745762,-0.06803491525423734
0.16004305084745762,-0.057612542372881416
0.16004305084745762,-0.047190169491525484
0.16004305084745762,-0.03676779661016956
0.16004305084745762,-0.026345423728813627
0.16004305084745762,-0.015923050847457695
0.16004305084745762,-0.005500677966101765
0.16004305084745762,0.004921694915254165
0.16004305084745762,0.015344067796610095
0.16004305084745762,0.025766440677966025
0.16004305084745762,0.03618881355932196
0.16004305084745762,0.04661118644067792
0.16004305084745762,0.05703355932203385
0.16004305084745762,0.06745593220338977
0.16004305084745762,0.0778783050847457
0.16004305084745762,0.08830067796610164
0.16004305084745762,0.09872305084745757
0.16004305084745762,0.1091454237288135
0.16004305084745762,0.11956779661016943
0.16004305084745762,0.12999016949152536
0.16004305084745762,0.14041254237288128
0.16004305084745762,0.15083491525423723
0.16004305084745762,0.16125728813559315
0.16004305084745762,0.1716796610169491
0.16004305084745762,0.182102033898305
0.16004305084745762,0.19252440677966093
0.16004305084745762,0.20294677966101687
0.16004305084745762,0.2133691525423728
0.16004305084745762,0.22379152542372874
0.16004305084745762,0.23421389830508466
0.16004305084745762,0.2446362711864406
0.16004305084745762,0.25505864406779655
0.16004305084745762,0.26548101694915244
0.16004305084745762,0.2759033898305084
0.16004305084745762,0.28632576271186433
0.16004305084745762,0.2967481355932202
0.16004305084745762,0.30717050847457616
0.17063084745762713,-0.20352576271186443
0.17063084745762713,-0.1931033898305085
0.17063084745762713,-0.18268101694915256
0.17063084745762713,-0.17225864406779665
0.17063084745762713,-0.16183627118644073
0.17063084745762713,-0.15141389830508478
0.17063084745762713,-0.14099152542372886
0.17063084745762713,-0.13056915254237292
0.17063084745762713,-0.120146779661017
0.17063084745762713,-0.10972440677966107
0.17063084745762713,-0.09930203389830514
0.17063084745762713,-0.0888796610169492
0.17063084745762713,-0.07845728813559327
0.17063084745762713,-0.06803491525423734
0.17063084745762713,-0.057612542372881416
0.17063084745762713,-0.047190169491525484
0.17063084745762713,-0.03676779661016956
0.17063084745762713,-0.026345423728813627
0.17063084745762713,-0.015923050847457695
0.17063084745762713,-0.005500677966101765
0.17063084745762713,0.004921694915254165
0.17063084745762713,0.015344067796610095
0.17063084745762713,0.025766440677966025
0.17063084745762713,0.03618881355932196
0.17063084745762713,0.04661118644067792
0.17063084745762713,0.05703355932203385
0.17063084745762713,0.06745593220338977
0.17063084745762713,0.0778783050847457
0.17063084745762713,0.08830067796610164
0.17063084745762713,0.09872305084745757
0.17063084745762713,0.1091454237288135
0.17063084745762713,0.11956779661016943
0.17063084745762713,0.12999016949152536
0.17063084745762713,0.14041254237288128
0.17063084745762713,0.15083491525423723
0.17063084745762713,0.16125728813559315
0.17063084745762713,0.1716796610169491
0.17063084745762713,0.182102033898305
0.17063084745762713,0.19252440677966093
0.17063084745762713,0.20294677966101687
0.17063084745762713,0.2133691525423728
0.17063084745762713,0.22379152542372874
0.17063084745762713,0.23421389830508466
0.17063084745762713,0.2446362711864406
0.17063084745762713,0.25505864406779655
0.17063084745762713,0.26548101694915244
0.17063084745762713,0.2759033898305084
0.17063084745762713,0.28632576271186433
0.17063084745762713,0.2967481355932202
0.17063084745762713,0.30717050847457616
0.1812186440677966,-0.18268101694915256
0.1812186440677966,-0.17225864406779665
0.1812186440677966,-0.16183627118644073
0.1812186440677966,-0.15141389830508478
0.1812186440677966,-0.14099152542372886
0.1812186440677966,-0.13056915254237292
0.1812186440677966,-0.120146779661017
0.1812186440677966,-0.10972440677966107
0.1812186440677966,-0.09930203389830514
0.1812186440677966,-0.0888796610169492
0.1812186440677966,-0.07845728813559327
0.1812186440677966,-0.06803491525423734
0.1812186440677966,-0.057612542372881416
0.1812186440677966,-0.047190169491525484
0.1812186440677966,-0.03676779661016956
0.1812186440677966,-0.026345423728813627
0.1812186440677966,-0.015923050847457695
0.1812186440677966,-0.005500677966101765
0.1812186440677966,0.004921694915254165
0.1812186440677966,0.015344067796610095
0.1812186440677966,0.025766440677966025
0.1812186440677966,0.03618881355932196
0.1812186440677966,0.04661118644067792
0.1812186440677966,0.05703355932203385
0.1812186440677966,0.06745593220338977
0.1812186440677966,0.0778783050847457
0.1812186440677966,0.08830067796610164
0.1812186440677966,0.09872305084745757
0.1812186440677966,0.1091454237288135
0.1812186440677966,0.11956779661016943
0.1812186440677966,0.12999016949152536
0.1812186440677966,0.14041254237288128
0.1812186440677966,0.15083491525423723
0.1812186440677966,0.16125728813559315
0.1812186440677966,0.1716796610169491
0.1812186440677966,0.182102033898305
0.1812186440677966,0.19252440677966093
0.1812186440677966,0.20294677966101687
0.1812186440677966,0.2133691525423728
0.1812186440677966,0.22379152542372874
0.1812186440677966,0.23421389830508466
0.1812186440677966,0.2446362711864406
0.1812186440677966,0.25505864406779655
0.1812186440677966,0.26548101694915244
0.1812186440677966,0.2759033898305084
0.1812186440677966,0.28632576271186433
0.1918064406779661,-0.16183627118644073
0.1918064406779661,-0.15141389830508478
0.1918064406779661,-0.14099152542372886
0.1918064406779661,-0.13056915254237292
0.1918064406779661,-0.120146779661017
0.1918064406779661,-0.10972440677966107
0.1918064406779661,-0.09930203389830514
0.1918064406779661,-0.0888796610169492
0.1918064406779661,-0.07845728813559327
0.1918064406779661,-0.06803491525423734
0.1918064406779661,-0.057612542372881416
0.1918064406779661,-0.047190169491525484
0.1918064406779661,-0.03676779661016956
0.1918064406779661,-0.026345423728813627
0.1918064406779661,-0.015923050847457695
0.1918064406779661,-0.005500677966101765
0.1918064406779661,0.004921694915254165
0.1918064406779661,0.015344067796610095
0.1918064406779661,0.025766440677966025
0.1918064406779661,0.03618881355932196
0.1918064406779661,0.04661118644067792
0.1918064406779661,0.05703355932203385
0.1918064406779661,0.06745593220338977
0.1918064406779661,0.0778783050847457
0.1918064406779661,0.08830067796610164
0.1918064406779661,0.09872305084745757
0.1918064406779661,0.1091454237288135
0.1918064406779661,0.11956779661016943
0.1918064406779661,0.12999016949152536
0.1918064406779661,0.14041254237288128
0.1918064406779661,0.15083491525423723
0.1918064406779661,0.16125728813559315
0.1918064406779661,0.1716796610169491
0.1918064406779661,0.182102033898305
0.1918064406779661,0.19252440677966093
0.1918064406779661,0.20294677966101687
0.1918064406779661,0.2133691525423728
0.1918064406779661,0.22379152542372874
0.1918064406779661,0.23421389830508466
0.1918064406779661,0.2446362711864406
0.1918064406779661,0.25505864406779655
0.1918064406779661,0.26548101694915244
0.1918064406779661,0.2759033898305084
0.1918064406779661,0.28632576271186433
0.1918064406779661,0.2967481355932202
0.2023942372881356,-0.14099152542372886
0.2023942372881356,-0.120146779661017
0.2023942372881356,-0.10972440677966107
0.2023942372881356,-0.09930203389830514
0.2023942372881356,-0.0888796610169492
0.2023942372881356,-0.07845728813559327
0.2023942372881356,-0.06803491525423734
0.2023942372881356,-0.057612542372881416
0.2023942372881356,-0.047190169491525484
0.2023942372881356,-0.03676779661016956
0.2023942372881356,-0.026345423728813627
0.2023942372881356,-0.015923050847457695
0.2023942372881356,-0.005500677966101765
0.2023942372881356,0.004921694915254165
0.2023942372881356,0.015344067796610095
0.2023942372881356,0.025766440677966025
0.2023942372881356,0.03618881355932196
0.2023942372881356,0.04661118644067792
0.2023942372881356,0.05703355932203385
0.2023942372881356,0.06745593220338977
0.2023942372881356,0.0778783050847457
0.2023942372881356,0.08830067796610164
0.2023942372881356,0.09872305084745757
0.2023942372881356,0.1091454237288135
0.2023942372881356,0.11956779661016943
0.2023942372881356,0.12999016949152536
0.2023942372881356,0.14041254237288128
0.2023942372881356,0.15083491525423723
0.2023942372881356,0.16125728813559315
0.2023942372881356,0.1716796610169491
0.2023942372881356,0.182102033898305
0.2023942372881356,0.19252440677966093
0.2023942372881356,0.20294677966101687
0.2023942372881356,0.2133691525423728
0.2023942372881356,0.22379152542372874
0.2023942372881356,0.23421389830508466
0.2023942372881356,0.26548101694915244
0.2023942372881356,0.2759033898305084
0.2023942372881356,0.28632576271186433
0.21298203389830508,-0.120146779661017
0.21298203389830508,-0.10972440677966107
0.21298203389830508,-0.09930203389830514
0.21298203389830508,-0.0888796610169492
0.21298203389830508,-0.07845728813559327
0.21298203389830508,-0.06803491525423734
0.21298203389830508,-0.057612542372881416
0.21298203389830508,-0.047190169491525484
0.21298203389830508,-0.03676779661016956
0.21298203389830508,-0.026345423728813627
0.21298203389830508,-0.015923050847457695
0.21298203389830508,-0.005500677966101765
0.21298203389830508,0.004921694915254165
0.21298203389830508,0.015344067796610095
0.21298203389830508,0.025766440677966025
0.21298203389830508,0.03618881355932196
0.21298203389830508,0.04661118644067792
0.21298203389830508,0.05703355932203385
0.21298203389830508,0.06745593220338977
0.21298203389830508,0.0778783050847457
0.21298203389830508,0.08830067796610164
0.21298203389830508,0.09872305084745757
0.21298203389830508,0.1091454237288135
0.21298203389830508,0.11956779661016943
0.21298203389830508,0.12999016949152536
0.21298203389830508,0.14041254237288128
0.21298203389830508,0.15083491525423723
0.21298203389830508,0.16125728813559315
0.21298203389830508,0.1716796610169491
0.21298203389830508,0.182102033898305
0.21298203389830508,0.19252440677966093
0.21298203389830508,0.20294677966101687
0.21298203389830508,0.2133691525423728
0.21298203389830508,0.22379152542372874
0.21298203389830508,0.25505864406779655
0.21298203389830508,0.26548101694915244
0.22356983050847457,-0.0888796610169492
0.22356983050847457,-0.07845728813559327
0.22356983050847457,-0.06803491525423734
0.22356983050847457,-0.057612542372881416
0.22356983050847457,-0.047190169491525484
0.22356983050847457,-0.03676779661016956
0.22356983050847457,-0.026345423728813627
0.22356983050847457,-0.015923050847457695
0.22356983050847457,-0.005500677966101765
0.22356983050847457,0.004921694915254165
0.22356983050847457,0.015344067796610095
0.22356983050847457,0.025766440677966025
0.22356983050847457,0.03618881355932196
0.22356983050847457,0.04661118644067792
0.22356983050847457,0.05703355932203385
0.22356983050847457,0.06745593220338977
0.22356983050847457,0.0778783050847457
0.22356983050847457,0.08830067796610164
0.22356983050847457,0.09872305084745757
0.22356983050847457,0.1091454237288135
0.22356983050847457,0.11956779661016943
0.22356983050847457,0.12999016949152536
0.22356983050847457,0.14041254237288128
0.22356983050847457,0.15083491525423723
0.22356983050847457,0.16125728813559315
0.22356983050847457,0.1716796610169491
0.22356983050847457,0.182102033898305
0.22356983050847457,0.19252440677966093
0.22356983050847457,0.20294677966101687
0.22356983050847457,0.2133691525423728
0.22356983050847457,0.22379152542372874
0.22356983050847457,0.2446362711864406
0.23415762711864407,-0.06803491525423734
0.23415762711864407,-0.057612542372881416
0.23415762711864407,-0.047190169491525484
0.23415762711864407,-0.03676779661016956
0.23415762711864407,-0.026345423728813627
0.23415762711864407,-0.015923050847457695
0.23415762711864407,-0.005500677966101765
0.23415762711864407,0.004921694915254165
0.23415762711864407,0.015344067796610095
0.23415762711864407,0.025766440677966025
0.23415762711864407,0.03618881355932196
0.23415762711864407,0.04661118644067792
0.23415762711864407,0.05703355932203385
0.23415762711864407,0.06745593220338977
0.23415762711864407,0.0778783050847457
0.23415762711864407,0.08830067796610164
0.23415762711864407,0.09872305084745757
0.23415762711864407,0.1091454237288135
0.23415762711864407,0.11956779661016943
0.23415762711864407,0.12999016949152536
0.23415762711864407,0.14041254237288128
0.23415762711864407,0.15083491525423723
0.23415762711864407,0.16125728813559315
0.23415762711864407,0.1716796610169491
0.23415762711864407,0.182102033898305
0.23415762711864407,0.19252440677966093
0.23415762711864407,0.20294677966101687
0.23415762711864407,0.2133691525423728
0.23415762711864407,0.22379152542372874
0.24474542372881355,-0.057612542372881416
0.24474542372881355,-0.047190169491525484
0.24474542372881355,-0.03676779661016956
0.24474542372881355,-0.026345423728813627
0.24474542372881355,-0.015923050847457695
0.24474542372881355,-0.005500677966101765
0.24474542372881355,0.004921694915254165
0.24474542372881355,0.015344067796610095
0.24474542372881355,0.025766440677966025
0.24474542372881355,0.03618881355932196
0.24474542372881355,0.04661118644067792
0.24474542372881355,0.05703355932203385
0.24474542372881355,0.06745593220338977
0.24474542372881355,0.0778783050847457
0.24474542372881355,0.08830067796610164
0.24474542372881355,0.09872305084745757
0.24474542372881355,0.1091454237288135
0.24474542372881355,0.11956779661016943
0.24474542372881355,0.12999016949152536
0.24474542372881355,0.14041254237288128
0.24474542372881355,0.15083491525423723
0.24474542372881355,0.16125728813559315
0.24474542372881355,0.1716796610169491
0.24474542372881355,0.182102033898305
0.24474542372881355,0.19252440677966093
0.24474542372881355,0.20294677966101687
0.24474542372881355,0.2133691525423728
0.25533322033898304,-0.03676779661016956
0.25533322033898304,-0.026345423728813627
0.25533322033898304,-0.015923050847457695
0.25533322033898304,-0.005500677966101765
0.25533322033898304,0.004921694915254165
0.25533322033898304,0.015344067796610095
0.25533322033898304,0.025766440677966025
0.25533322033898304,0.03618881355932196
0.25533322033898304,0.04661118644067792
0.25533322033898304,0.05703355932203385
0.25533322033898304,0.06745593220338977
0.25533322033898304,0.0778783050847457
0.25533322033898304,0.08830067796610164
0.25533322033898304,0.09872305084745757
0.25533322033898304,0.1091454237288135
0.25533322033898304,0.11956779661016943
0.25533322033898304,0.12999016949152536
0.25533322033898304,0.14041254237288128
0.25533322033898304,0.15083491525423723
0.25533322033898304,0.16125728813559315
0.25533322033898304,0.1716796610169491
0.25533322033898304,0.182102033898305
0.25533322033898304,0.19252440677966093
0.25533322033898304,0.20294677966101687
0.26592101694915254,-0.015923050847457695
0.26592101694915254,-0.005500677966101765
0.26592101694915254,0.004921694915254165
0.26592101694915254,0.015344067796610095
0.26592101694915254,0.025766440677966025
0.26592101694915254,0.03618881355932196
0.26592101694915254,0.04661118644067792
0.26592101694915254,0.05703355932203385
0.26592101694915254,0.06745593220338977
0.26592101694915254,0.0778783050847457
0.26592101694915254,0.08830067796610164
0.26592101694915254,0.09872305084745757
0.26592101694915254,0.1091454237288135
0.26592101694915254,0.11956779661016943
0.26592101694915254,0.12999016949152536
0.26592101694915254,0.14041254237288128
0.26592101694915254,0.15083491525423723
0.26592101694915254,0.16125728813559315
0.26592101694915254,0.1716796610169491
0.26592101694915254,0.182102033898305
0.26592101694915254,0.19252440677966093
0.276508813559322,-0.015923050847457695
0.276508813559322,-0.005500677966101765
0.276508813559322,0.004921694915254165
0.276508813559322,0.015344067796610095
0.276508813559322,0.025766440677966025
0.276508813559322,0.03618881355932196
0.276508813559322,0.04661118644067792
0.276508813559322,0.06745593220338977
0.276508813559322,0.0778783050847457
0.276508813559322,0.08830067796610164
0.276508813559322,0.09872305084745757
0.276508813559322,0.1091454237288135
0.276508813559322,0.11956779661016943
0.276508813559322,0.12999016949152536
0.276508813559322,0.14041254237288128
0.276508813559322,0.15083491525423723
0.276508813559322,0.16125728813559315
0.276508813559322,0.1716796610169491
0.31886,0.0778783050847457
